﻿<?xml version="1.0" encoding="utf-8" ?>
<Defs> 
<ThingDef Name="RRY_BaseNeomorphPawn" Abstract="True">
    <thingClass>Pawn</thingClass>
    <category>Pawn</category>
    <selectable>true</selectable>
    <tickerType>Normal</tickerType>
    <altitudeLayer>Pawn</altitudeLayer>
    <useHitPoints>false</useHitPoints>
	
    <hasTooltip>true</hasTooltip>
    <soundImpactDefault>BulletImpact_Flesh</soundImpactDefault>
    <inspectorTabs>
        <li>ITab_Pawn_Health</li>
        <li>ITab_Pawn_Log</li>
        <li>ITab_Pawn_Needs</li>
		<!--
        <li>ITab_Pawn_Training</li>
        <li>ITab_Pawn_Character</li>
		-->
    </inspectorTabs>
    <comps>
        <li>
            <compClass>CompAttachBase</compClass>
        </li>
		<!--
		<li Class="RRYautja.CompProperties_Yautja">
			<bloodedDefs>
			<li>HMS_Hediff_BloodedM</li>
			</bloodedDefs>
		</li> 
		-->
    </comps>
    <drawGUIOverlay>true</drawGUIOverlay>
    <alwaysFlee>true</alwaysFlee>
</ThingDef>

  <ThingDef ParentName="RRY_BaseNeomorphPawn" Name="RRY_BaseNeomorph" Abstract="True">
    <soundImpactDefault>BulletImpact_Flesh</soundImpactDefault>
    <statBases>
      <Mass>70</Mass>
      <PainShockThreshold>0.9999</PainShockThreshold>
      <MeleeDodgeChance>1.5</MeleeDodgeChance>
      <MeleeHitChance>1.5</MeleeHitChance>
      <MiningSpeed>1.5</MiningSpeed>
      <ImmunityGainSpeed>2.25</ImmunityGainSpeed>
      <PsychicSensitivity>0</PsychicSensitivity>
      <ToxicSensitivity>0</ToxicSensitivity>
      <Flammability>0.5</Flammability>
      <ComfyTemperatureMin>-30</ComfyTemperatureMin>
      <ComfyTemperatureMax>150</ComfyTemperatureMax>
      <MeatAmount>15</MeatAmount>
      <LeatherAmount>15</LeatherAmount>
      <ArmorRating_Heat>0.75</ArmorRating_Heat>
    </statBases>
    <race>
      <!-- <deathActionWorkerClass>RRYautja.DeathActionWorker_Xenomorph</deathActionWorkerClass> -->
      <intelligence>ToolUser</intelligence>
      <trainability>Intermediate</trainability>
      <thinkTreeMain>RRY_Neomorph_ThinkTree</thinkTreeMain>
      <thinkTreeConstant>NeomorphConstant</thinkTreeConstant>
      <fleshType>RRY_Neomorph</fleshType>
      <bloodDef>RRY_FilthBloodNeomorph</bloodDef>	
      <leatherDef>RRY_Leather_Xenomorph</leatherDef>
      <needsRest>true</needsRest>
      <hasGenders>false</hasGenders>
      <herdAnimal>true</herdAnimal>
      <predator>true</predator>
      <maxPreyBodySize>5.0</maxPreyBodySize>
      <baseBodySize>1.5</baseBodySize>
      <baseHungerRate>0.35</baseHungerRate>
      <baseHealthScale>1.5</baseHealthScale>
      <foodType>Corpse, CarnivoreAnimalStrict</foodType>
      <lifeExpectancy>30</lifeExpectancy>
      <manhunterOnTameFailChance>1</manhunterOnTameFailChance>
      <manhunterOnDamageChance>1</manhunterOnDamageChance>
      <hediffGiverSets>
        <li>RRY_Xenomorph_Standard</li>
      </hediffGiverSets>
    </race>
  </ThingDef>

  <PawnKindDef Name="RRY_BaseNeomorphKind" Abstract="True">
	<!--
    <defaultFactionType>RRY_Xenomorph</defaultFactionType>
	-->
    <aiAvoidCover>true</aiAvoidCover>
  </PawnKindDef>

 <!-- Walker (Neomorph) base -->
  <ThingDef ParentName="RRY_BaseNeomorph" Name="BaseNeomorphWalker" Abstract="True">
    <race>
      <baseBodySize>1.2</baseBodySize>
      <lifeStageAges>
        <li>
          <def>RRY_NeomorphBloodBursterBaby</def>
          <minAge>0</minAge>
          <soundWounded>RRY_Pawn_Xenomorph_Normal_Wounded</soundWounded>
          <soundDeath>RRY_Pawn_Xenomorph_Normal_Death</soundDeath>
          <soundCall>RRY_Pawn_Xenomorph_Normal_Call</soundCall>
        </li>
        <li>
          <def>RRY_NeomorphBloodBursterBig</def>
          <minAge>0.0041666666666666</minAge>
          <soundWounded>RRY_Pawn_Xenomorph_Normal_Wounded</soundWounded>
          <soundDeath>RRY_Pawn_Xenomorph_Normal_Death</soundDeath>
          <soundCall>RRY_Pawn_Xenomorph_Normal_Call</soundCall>
        </li>
        <li>
          <def>RRY_NeomorphFormedBaby</def>
          <minAge>0.0083333333333332</minAge>
          <soundWounded>RRY_Pawn_Xenomorph_Normal_Wounded</soundWounded>
          <soundDeath>RRY_Pawn_Xenomorph_Normal_Death</soundDeath>
          <soundCall>RRY_Pawn_Xenomorph_Normal_Call</soundCall>
        </li>
        <li>
          <def>RRY_NeomorphFormedMid</def>
          <minAge>0.0124999999999998</minAge>
          <soundWounded>RRY_Pawn_Xenomorph_Normal_Wounded</soundWounded>
          <soundDeath>RRY_Pawn_Xenomorph_Normal_Death</soundDeath>
          <soundCall>RRY_Pawn_Xenomorph_Normal_Call</soundCall>
        </li>
        <li>
          <def>RRY_NeomorphFullyFormed</def>
          <minAge>0.0166666666666667</minAge>
          <soundWounded>RRY_Pawn_Xenomorph_Normal_Wounded</soundWounded>
          <soundDeath>RRY_Pawn_Xenomorph_Normal_Death</soundDeath>
          <soundCall>RRY_Pawn_Xenomorph_Normal_Call</soundCall>
        </li>
      </lifeStageAges>
      <soundCallIntervalRange>
        <min>1000</min>
        <max>2000</max>
      </soundCallIntervalRange>
    </race>
    <comps> 
      <li>
        <compClass>RRYautja.Comp_Neomorph</compClass>
      </li>
    </comps>
  </ThingDef>

  <!-- Neomorph - Basic -->
  <ThingDef ParentName="BaseNeomorphWalker">
    <defName>RRY_Xenomorph_Neomorph</defName>
    <label>Neomorph</label>
    <description>Neomorphs are the result of the local ecosystem by the black liquid. Specifically, the liquid caused small, black, spherical, fungus-like egg sacks to form on the ground. When disturbed, these egg sacks would release a cloud of microscopic insect-like spores (motes) into the air that would then enter a host organism through any open orifice — such as the nostrils or ear canal. Once a host is infected with the airborne contagion, the spores would enter the bloodstream and proceed to cause a Bloodburster to grow inside of them until they violently puncture the skin and claw their way out of the host's body. This process is notably similar to the Xenomorph Chestburster, although the exact point of emergence varies depending on how the host was infected. As with Xenomorphs, the appearance and characteristics of the Neomorph depend on what sort of animal it was spawned from.</description>
    <statBases>
      <MoveSpeed>5.9</MoveSpeed>
      <ArmorRating_Blunt>0.20</ArmorRating_Blunt>
      <ArmorRating_Sharp>0.40</ArmorRating_Sharp>
      <MeatAmount>30</MeatAmount>
      <LeatherAmount>30</LeatherAmount>
    </statBases>
    <tools>
      <li>
        <label>left claw</label>
        <capacities>
          <li>Blunt</li>
          <li>Cut</li>
        </capacities>
        <power>8.2</power>
        <cooldownTime>2</cooldownTime>
        <linkedBodyPartsGroup>RRY_Xeno_LeftHand</linkedBodyPartsGroup>
        <surpriseAttack>
          <extraMeleeDamages>
            <li>
              <def>Stun</def>
              <amount>14</amount>
            </li>
          </extraMeleeDamages>
        </surpriseAttack>
      </li>
      <li>
        <label>right claw</label>
        <capacities>
          <li>Blunt</li>
          <li>Cut</li>
        </capacities>
        <power>8.2</power>
        <cooldownTime>2</cooldownTime>
        <linkedBodyPartsGroup>RRY_Xeno_RightHand</linkedBodyPartsGroup>
        <surpriseAttack>
          <extraMeleeDamages>
            <li>
              <def>Stun</def>
              <amount>14</amount>
            </li>
          </extraMeleeDamages>
        </surpriseAttack>
      </li>
      <li>
        <label>teeth</label>
        <capacities>
          <li>Bite</li>
        </capacities>
        <power>8.2</power>
        <cooldownTime>2</cooldownTime>
        <linkedBodyPartsGroup>Teeth</linkedBodyPartsGroup>
        <chanceFactor>0.07</chanceFactor>
      </li>
      <li>
        <label>head</label>
        <capacities>
          <li>Blunt</li>
        </capacities>
        <power>5</power>
        <cooldownTime>2</cooldownTime>
        <linkedBodyPartsGroup>HeadAttackTool</linkedBodyPartsGroup>
        <ensureLinkedBodyPartsGroupAlwaysUsable>true</ensureLinkedBodyPartsGroupAlwaysUsable>
        <chanceFactor>0.2</chanceFactor>
      </li>
      <li>
        <label>tail</label>
        <capacities>
          <li>Blunt</li>
          <li>RRY_TailWhip</li>
        </capacities>
        <power>5</power>
        <cooldownTime>2</cooldownTime>
        <linkedBodyPartsGroup>RRY_Xeno_Tail_AttackTool</linkedBodyPartsGroup>
        <chanceFactor>0.2</chanceFactor>
      </li>
    </tools>
    <race>
      <body>RRY_Xenomorph_Neomorph</body>
      <baseHealthScale>1.72</baseHealthScale>
      <soundMeleeHitPawn>Pawn_Melee_Punch_HitPawn</soundMeleeHitPawn>
      <soundMeleeHitBuilding>Pawn_Melee_Punch_HitBuilding</soundMeleeHitBuilding>
      <soundMeleeMiss>Pawn_Melee_Punch_Miss</soundMeleeMiss>
    </race>
  </ThingDef>

  <PawnKindDef ParentName="RRY_BaseNeomorphKind">
    <defName>RRY_Xenomorph_Neomorph</defName>
    <label>Neomorph</label>
    <race>RRY_Xenomorph_Neomorph</race>
    <combatPower>140</combatPower>
    <lifeStages>
      <li>
        <bodyGraphicData>
          <texPath>Things/Pawn/Xenomorph/Xenomorph_Neomorph</texPath>
          <graphicClass>Graphic_Multi</graphicClass>
          <drawSize>0.5</drawSize>
          <shadowData>
            <volume><!--(0.6, 0.8, 0.6)-->((0.1, 0.1, 0.1)</volume>
          </shadowData>
          <shaderType>CutoutComplex</shaderType>
        </bodyGraphicData>
      </li>
      <li>
        <bodyGraphicData>
          <texPath>Things/Pawn/Xenomorph/Xenomorph_Neomorph</texPath>
          <graphicClass>Graphic_Multi</graphicClass>
          <color>(180,180,180)</color>
          <drawSize>0.75</drawSize>
          <shadowData>
            <volume><!--(0.6, 0.8, 0.6)-->(0.2, 0.2, 0.2)</volume>
          </shadowData>
        </bodyGraphicData>
      </li>
      <li>
        <bodyGraphicData>
          <texPath>Things/Pawn/Xenomorph/Xenomorph_Neomorph</texPath>
          <graphicClass>Graphic_Multi</graphicClass>
          <color>(180,180,180)</color>
          <drawSize>1.0</drawSize>
          <shadowData>
            <volume><!--(0.6, 0.8, 0.6)-->(0.3, 0.3, 0.3)</volume>
          </shadowData>
        </bodyGraphicData>
      </li>
      <li>
        <bodyGraphicData>
          <texPath>Things/Pawn/Xenomorph/Xenomorph_Neomorph</texPath>
          <graphicClass>Graphic_Multi</graphicClass>
          <color>(180,180,180)</color>
          <drawSize>1.25</drawSize>
          <shadowData>
            <volume>(0.4, 0.4, 0.4)</volume>
          </shadowData>
        </bodyGraphicData>
      </li>
      <li>
        <bodyGraphicData>
          <texPath>Things/Pawn/Xenomorph/Xenomorph_Neomorph</texPath>
          <graphicClass>Graphic_Multi</graphicClass>
          <color>(221,231,237)</color>
          <drawSize>1.7</drawSize>
          <shadowData>
            <volume>(0.5, 0.5, 0.5)</volume>
          </shadowData>
        </bodyGraphicData>
      </li>
    </lifeStages>
    <weaponMoney>
	
    </weaponMoney>
    <weaponTags>
	
    </weaponTags>
  </PawnKindDef>
  
</Defs>