<?xml version="1.0" encoding="utf-8" ?>
<Defs>

<!--============================================= Synth =============================================-->

<AlienRace.RaceSettings>
    <defName>RRY_Synth_Settings</defName>
    <pawnKindSettings>
            <alienslavekinds>
                <li>
                    <kindDefs>
						<li>RRY_Player_Synth</li>
					</kindDefs>
                    <chance>15.0</chance>
                </li>
            </alienslavekinds>
            <alienrefugeekinds>
                <li>
                    <kindDefs>
						<li>RRY_Player_Synth</li>
					</kindDefs>
                    <chance>10.0</chance>
                </li>
            </alienrefugeekinds>
			<startingColonists>
				<li>
				<pawnKindEntries>
					<li>
                    <kindDefs>
                        <li>RRY_Player_Synth</li>
					</kindDefs>
                    <chance>10.0</chance> <!-- Change it back to 10 after testing -->
					</li>
				</pawnKindEntries>
				<factionDefs>
					<li>RRY_USCM_PlayerColony</li> 
				</factionDefs>
				</li>
			</startingColonists>
            <alienwandererkinds>
                <li>
                    <pawnKindEntries>
					<li>
                    <kindDefs>
						<li>RRY_Player_Synth</li>
					</kindDefs>
                    <chance>5.0</chance>
					</li>
					</pawnKindEntries>
					<factionDefs>
                        <li>RRY_USCM_PlayerColony</li> 
					</factionDefs>
                </li>
            </alienwandererkinds>
        </pawnKindSettings>
  </AlienRace.RaceSettings>

<ThingDef Name="RRY_Artificial_Synths" Abstract="True">
    <thingClass>Pawn</thingClass>
    <category>Pawn</category>
    <selectable>true</selectable>
    <tickerType>Normal</tickerType>
    <altitudeLayer>Pawn</altitudeLayer>
    <useHitPoints>false</useHitPoints>
    <hasTooltip>true</hasTooltip>
    <soundImpactDefault>BulletImpact_Flesh</soundImpactDefault>
    <inspectorTabs>
        <li>ITab_Pawn_Health</li>
        <li>ITab_Pawn_Needs</li>
        <li>ITab_Pawn_Character</li>
        <li>ITab_Pawn_Training</li>
        <li>ITab_Pawn_Gear</li>
        <li>ITab_Pawn_Guest</li>
        <li>ITab_Pawn_Prisoner</li>
        <li>ITab_Pawn_Social</li>
        <li>ITab_Pawn_Log</li>
        <li>ITab_Pawn_FormingCaravan</li>
    </inspectorTabs>
    
	<comps>
        <li>
            <compClass>CompAttachBase</compClass>
        </li>
      <li Class="RRYautja.CompProperties_FoodPoisonProtection">
		<Poisonable>false</Poisonable>
		<FoodPoisonCause>
			<li>DangerousFoodType</li>
			<li>FilthyKitchen</li>
			<li>IncompetentCook</li>
			<li>Rotten</li>
			<li>Unknown</li>
		</FoodPoisonCause>
      </li>
      <li Class="RRYautja.CompProperties_SynthProps">
		<AllowedDiseases>
			<li>MuscleParasites</li>
			<li>FibrousMechanites</li>
			<li>SensoryMechanites</li>
		</AllowedDiseases>
      </li>
    </comps>
    
	<drawGUIOverlay>true</drawGUIOverlay>
</ThingDef>

<AlienRace.ThingDef_AlienRace Name="RRY_Synth" ParentName="RRY_Artificial_Synths">
    <defName>RRY_Synth</defName>
    <label>Synth</label>
    <description>A synthetic being.</description>
    <alienRace>
        <generalSettings>
            <maleGenderProbability>0.5</maleGenderProbability>
            <immuneToAge>true</immuneToAge>
            <forcedRaceTraitEntries>
				<li>
					<defName>Bloodlust</defName>
					<chance>1</chance>
				</li>
				<li>
					<defName>Psychopath</defName>
					<chance>1</chance>
				</li>
				<li>
					<defName>Greedy</defName>
					<chance>1</chance>
				</li>
				<li>
					<defName>Jealous</defName>
					<chance>0</chance>
				</li>
				<li>
					<defName>Ascetic</defName>
					<chance>0</chance>
				</li>
				<li>
					<defName>Pyromaniac</defName>
					<chance>0</chance>
				</li>
				<li>
					<defName>DislikesMen</defName>
					<chance>0</chance>
				</li>
				<li>
					<defName>DislikesWomen</defName>
					<chance>0</chance>
				</li>
				<li>
					<defName>SpeedOffset</defName>
					<degree>-1</degree>
					<chance>0</chance>
				</li>
				<li>
					<defName>NaturalMood</defName>
					<degree>-1</degree>
					<chance>0</chance>
				</li>
				<li>
					<defName>NaturalMood</defName>
					<degree>-2</degree>
					<chance>0</chance>
				</li>
				<li>
					<defName>Nerves</defName>
					<degree>-1</degree>
					<chance>0</chance>
				</li>
				<li>
					<defName>Nerves</defName>
					<degree>-2</degree>
					<chance>0</chance>
				</li>
				<li>
					<defName>Neurotic</defName>
					<degree>1</degree>
					<chance>0</chance>
				</li>
				<li>
					<defName>Neurotic</defName>
					<degree>2</degree>
					<chance>0</chance>
				</li>
				<li>
					<defName>Industriousness</defName>
					<degree>-1</degree>
					<chance>0</chance>
				</li>
				<li>
					<defName>Industriousness</defName>
					<degree>-2</degree>
					<chance>0</chance>
				</li>
				<li>
					<defName>Beauty</defName>
					<degree>-1</degree>
					<chance>0</chance>
				</li>
				<li>
					<defName>Beauty</defName>
					<degree>-2</degree>
					<chance>0</chance>
				</li>
				
			</forcedRaceTraitEntries>
			<disallowedTraits>
					<li>Nudist</li>
					<li>Cannibal</li>
					<li>Masochist</li>
					<li>Gay</li>
					<li>AnnoyingVoice</li>
					<li>CreepyBreathing</li>
					<li>Wimp</li>
					<li>FastLearner</li>
					<li>Transhumanist</li>
					<li>BodyPurist</li>
					<li>Tough</li>
					<li>DrugDesire</li>
					<li>PsychicSensitivity</li>
					<li>Immunity</li>
					<li>Gourmand</li>
					<li>QuickSleeper</li>
					<li>NightOwl</li>
			</disallowedTraits>
            <alienPartGenerator>
				<!--<useGenderedHeads>true</useGenderedHeads>
				<useGenderedBodies>true</useGenderedBodies>-->
                <alienbodytypes>
					<li>Thin</li>
					<li>Male</li>
					<li>Female</li>
				</alienbodytypes>
			</alienPartGenerator>
			<chemicalSettings>	
		    </chemicalSettings>
            <humanRecipeImport>true</humanRecipeImport>
			<notXenophobistTowards>
				<li>Human</li>
			</notXenophobistTowards>
		<factionRelations>
                <li>
                    <factions>
                       <li>RRY_USCM_PlayerColony</li>
                       <li>RRY_USCM_Faction</li>
					</factions>
                    <goodwill>
                       <min>-10</min>
                       <max>40</max>
                    </goodwill>
                </li>
		</factionRelations>
        </generalSettings>
        <graphicPaths>
        </graphicPaths>
        <hairSettings>
            <hasHair>true</hasHair>
            <hairTags>
            </hairTags>
        </hairSettings>
        <thoughtSettings>
			<cannotReceiveThoughts>
					<li>NeedFood</li>
					<li>Naked</li>
					<li>Pain</li>
					<li>SleepDisturbed</li>
					<li>SleptOnGround</li>
					<li>ArtifactMoodBoost</li>
					<li>EnvironmentCold</li>
					<li>EnvironmentHot</li>
            </cannotReceiveThoughts>
        </thoughtSettings>
        <relationSettings>
            <relationChanceModifierParent>0</relationChanceModifierParent>
            <relationChanceModifierChild>0</relationChanceModifierChild>
            <relationChanceModifierSibling>0</relationChanceModifierSibling>
			
            <relationChanceModifierLover>0</relationChanceModifierLover>
            <relationChanceModifierExLover>0</relationChanceModifierExLover>
			
            <relationChanceModifierFiance>0</relationChanceModifierFiance>
            <relationChanceModifierSpouse>0</relationChanceModifierSpouse>
            <relationChanceModifierExSpouse>0</relationChanceModifierExSpouse>
			   
        </relationSettings>
        <raceRestriction>
			
			<apparelList>
			</apparelList>
            
			<recipeList>
            </recipeList>
            
			<plantList>
            </plantList>
           
			<buildingList>
            </buildingList>
        </raceRestriction>
    </alienRace>
	<statBases>
		<MarketValue>5000</MarketValue>
		<MoveSpeed>4.8</MoveSpeed>
		<Flammability>0.8</Flammability>
		
		<!-- Don't forget to change temp back to -10 to 30 after you done testing -->
		<ComfyTemperatureMin>-10</ComfyTemperatureMin>
		<ComfyTemperatureMax>30</ComfyTemperatureMax>
		<LeatherAmount>40</LeatherAmount>
		<MeatAmount>40</MeatAmount>
        <CarryingCapacity>125</CarryingCapacity>
		<PsychicSensitivity>0</PsychicSensitivity>
		<ToxicSensitivity>0.3</ToxicSensitivity>
		<MiningSpeed>1.2</MiningSpeed>
		<ShootingAccuracyPawn>1</ShootingAccuracyPawn>
		<AimingDelayFactor>1.0</AimingDelayFactor>
		<MentalBreakThreshold>0.020</MentalBreakThreshold>
        <ImmunityGainSpeed>1.25</ImmunityGainSpeed>
        <PainShockThreshold>0.9999</PainShockThreshold>
        <ForagedNutritionPerDay>0</ForagedNutritionPerDay>
        <GlobalLearningFactor>1.3</GlobalLearningFactor>
        <MeleeDodgeChance>1.2</MeleeDodgeChance>
        <MeleeHitChance>1.1</MeleeHitChance>
        <ButcheryFleshSpeed>1.1</ButcheryFleshSpeed>
        <ButcheryFleshEfficiency>1.1</ButcheryFleshEfficiency>
        <SmeltingSpeed>1.1</SmeltingSpeed>
        <GeneralLaborSpeed>1.1</GeneralLaborSpeed>
        <NegotiationAbility>1.1</NegotiationAbility>
        <SocialImpact>0.9</SocialImpact>
        <TradePriceImprovement>0.8</TradePriceImprovement>
		<!--
		-->
    </statBases>
  <tools>
      <li>
        <label>left fist</label>
        <capacities>
          <li>Blunt</li>
        </capacities>
        <power>8.8</power>
        <cooldownTime>1.8</cooldownTime>
        <linkedBodyPartsGroup>LeftHand</linkedBodyPartsGroup>
        <surpriseAttack>
          <extraMeleeDamages>
            <li>
              <def>Stun</def>
              <amount>18</amount>
            </li>
          </extraMeleeDamages>
        </surpriseAttack>
      </li>
      <li>
        <label>right fist</label>
        <capacities>
          <li>Blunt</li>
        </capacities>
        <power>8.8</power>
        <cooldownTime>1.8</cooldownTime>
        <linkedBodyPartsGroup>RightHand</linkedBodyPartsGroup>
        <surpriseAttack>
          <extraMeleeDamages>
            <li>
              <def>Stun</def>
              <amount>18</amount>
            </li>
          </extraMeleeDamages>
        </surpriseAttack>
      </li>
      <li>
        <label>head</label>
        <capacities>
          <li>Blunt</li>
        </capacities>
        <power>7</power>
        <cooldownTime>1.8</cooldownTime>
        <linkedBodyPartsGroup>HeadAttackTool</linkedBodyPartsGroup>
        <chanceFactor>0.2</chanceFactor>
      </li>
	  <li>
        <label>teeth</label>
        <capacities>
          <li>Bite</li>
		</capacities>
        <power>8.7</power>
        <cooldownTime>2</cooldownTime>
        <linkedBodyPartsGroup>Teeth</linkedBodyPartsGroup>
        <chanceFactor>0.1</chanceFactor>
      </li>
    </tools>
    <race>
	  <fleshType>RRY_SynthFlesh</fleshType>
      <thinkTreeMain>Humanlike</thinkTreeMain>
      <thinkTreeConstant>HumanlikeConstant</thinkTreeConstant>
	  <baseHungerRate>0.1</baseHungerRate>
      <intelligence>Humanlike</intelligence>
      <makesFootprints>true</makesFootprints>
      <lifeExpectancy>20</lifeExpectancy>
      <leatherDef>RRY_Synthetic_Skin</leatherDef>
      <body>RRY_Artificials_Synths_Body</body>
      <nameCategory>HumanStandard</nameCategory>
	  <bloodDef>RRY_FilthBloodSynth</bloodDef>	
      <meatColor>(878,878,878)</meatColor>
      <baseBodySize>1</baseBodySize>
      <baseHealthScale>1.25</baseHealthScale>
      <foodType>OmnivoreAnimal</foodType>
      <gestationPeriodDays>45</gestationPeriodDays>
      <litterSizeCurve>
        <points>
          <li>(0.5, 0)</li>
        </points>  
      </litterSizeCurve>
      <lifeStageAges>
        <li>
          <def>RRY_Synth_New</def>
          <minAge>0</minAge>
        </li>
        <li>
          <def>RRY_Synth_Adult</def>
          <minAge>8</minAge>
        </li>
      </lifeStageAges>
      <soundMeleeHitPawn>Pawn_Melee_Punch_HitPawn</soundMeleeHitPawn>
      <soundMeleeHitBuilding>Pawn_Melee_Punch_HitBuilding</soundMeleeHitBuilding>
      <soundMeleeMiss>Pawn_Melee_Punch_Miss</soundMeleeMiss>
      <specialShadowData>
        <volume>(0.3, 0.8, 0.4)</volume>
        <offset>(0,0,-0.3)</offset>
      </specialShadowData>
      <ageGenerationCurve>
        <points>
					<li>(0,0)</li>
					<li>(1,25)</li>
                    <li>(2,50)</li>
                    <li>(3,75)</li>
                    <li>(4,100)</li>
                    <li>(5,100)</li>
                    <li>(6,125)</li>
                    <li>(7,150)</li>
					<li>(8,175)</li>
					<li>(9,200)</li>
                    <li>(10,225)</li>
                    <li>(11,200)</li>
                    <li>(12,175)</li>
                    <li>(13,150)</li>
                    <li>(14,125)</li>
                    <li>(15,100)</li>
                    <li>(16,75)</li>
                    <li>(17,50)</li>
					<li>(18,0)</li>
					
        </points>
      </ageGenerationCurve>
      <hediffGiverSets>
        <li>RRY_Artificials_Synth_Hediffgiver</li>
		<li>RRY_Artificials_Inhibitor_Hediffgiver</li>
      </hediffGiverSets>
    </race>
    <recipes>
      <li>InstallArchotechEye</li>
      <li>InstallArchotechArm</li>
      <li>InstallArchotechLeg</li>
      <li>InstallPowerClaw</li>
      <li>InstallBionicEye</li>
      <li>InstallBionicArm</li>
      <li>InstallBionicLeg</li>
      <li>InstallBionicSpine</li>
      <li>InstallBionicHeart</li>
      <li>InstallBionicStomach</li>
      <li>InstallBionicEar</li>
      <li>InstallSimpleProstheticArm</li>
      <li>InstallSimpleProstheticLeg</li>
      <li>InstallSimpleProstheticHeart</li>
      <li>InstallCochlearImplant</li>
      <li>InstallPegLeg</li>
      <li>InstallDenture</li>
      <li>InstallJoywire</li>
      <li>InstallPainstopper</li>
      <li>RemoveBodyPart</li>
      <li>Euthanize</li>
      <li>Anesthetize</li>
	  <li>RRY_RepairInhibitor</li>
    </recipes>
	<butcherProducts>
			<Plasteel>15</Plasteel>
			<ComponentIndustrial>3</ComponentIndustrial>
			<ComponentSpacer>2</ComponentSpacer>
			<AIPersonaCore>1</AIPersonaCore>
			
	</butcherProducts>
	<modExtensions>
	  <li Class="HunterMarkingSystem.MarkDefExtension">
		<!-- DefName of the Marking Hediff Kills of this race give --> 
		<hediffs><li>HMS_Hediff_BloodedMMechanoid</li></hediffs>
	  </li>
	</modExtensions>
</AlienRace.ThingDef_AlienRace>



</Defs>