<?xml version="1.0" encoding="utf-8" ?>
<Defs>
	
  
	<!-- ==================== USCM  - Maintenance Jack ========================= -->
  <ThingDef ParentName="RRY_USCM_BaseMeleeWeapon_Blunt_Quality">
    <defName>RRY_USCM_MaintenanceJack</defName>
    <label>Maintenance Jack</label>
    <description>The Maintenance Jack was a tool manufactured by Seegson.</description>
    <graphicData>
        <texPath>Things/Equipment/USCM/Melee/maintenance_jack</texPath>
        <graphicClass>Graphic_Single</graphicClass>
            <shaderType>CutoutComplex</shaderType>
    </graphicData>
    <equippedAngleOffset>-20</equippedAngleOffset>
    <costStuffCount>35</costStuffCount>
		<statBases>
			<MarketValue>75</MarketValue>
			<WorkToMake>2200</WorkToMake>
			<Mass>0.4</Mass>
		</statBases>
		<equippedStatOffsets>
			<ButcheryMechanoidSpeed>0.2</ButcheryMechanoidSpeed>
			<ButcheryMechanoidEfficiency>0.2</ButcheryMechanoidEfficiency>
			<GeneralLaborSpeed>0.15</GeneralLaborSpeed>
			<ConstructionSpeed>0.25</ConstructionSpeed>
			<FixBrokenDownBuildingSuccessChance>0.2</FixBrokenDownBuildingSuccessChance>
		</equippedStatOffsets>
		<stuffCategories>
			<li>Metallic</li>
		</stuffCategories>
    <tools>
      <li>
        <label>point</label>
        <capacities>
          <li>Scratch</li>
        </capacities>
        <power>15</power>
        <cooldownTime>2.6</cooldownTime>
      </li>
      <li>
        <label>handle</label>
        <capacities>
          <li>Poke</li>
        </capacities>
        <power>9</power>
        <cooldownTime>2</cooldownTime>
      </li>
      <li>
        <label>head</label>
        <labelUsedInLogging>false</labelUsedInLogging>
        <capacities>
          <li>Blunt</li>
        </capacities>
        <power>16</power>
        <cooldownTime>1.8</cooldownTime>
      </li>
    </tools>
		<recipeMaker>
			<skillRequirements>
				<Crafting>4</Crafting>
			</skillRequirements>
			<recipeUsers>
				<li>TableMachining</li>
			</recipeUsers>
			<researchPrerequisite>Machining</researchPrerequisite>
		</recipeMaker>
		<weaponTags>
			<li>USCM_Weapon</li>
			<li>USCM_Melee</li>
			<li>USCM_MaintenanceJack</li>
		</weaponTags>
		<thingCategories>
			<li>RRY_MeleeWeapons</li>
		</thingCategories>
    <tradeTags>
		<li>ExoticMisc</li>
    </tradeTags>
  </ThingDef>
  
  
	
</Defs>