<?xml version="1.0" encoding="utf-8" ?>
<Defs>
	<!-- ========================= USCM - Headband ========================== -->
	
	<ThingDef ParentName="RRY_USCM_Apparel_MakeableBase">
    <defName>RRY_USCM_Bandana</defName>
    <label>war bandana</label>
    <description>A badass bandana. Doesn't offer much protection, but the ego boost will make you win unsurmontable odds.</description>
    <techLevel>Neolithic</techLevel>
    <graphicData>
      <texPath>Things/Apparel/USCM/Clothing/Headband/ColonialMarineHeadband</texPath>
      <graphicClass>Graphic_Single</graphicClass>
      <drawSize>0.80</drawSize>
    </graphicData>
    <stuffCategories>
      <li>Fabric</li>
    </stuffCategories>
    <costStuffCount>15</costStuffCount>
    <statBases>
      <WorkToMake>1250</WorkToMake>
      <MaxHitPoints>100</MaxHitPoints>
      <Mass>0.06</Mass>
      <StuffEffectMultiplierArmor>0.2</StuffEffectMultiplierArmor>
      <StuffEffectMultiplierInsulation_Cold>0.05</StuffEffectMultiplierInsulation_Cold>
      <StuffEffectMultiplierInsulation_Heat>0.05</StuffEffectMultiplierInsulation_Heat>
      <EquipDelay>1.2</EquipDelay>
    </statBases>
    <equippedStatOffsets>
      <PainShockThreshold>0.08</PainShockThreshold>
    </equippedStatOffsets>
    <apparel>
      <bodyPartGroups>
        <li>UpperHead</li>
      </bodyPartGroups>
      <wornGraphicPath>Things/Apparel/USCM/Clothing/Headband/ColonialMarineHeadband</wornGraphicPath>
      <hatRenderedFrontOfFace>true</hatRenderedFrontOfFace>
      <layers>
        <li>Overhead</li>
      </layers>
      <defaultOutfitTags>
        <li>Soldier</li>
      </defaultOutfitTags>
	  <tags>
			<li>USCM_StandardIssue_Apparel</li>
			<li>USCM_Bandana</li>
			<li>USCM_Clothing</li>
	  </tags>
    </apparel>
    <recipeMaker>
    </recipeMaker>
		<thingCategories>
			<li>RRY_Apparel</li>
		</thingCategories>
		<tradeTags>
			<li>Apparel</li>
		</tradeTags>
  </ThingDef>
	
<!-- ========================= USCM - Military Cap ========================== -->
	
	<ThingDef ParentName="RRY_USCM_Apparel_MakeableBase">
		<defName>RRY_USCM_Cap</defName>
		<label>Military Cap</label>
		<description>Standard issue sun specific personal protection.</description>
		<graphicData>
			<texPath>Things/Apparel/USCM/Clothing/Cap/ColonialMarineCap</texPath>
			<graphicClass>Graphic_Single</graphicClass>
		</graphicData>
		 <costStuffCount>25</costStuffCount>
		<stuffCategories>
		  <li>Fabric</li>
		  <li>Leathery</li>
		</stuffCategories>
		<statBases>
		  <WorkToMake>1700</WorkToMake>
		  <Mass>0.14</Mass>
		  <StuffEffectMultiplierArmor>0.2</StuffEffectMultiplierArmor>
		  <StuffEffectMultiplierInsulation_Cold>0.12</StuffEffectMultiplierInsulation_Cold>
		  <StuffEffectMultiplierInsulation_Heat>0.55</StuffEffectMultiplierInsulation_Heat>
		  <EquipDelay>0.6</EquipDelay>
		</statBases>
		<equippedStatOffsets>
		  <SocialImpact>0.12</SocialImpact>
		</equippedStatOffsets>
		<recipeMaker>
			<researchPrerequisite>ComplexClothing</researchPrerequisite>
		</recipeMaker>
		<apparel>
		  <bodyPartGroups>
			<li>UpperHead</li>
		  </bodyPartGroups>
		  <wornGraphicPath>Things/Apparel/USCM/Clothing/Cap/ColonialMarineCap</wornGraphicPath>
		  <layers>
			<li>Overhead</li>
		  </layers>
		  <tags>
			<li>IndustrialBasic</li>
			<li>IndustrialMilitaryBasic</li>
			<li>USCM_StandardIssue_Apparel</li>
			<li>USCM_Clothing</li>
			<li>USCM_Cap</li>
		  </tags>
		  <defaultOutfitTags>
			<li>Worker</li>
			<li>Soldier</li>
		  </defaultOutfitTags>
		</apparel>
		<thingCategories>
			<li>RRY_Apparel</li>
		</thingCategories>
		<tradeTags>
			<li>Apparel</li>
		</tradeTags>
	</ThingDef>
	
	<!-- ========================= USCM - Military Fatigues ========================== -->
	
	<ThingDef ParentName="RRY_USCM_Apparel_MakeableBase">
    <defName>RRY_USCM_Fatigues</defName>
    <description>Sturdy and durable work clothes for menial tasks. USCM standard issue.</description>
    <label>USCM fatigues</label>
    <recipeMaker>
      <researchPrerequisite>ComplexClothing</researchPrerequisite>
    </recipeMaker>
    <graphicData>
      <texPath>Things/Apparel/USCM/Clothing/Fatigue/ColonialMarineFatigues</texPath>
      <graphicClass>Graphic_Single</graphicClass>
		  <shaderType>CutoutComplex</shaderType>
    </graphicData>
    <costStuffCount>45</costStuffCount>
    <stuffCategories>
      <li>Fabric</li>
    </stuffCategories>
    <thingCategories>
      <li>RRY_Apparel</li>
    </thingCategories>
    <statBases>
			<MaxHitPoints>125</MaxHitPoints>
			<WorkToMake>2700</WorkToMake>
      <Mass>0.3</Mass>
      <StuffEffectMultiplierArmor>0.28</StuffEffectMultiplierArmor>
      <StuffEffectMultiplierInsulation_Cold>0.33</StuffEffectMultiplierInsulation_Cold>
      <StuffEffectMultiplierInsulation_Heat>0.16</StuffEffectMultiplierInsulation_Heat>
      <EquipDelay>1.5</EquipDelay>
    </statBases>
		<apparel>
      <bodyPartGroups>
        <li>Torso</li>
        <li>Neck</li>
        <li>Shoulders</li>
        <li>Arms</li>
		<li>Legs</li>
      </bodyPartGroups>
      <wornGraphicPath>Things/Apparel/USCM/Clothing/Fatigue/ColonialMarineFatigues</wornGraphicPath>
      <layers>
        <li>OnSkin</li>
      </layers>
      <tags>
        <li>IndustrialBasic</li>
		<li>IndustrialMilitaryBasic</li>
		<li>USCM_StandardIssue_Apparel</li>
		<li>USCM_Clothing</li>
		<li>USCM_Fatigues</li>
      </tags>
      <defaultOutfitTags>
        <li>Soldier</li>
      </defaultOutfitTags>
    </apparel>
    
  </ThingDef>

<!-- ========================= USCM - Jumpsuit Base ========================== -->
	
	<ThingDef Name="RRY_USCM_JumpsuitBase" ParentName="RRY_USCM_Apparel_MakeableBase" Abstract="True">
    <defName>RRY_USCM_Jumpsuit</defName>
    <description>Sturdy and durable work clothes for menial tasks. Lined with a thin layer of isolating material.</description>
    <label>Standard jumpsuit</label>
    <recipeMaker>
      <researchPrerequisite>ComplexClothing</researchPrerequisite>
    </recipeMaker>
    <graphicData>
      <texPath>Things/Apparel/USCM/Clothing/Jumpsuits/Jumpsuit</texPath>
      <graphicClass>Graphic_Single</graphicClass>
    </graphicData>
    <costStuffCount>45</costStuffCount>
    <stuffCategories>
      <li>Fabric</li>
    </stuffCategories>
    <thingCategories>
      <li>RRY_Apparel</li>
    </thingCategories>
    <statBases>
			<MaxHitPoints>125</MaxHitPoints>
			<WorkToMake>2700</WorkToMake>
      <Mass>0.3</Mass>
      <StuffEffectMultiplierArmor>0.28</StuffEffectMultiplierArmor>
      <StuffEffectMultiplierInsulation_Cold>0.41</StuffEffectMultiplierInsulation_Cold>
      <StuffEffectMultiplierInsulation_Heat>0.18</StuffEffectMultiplierInsulation_Heat>
      <EquipDelay>1.5</EquipDelay>
    </statBases>
		<apparel>
      <bodyPartGroups>
        <li>Torso</li>
        <li>Neck</li>
        <li>Shoulders</li>
        <li>Arms</li>
		<li>Legs</li>
      </bodyPartGroups>
      <wornGraphicPath>Things/Apparel/USCM/Clothing/Jumpsuits/Jumpsuit</wornGraphicPath>
      <layers>
        <li>OnSkin</li>
      </layers>
      <tags>
        <li>IndustrialBasic</li>
		<li>USCM_Clothing</li>
		<li>USCM_Jumpsuit</li>
		<li>WY_Jumpsuit</li>
		<li>WY_Clothing</li>
      </tags>
      <defaultOutfitTags>
        <li>Soldier</li>
		<li>Worker</li>
      </defaultOutfitTags>
    </apparel>
    
  </ThingDef>
  
  <!-- ========================= USCM - Medic Jumpsuit ========================== -->
	
	<ThingDef ParentName="RRY_USCM_JumpsuitBase">
		<defName>RRY_USCM_MedicalJumpsuit</defName>
		<label>Medical jumpsuit</label>
		<graphicData>
		  <texPath>Things/Apparel/USCM/Clothing/MedicJumpsuits/MedicJumpsuit</texPath>
		  <graphicClass>Graphic_Single</graphicClass>
		  <shaderType>CutoutComplex</shaderType>
		</graphicData>
		<equippedStatOffsets>
		  <MedicalPotency>0.1</MedicalPotency>
		  <MedicalQualityMax>0.05</MedicalQualityMax>
		</equippedStatOffsets>
		<apparel>
		<useWornGraphicMask>true</useWornGraphicMask>
		  <wornGraphicPath>Things/Apparel/USCM/Clothing/MedicJumpsuits/MedicJumpsuit</wornGraphicPath>
		  <tags>
			<li>Medical_Jumpsuit</li>
		  </tags>
		</apparel>
    </ThingDef>
  
  <!-- ========================= USCM - Engineer Jumpsuit ========================== -->
	
	<ThingDef ParentName="RRY_USCM_JumpsuitBase">
		<defName>RRY_USCM_Jumpsuit</defName>
		<label>Engineer jumpsuit</label>
		<equippedStatOffsets>
		  <FixBrokenDownBuildingSuccessChance>0.1</FixBrokenDownBuildingSuccessChance>
		  <ConstructSuccessChance>0.05</ConstructSuccessChance>
		  <ConstructionSpeed>0.06</ConstructionSpeed>
		</equippedStatOffsets>
		<apparel>
		  <tags>
			<li>Engineer_Jumpsuit</li>
		  </tags>
		</apparel>
    </ThingDef>

</Defs>