<?xml version="1.0" encoding="utf-8"?>
<Defs>

<!-- ====================== USCM - M56 Smart Gun ====================== -->
	<ThingDef ParentName="BaseBullet">
	<defName>RRY_USCM_Bullet_10x28mm_SG</defName>
    <label>10x28mm caseless</label>
    <graphicData>
		<texPath>Things/Projectile/Charge_Small</texPath>
		<graphicClass>Graphic_Single</graphicClass>
    </graphicData>
    <projectile>
		<flyOverhead>false</flyOverhead>
		<damageDef>Bullet</damageDef>
		<damageAmountBase>15</damageAmountBase>
		<armorPenetrationBase>0.40</armorPenetrationBase>
		<stoppingPower>1.0</stoppingPower>
		<speed>90</speed>
	</projectile>
 </ThingDef>

	<ThingDef ParentName="RRY_USCM_BaseMakeableGun">
		<defName>RRY_USCM_Gun_M56SmartGun</defName>
		<label>M56 smartgun</label>
		<description>The M56 Smartgun is a man-portable heavy machine gun with automatic targeting capabilities chambered for 10×28mm Caseless ammunition. The M56 is dependent on the combat harness and the HMS to be fully functional.</description>
		<graphicData>
			<texPath>Things/Equipment/USCM/Ranged/M56_Smartgun</texPath>
			<graphicClass>Graphic_Single</graphicClass>		
			<drawSize>1.5</drawSize>		
    </graphicData>
		<soundInteract>Interact_Rifle</soundInteract>
		<statBases>
			<WorkToMake>36000</WorkToMake>
			<MarketValue>750</MarketValue>
			<Mass>8.2</Mass>
			<AccuracyTouch>0.32</AccuracyTouch>
			<AccuracyShort>0.42</AccuracyShort>
			<AccuracyMedium>0.50</AccuracyMedium>
			<AccuracyLong>0.26</AccuracyLong>
			<RangedWeapon_Cooldown>3.1</RangedWeapon_Cooldown>
		</statBases>
		<comps>
			<li Class="AdeptusMechanicus.CompProperties_OversizedWeapon">
				<southOffset>0.125,0.1,-0.15</southOffset>
				<eastOffset>0.0,0.1,-0.0</eastOffset>
			</li> 
			<li Class="RRYautja.CompProperties_SmartgunSystem"> 
			<WarmUpReductionQualityAffected>false</WarmUpReductionQualityAffected>
			<TargeterDef>RRY_Equipment_HMS</TargeterDef>
			<HarnessDef>RRY_Apparel_M56CombatHarness</HarnessDef>
			
			</li>
		</comps>
	<recipeMaker>
		<researchPrerequisite>ChargedShot</researchPrerequisite>
		<skillRequirements>
			<Crafting>8</Crafting>
		</skillRequirements>
	</recipeMaker>
		
		<verbs>
			<li>
				<verbClass>Verb_Shoot</verbClass>
				<hasStandardCommand>true</hasStandardCommand>
				<defaultProjectile>RRY_USCM_Bullet_10x28mm_SG</defaultProjectile>
				<warmupTime>2.5</warmupTime>
				<range>31</range>
				<burstShotCount>25</burstShotCount>
				<ticksBetweenBurstShots>4</ticksBetweenBurstShots>
				<soundCast>RRY_M56_Shot</soundCast>
				<soundCastTail>GunTail_Medium</soundCastTail>
				<muzzleFlashScale>9</muzzleFlashScale>
			
			</li>
		</verbs>
    <tools>
     
      <li>
        <label>barrel</label>
        <capacities>
          <li>Blunt</li>
        </capacities>
        <power>12</power>
        <cooldownTime>2.6</cooldownTime>
      </li>
    </tools>
		<techLevel>Spacer</techLevel>
		<weaponTags>
			<li>USCM_M56SmartGun</li>
			<li>USCM_StandardIssue_Ranged</li>
			<li>USCM_M56SmartGunSystem</li>
		</weaponTags>
		 <equippedStatOffsets>
			<MoveSpeed>-2.32</MoveSpeed>
		</equippedStatOffsets>
		<tradeTags>
			<li>RRY_RangedWeapons</li>
			<li>RRY_USCM_RangedWeapons</li>
		</tradeTags>
		<costList>				
			<Steel>30</Steel>
			<Plasteel>5</Plasteel>
			<ComponentIndustrial>3</ComponentIndustrial>
		</costList>
	</ThingDef>
	
</Defs>