<?xml version="1.0" encoding="utf-8" ?>
<Defs>
<!--====================  USCM - Base Weapon Template =========================-->	
	<ThingDef Abstract="True" Name="RRY_USCM_BaseWeapon">
		<thingClass>ThingWithComps</thingClass>
		<category>Item</category>
		<drawGUIOverlay>true</drawGUIOverlay>
		<altitudeLayer>Item</altitudeLayer>
		<alwaysHaulable>true</alwaysHaulable>
		<tickerType>Never</tickerType>
		<equipmentType>Primary</equipmentType>
		<useHitPoints>true</useHitPoints>
		<pathCost>10</pathCost>
		<selectable>true</selectable>
		<statBases>
			<MaxHitPoints>100</MaxHitPoints>
			<Flammability>1.0</Flammability>
			<DeteriorationRate>2</DeteriorationRate>
			<Beauty>-6</Beauty>
			<SellPriceFactor>0.20</SellPriceFactor>
		</statBases>
		<comps>
			<li Class="CompProperties_Forbiddable"/>
			<li>
				<compClass>CompEquippable</compClass>
			</li>
		</comps>
		<graphicData>
			<onGroundRandomRotateAngle>35</onGroundRandomRotateAngle>
		</graphicData>
	</ThingDef>
	

  <ThingDef Name="RRY_USCM_BaseSimpleRanged" Abstract="True" ParentName="RRY_USCM_BaseWeapon">
    <techLevel>Neolithic</techLevel>
    <weaponTags>
	
    </weaponTags>
    <thingCategories>
      <li>WeaponsRanged</li>
	  <li>RRY_USCM_Weapons</li>
    </thingCategories>
    <comps>
      <li>
        <compClass>CompQuality</compClass>
      </li>
    </comps>
    <recipeMaker>
      <workSpeedStat>GeneralLaborSpeed</workSpeedStat>
      <workSkill>Crafting</workSkill>
      <recipeUsers>
        <li>RRY_TableMachining</li>
		
      </recipeUsers>
      <effectWorking>Smelt</effectWorking>
      <unfinishedThingDef>UnfinishedWeapon</unfinishedThingDef>
    <defaultIngredientFilter>
      <categories>
        <li>Root</li>
      </categories>
      <disallowedThingDefs>
        <li>Silver</li>
        <li>Gold</li>
      </disallowedThingDefs>
    </defaultIngredientFilter>
    </recipeMaker>
  </ThingDef>
  

	<!-- ==================== USCM - Base Gun Weapon Template ========================= -->		
	<ThingDef Name="RRY_USCM_BaseGun" Abstract="True" ParentName="RRY_USCM_BaseWeapon">
		<techLevel>Industrial</techLevel>
		<smeltable>true</smeltable>
    <inspectorTabs>
      <li>ITab_Art</li>
    </inspectorTabs>
    <comps>
      <li>
        <compClass>CompQuality</compClass>
      </li>
      <li Class="CompProperties_Art">
        <nameMaker>NamerArtWeaponGun</nameMaker>
        <descriptionMaker>ArtDescription_WeaponGun</descriptionMaker>
        <minQualityForArtistic>Excellent</minQualityForArtistic>
      </li>
    </comps>
	<weaponTags>
        <li>USCM_Guns</li>
    </weaponTags>
	<thingCategories>
		<li>WeaponsRanged</li>
		<li>RRY_USCM_RangedWeapons</li>
	</thingCategories>
	</ThingDef>
	
	<!-- ==================== USCM - Base Makeable Gun Weapon Template ========================= -->
	<ThingDef Name="RRY_USCM_BaseMakeableGun" ParentName="RRY_USCM_BaseGun" Abstract="True">
    <recipeMaker>
      <workSpeedStat>GeneralLaborSpeed</workSpeedStat>
      <workSkill>Crafting</workSkill>
      <effectWorking>Smith</effectWorking>
      <soundWorking>Recipe_Smith</soundWorking>
      <recipeUsers>
        <li>TableMachining</li>
      </recipeUsers>
      <unfinishedThingDef>UnfinishedGun</unfinishedThingDef>
      <researchPrerequisite>Gunsmithing</researchPrerequisite>
    </recipeMaker>
  </ThingDef>
  
  <!--==================== Mod - USCM - Base Melee Weapon Template =========================-->
	<ThingDef Name="RRY_USCM_BaseMeleeWeapon" Abstract="True" ParentName="RRY_USCM_BaseWeapon">
    <techLevel>Industrial</techLevel>
		<smeltable>true</smeltable>
    <thingCategories>
      <li>WeaponsMelee</li>
    </thingCategories>

    <recipeMaker>
      <workSpeedStat>GeneralLaborSpeed</workSpeedStat>
      <workSkill>Crafting</workSkill>
      <effectWorking>Smith</effectWorking>
      <soundWorking>Recipe_Smith</soundWorking>
      <recipeUsers>
        <li>TableMachining</li>
      </recipeUsers>
      <unfinishedThingDef>UnfinishedWeapon</unfinishedThingDef>
    </recipeMaker>
    <inspectorTabs>
      <li>ITab_Art</li>
    </inspectorTabs>
	<comps>
		<li>
        <compClass>CompQuality</compClass>
		</li>
			<li Class="CompProperties_Art">
				<nameMaker>NamerArtWeaponMelee</nameMaker>
				<descriptionMaker>ArtDescription_WeaponMelee</descriptionMaker>
				<minQualityForArtistic>Excellent</minQualityForArtistic>
			</li>
		
	</comps>
	
	<weaponTags>
        <li>USCM_Melee</li>
    </weaponTags>
  
  </ThingDef>
  
	<!--==================== Mod - USCM - Base Sharp Melee Weapon Template =========================-->
	<ThingDef Name="RRY_USCM_BaseMeleeWeapon_Sharp" ParentName="RRY_USCM_BaseMeleeWeapon" Abstract="True">
    <recipeMaker>
    <defaultIngredientFilter>
      <categories>
        <li>Root</li>
      </categories>
      <disallowedThingDefs>
        <li>Silver</li>
        <li>Gold</li>
        <li>WoodLog</li>
      </disallowedThingDefs>
    </defaultIngredientFilter>
    </recipeMaker>
  </ThingDef>
  
	<!--==================== Mod - USCM - Base Blunt Melee Weapon Template =========================-->
	<ThingDef Name="RRY_USCM_BaseMeleeWeapon_Blunt" ParentName="RRY_USCM_BaseMeleeWeapon" Abstract="True">
    <recipeMaker>
      <defaultIngredientFilter>
        <categories>
          <li>Root</li>
        </categories>
        <disallowedThingDefs>
          <li>Silver</li>
          <li>Gold</li>
        </disallowedThingDefs>
      </defaultIngredientFilter>
    </recipeMaker>
  </ThingDef>
  
	<!--==================== Mod - USCM - Base Sharp Quality Melee Weapon Template =========================-->
	<ThingDef Name="RRY__USCM_BaseMeleeWeapon_Sharp_Quality" Abstract="True" ParentName="RRY_USCM_BaseMeleeWeapon_Sharp">
		<comps>
			<li>
				<compClass>CompQuality</compClass>
			</li>
			<li Class="CompProperties_Art">
				<nameMaker>NamerArtWeaponMelee</nameMaker>
				<descriptionMaker>ArtDescription_WeaponMelee</descriptionMaker>
				<minQualityForArtistic>Excellent</minQualityForArtistic>
			</li>
		</comps>
	</ThingDef>

	<!--==================== Mod - USCM - Base Blunt Melee Quality Weapon Template =========================-->
	<ThingDef Name="RRY_USCM_BaseMeleeWeapon_Blunt_Quality" Abstract="True" ParentName="RRY_USCM_BaseMeleeWeapon_Blunt">
		<comps>
			<li>
				<compClass>CompQuality</compClass>
			</li>
			<li Class="CompProperties_Art">
				<nameMaker>NamerArtWeaponMelee</nameMaker>
				<descriptionMaker>ArtDescription_WeaponMelee</descriptionMaker>
				<minQualityForArtistic>Excellent</minQualityForArtistic>
			</li>
		</comps>
	</ThingDef>	 
</Defs>