<?xml version="1.0" encoding="utf-8" ?>
<Defs>
	<!-- ========================= USCM - Equipment base ========================== -->
	<ThingDef Name="RRY_USCM_EquipmentBase" ParentName="RRY_USCM_Armour_MakeableBase" Abstract="true">
	<description>Advanced equipment of the USCM</description>
	</ThingDef>
	
	
	<!-- ========================= USCM - HMS ========================== -->
	<ThingDef ParentName="RRY_USCM_EquipmentBase">
		<defName>RRY_Equipment_HMS</defName>
		<label>Head Mounted Sight</label>
		<description>The Head Mounted Sight (HMS) is a headset-like device worn by the operator of an M56 Smartgun. Incorporating an eyepiece, camera and microphone, the HMS allows users to see targets detected by the Smartgun's infrared tracker.</description>
		<graphicData>
			<texPath>Things/Apparel/USCM/Helmets/HMS/Head_Mounted_Sight</texPath>
			<graphicClass>Graphic_Single</graphicClass>
		</graphicData>
		<tickerType>Normal</tickerType>
		<comps>  
	      
		</comps>
		<statBases>
			<MarketValue>1000</MarketValue>
			<MaxHitPoints>80</MaxHitPoints>
			<WorkToMake>35000</WorkToMake>
			<ArmorRating_Blunt>0.05</ArmorRating_Blunt>
			<ArmorRating_Sharp>0.05</ArmorRating_Sharp>
			<ArmorRating_Heat>0.05</ArmorRating_Heat>
			<Mass>0.8</Mass>
		</statBases>
		<equippedStatOffsets>
			<ShootingAccuracyPawn>0.15</ShootingAccuracyPawn>
		</equippedStatOffsets>
		<costList>
			<Plasteel>5</Plasteel>
			<Uranium>5</Uranium>
			<ComponentIndustrial>1</ComponentIndustrial>
			<ComponentSpacer>2</ComponentSpacer>
		</costList>
		<recipeMaker>
			<researchPrerequisite>MicroelectronicsBasics</researchPrerequisite>
		</recipeMaker>
		<apparel>
			<bodyPartGroups>
				<li>Shoulders</li>
			</bodyPartGroups>
			<wornGraphicPath>Things/Apparel/USCM/Helmets/HMS/Head_Mounted_Sight</wornGraphicPath>
			<hatRenderedFrontOfFace>true</hatRenderedFrontOfFace>
			<layers>
				<li>Overhead</li>
			</layers>
			<tags Inherit="false">
				<li>USCM_HMS</li>
				<li>USCM_M56SmartGunSystem</li>
			</tags>
			<defaultOutfitTags>
				<li>Soldier</li>
			</defaultOutfitTags>
		</apparel>
		<thingCategories>
			<li>RRY_Equipment</li>
		</thingCategories>
		<tradeTags>
			<li>Apparel</li>
		</tradeTags>
	</ThingDef>
		
</Defs>