<?xml version="1.0" encoding="utf-8"?>
<Defs>

	<!-- ==================== M4A3 ============================= -->
	<ThingDef ParentName="BaseBullet">
		<defName>RRY_USCM_Bullet_M4A3P</defName>
		<label>9mm caliber bullet</label>
		<graphicData>
			<texPath>Things/Projectile/Bullet_Small</texPath>
			<graphicClass>Graphic_Single</graphicClass>
		</graphicData>
		<projectile>
			<flyOverhead>false</flyOverhead>
			<damageDef>Bullet</damageDef>
			<damageAmountBase>8</damageAmountBase>
			<speed>65</speed>
		</projectile>
	</ThingDef>

	<ThingDef ParentName="RRY_USCM_BaseMakeableGun">
		<defName>RRY_USCM_Gun_M4A3P</defName>
		<label>M4A3 Service Pistol</label>
		<description>The M4A3 is notable for being the standard issue sidearm of the United States Colonial Marine Corps and is standard for USCM Medics and Synthetics.</description>
		<graphicData>
			<texPath>Things/Equipment/USCM/Ranged/M4A3</texPath>
			<graphicClass>Graphic_Single</graphicClass>
		</graphicData>
		<soundInteract>Interact_Autopistol</soundInteract>
		<statBases>
			<MarketValue>300</MarketValue>
			<Mass>1.2</Mass>
			<AccuracyTouch>0.94</AccuracyTouch>
			<AccuracyShort>0.88</AccuracyShort>
			<AccuracyMedium>0.77</AccuracyMedium>
			<AccuracyLong>0.66</AccuracyLong>
			<RangedWeapon_Cooldown>0.58</RangedWeapon_Cooldown>
		</statBases>	
		<weaponTags>
			<li>USCM_StandardIssue_Ranged</li>
			<li>USCM_Weapons</li>
			<li>USCM_M4A3</li>
		</weaponTags>
		<tradeTags>
			<li>USCM</li>
		</tradeTags>
		<verbs>
			<li>
				<verbClass>Verb_Shoot</verbClass>
				<hasStandardCommand>true</hasStandardCommand>
				<defaultProjectile>RRY_USCM_Bullet_M4A3P</defaultProjectile>
				<warmupTime>0.3</warmupTime>
				<range>26</range>
				<soundCast>RRY_M4A3_Shot</soundCast>
				<soundCastTail>GunTail_Light</soundCastTail>
				<muzzleFlashScale>9</muzzleFlashScale>
			</li>
		</verbs>
		<tools>
			<li>
				<label>grip</label>
				<capacities>
					<li>Blunt</li>
				</capacities>
				<power>8</power>
				<cooldownTime>1.6</cooldownTime>
			</li>
			<li>
				<label>barrel</label>
				<capacities>
					<li>Blunt</li>
					<li>Poke</li>
				</capacities>
				<power>8</power>
				<cooldownTime>1.6</cooldownTime>
			</li>
		</tools>
		<costList>
		  <Steel>30</Steel>
		  <ComponentIndustrial>3</ComponentIndustrial>
		</costList>
		<recipeMaker>
		  <skillRequirements>
			<Crafting>5</Crafting>
		  </skillRequirements>
		</recipeMaker>	
	</ThingDef>

	<!-- ==================== M4A4 ============================= -->
	<ThingDef ParentName="BaseBullet">
		<defName>RRY_USCM_Bullet_M4A4P</defName>
		<label>.45 caliber bullet</label>
    <graphicData>
		<texPath>Things/Projectile/Bullet_Small</texPath>
		<graphicClass>Graphic_Single</graphicClass>
    </graphicData>
		<projectile>
			<flyOverhead>false</flyOverhead>
			<damageDef>Bullet</damageDef>
			<damageAmountBase>12</damageAmountBase>
			<speed>75</speed>
		</projectile>
	</ThingDef>

	<ThingDef ParentName="RRY_USCM_BaseMakeableGun">
		<defName>RRY_USCM_Gun_M4A4P</defName>
		<label>M4A4 Pistol</label>
		<description>The M4A4 is an upgrade over the M4A3, trading the 9mm round for a .45 caliber cartridge, granting it increased power at the cost of a slightly smaller magazine capacity.</description>
		<graphicData>
			<texPath>Things/Equipment/USCM/Ranged/M4A4</texPath>
			<graphicClass>Graphic_Single</graphicClass>
		</graphicData>
		<soundInteract>Interact_Autopistol</soundInteract>
		<statBases>
			<MarketValue>600</MarketValue>
			<Mass>1.4</Mass>
			<AccuracyTouch>0.92</AccuracyTouch>
			<AccuracyShort>0.86</AccuracyShort>
			<AccuracyMedium>0.74</AccuracyMedium>
			<AccuracyLong>0.61</AccuracyLong>
			<RangedWeapon_Cooldown>0.66</RangedWeapon_Cooldown>
		</statBases>
		<weaponTags>
			<li>USCM_StandardIssue_Ranged</li>
			<li>USCM_Weapons</li>
			<li>USCM_M4A4</li>
		</weaponTags>
		<tradeTags>
			<li>USCM</li>
		</tradeTags>	
		<verbs>
			<li>
				<verbClass>Verb_Shoot</verbClass>
				<hasStandardCommand>true</hasStandardCommand>
				<defaultProjectile>RRY_USCM_Bullet_M4A4P</defaultProjectile>
				<warmupTime>0.35</warmupTime>
				<range>26</range>
				<soundCast>RRY_M4A4_Shot</soundCast>
				<soundCastTail>GunTail_Light</soundCastTail>
				<muzzleFlashScale>9</muzzleFlashScale>
			</li>
		</verbs>
		<tools>
			<li>
				<label>grip</label>
				<capacities>
					<li>Blunt</li>
				</capacities>
				<power>8</power>
				<cooldownTime>1.6</cooldownTime>
			</li>
			<li>
				<label>barrel</label>
				<capacities>
					<li>Blunt</li>
					<li>Poke</li>
				</capacities>
				<power>8</power>
				<cooldownTime>1.6</cooldownTime>
			</li>
		</tools>	
		<costList>
		  <Steel>30</Steel>
		  <ComponentIndustrial>3</ComponentIndustrial>
		</costList>
		<recipeMaker>
			<researchPrerequisite>BlowbackOperation</researchPrerequisite>
		  <skillRequirements>
			<Crafting>5</Crafting>
		  </skillRequirements>	
		</recipeMaker>
	</ThingDef>

	<!-- ==================== 88 mod 4 ============================= -->
	<ThingDef ParentName="BaseBullet">
		<defName>RRY_USCM_Bullet_88mod4P</defName>
		<label>.9mm caliber bullet</label>
		<graphicData>
			<texPath>Things/Projectile/Bullet_Small</texPath>
			<graphicClass>Graphic_Single</graphicClass>
		</graphicData>
		<projectile>
			<flyOverhead>false</flyOverhead>
			<damageDef>Bullet</damageDef>
			<damageAmountBase>6</damageAmountBase>
			<speed>90</speed>
		</projectile>
	</ThingDef>

	<ThingDef ParentName="RRY_USCM_BaseMakeableGun">
		<defName>RRY_USCM_Gun_88mod4P</defName>
		<label>88 Mod 4 Combat Pistol</label>
		<description>The 88 Mod 4 Combat Pistol, also known simply as the Combat Pistol, is a 9mm, 18-round, blowback-operated, striker-fired, double action only, semi-automatic, pistol manufactured by Weyland-Yutani. Made completely of nano-bound hard impact plastic and other synthetic materials its low power damages are balanced by a fast fire rate.</description>
		<graphicData>
			<texPath>Things/Equipment/USCM/Ranged/88MOD4</texPath>
			<graphicClass>Graphic_Single</graphicClass>
		</graphicData>
		<soundInteract>Interact_Autopistol</soundInteract>
		<statBases>
			<MarketValue>300</MarketValue>
			<Mass>1.0</Mass>
			<AccuracyTouch>0.98</AccuracyTouch>
			<AccuracyShort>0.88</AccuracyShort>
			<AccuracyMedium>0.71</AccuracyMedium>
			<AccuracyLong>0.61</AccuracyLong>
			<RangedWeapon_Cooldown>0.42</RangedWeapon_Cooldown>
		</statBases>
		<weaponTags>
			<li>USCM_StandardIssue_Ranged</li>
			<li>USCM_Weapons</li>
			<li>USCM_88mod4</li>
		</weaponTags>
		<tradeTags>
			<li>USCM</li>
		</tradeTags>	
		<verbs>
			<li>
				<verbClass>Verb_Shoot</verbClass>
				<hasStandardCommand>true</hasStandardCommand>
				<defaultProjectile>RRY_USCM_Bullet_88mod4P</defaultProjectile>
				<warmupTime>0.2</warmupTime>
				<range>24</range>
				<soundCast>RRY_88mod4_Shot</soundCast>
				<soundCastTail>GunTail_Light</soundCastTail>
				<muzzleFlashScale>9</muzzleFlashScale>
			</li>
		</verbs>
		<tools>
			<li>
				<label>grip</label>
				<capacities>
					<li>Blunt</li>
				</capacities>
				<power>8</power>
				<cooldownTime>1.6</cooldownTime>
			</li>
			<li>
				<label>barrel</label>
				<capacities>
					<li>Blunt</li>
					<li>Poke</li>
				</capacities>
				<power>8</power>
				<cooldownTime>1.6</cooldownTime>
			</li>
		</tools>
		<costList>
		  <Steel>40</Steel>
		  <ComponentIndustrial>3</ComponentIndustrial>
		</costList>
		<recipeMaker>
			<researchPrerequisite>GasOperation</researchPrerequisite>
		  <skillRequirements>
			<Crafting>5</Crafting>
		  </skillRequirements>
		</recipeMaker>
	</ThingDef>

<!-- ====================== M240 Incinerator Unit ===================== -->
 <ThingDef ParentName="BaseBullet">
	<defName>RRY_USCM_Bullet_M240F</defName>
    <label>flames</label>
    <tickerType>Normal</tickerType>
    <graphicData>
      <texPath>Things/Projectile/Flamer</texPath>
      <graphicClass>Graphic_Flicker</graphicClass>
      <shaderType>TransparentPostLight</shaderType>
    </graphicData>
    <thingClass>RRYautja.Projectile_Fire</thingClass>
	<!--
    <modExtensions>
      <li Class="RRYautja.AnimatedProjectileExtension">
        <ticksPerFrame>15</ticksPerFrame>
      </li>
    </modExtensions>
	-->
	<modExtensions>
	  <li Class="RRYautja.ProjectileDefExtension">
		<ExtraShots>2</ExtraShots>
	  </li>
	</modExtensions>
    <projectile>
		<flyOverhead>false</flyOverhead>
		<damageDef>RRY_Flamer</damageDef>
		<damageAmountBase>1</damageAmountBase>
		<armorPenetrationBase>0.08</armorPenetrationBase>
		<explosionRadius>0.75</explosionRadius>
		<explosionChanceToStartFire>1.0</explosionChanceToStartFire>
		<postExplosionSpawnThingDef>Filth_Fuel</postExplosionSpawnThingDef>
		<preExplosionSpawnChance>0.5</preExplosionSpawnChance>
		<stoppingPower>0.75</stoppingPower>
		<speed>20</speed>
		<soundExplode>RRY_Flamer_Explosion</soundExplode>
    </projectile>
  </ThingDef>
  
 <ThingDef ParentName="RRY_USCM_BaseMakeableGun">
    <defName>RRY_USCM_Gun_M240Incinerator</defName>
    <label>M240 incinerator</label>
    <description>The M240 Incinerator Unit, also known as the M240 Flamethrower and colloquially as the Bake-a-Flake, is a carbine-style flamethrower employed by the United States Colonial Marine Corps.</description>
    <graphicData>
		<texPath>Things/Equipment/USCM/Ranged/M240_incinerator_unit_Green</texPath>
		<graphicClass>Graphic_Single</graphicClass>
    </graphicData>
    <soundInteract>Interact_Rifle</soundInteract>
    <statBases>
		<WorkToMake>12000</WorkToMake>
		<MarketValue>375</MarketValue>
		<Mass>3.2</Mass>
		<AccuracyTouch>0.90</AccuracyTouch>
		<AccuracyShort>0.60</AccuracyShort>
		<AccuracyMedium>0.55</AccuracyMedium>
		<AccuracyLong>0.50</AccuracyLong>
		<RangedWeapon_Cooldown>4.00</RangedWeapon_Cooldown>
    </statBases>
	<recipeMaker>
		<researchPrerequisite>Gunsmithing</researchPrerequisite>
		<skillRequirements>
			<Crafting>8</Crafting>
		</skillRequirements>
	</recipeMaker>
    <costList>
		<Steel>75</Steel>
		<ComponentIndustrial>4</ComponentIndustrial>
		<Chemfuel>25</Chemfuel>
    </costList>
	<techLevel>Spacer</techLevel>
    <weaponTags>
		<li>USCM_Weapons</li>
		<li>USCM_M240Incinerator</li>
		<li>USCM_StandardIssue_Ranged</li>
	</weaponTags>
	<tradeTags>
		<li>RRY_RangedWeapons</li>
		<li>RRY_USCM_RangedWeapons</li>
	</tradeTags>
    <verbs>
		<li>
			<verbClass>Verb_Shoot</verbClass>
			<hasStandardCommand>true</hasStandardCommand>
			<defaultProjectile>RRY_USCM_Bullet_M240F</defaultProjectile>
			<warmupTime>0.5</warmupTime>
			<range>16</range>
			<burstShotCount>24</burstShotCount>
			<ticksBetweenBurstShots>10</ticksBetweenBurstShots>
			<ai_AvoidFriendlyFireRadius>5</ai_AvoidFriendlyFireRadius>
			<soundCast>RRY_M240_Shot</soundCast>
			<soundCastTail>GunTail_Light</soundCastTail>
			<muzzleFlashScale>28</muzzleFlashScale>
			<targetParams>
				<canTargetLocations>true</canTargetLocations>
			</targetParams>
      </li>
    </verbs>
    <tools>
      <li>
        <label>stock</label>
        <capacities>
          <li>Blunt</li>
        </capacities>
        <power>9</power>
        <cooldownTime>1.8</cooldownTime>
      </li>
      <li>
        <label>barrel</label>
        <capacities>
          <li>Blunt</li>
          <li>Poke</li>
        </capacities>
        <power>10</power>
        <cooldownTime>1.9</cooldownTime>
      </li>
    </tools>
 </ThingDef>
 
<!-- ====================== M240A2 "Cleaner" Incinerator Unit ===================== -->
 <ThingDef ParentName="BaseBullet">
	<defName>RRY_USCM_Bullet_M240A2F</defName>
    <label>flames</label>
    <tickerType>Normal</tickerType>
    <graphicData>
      <texPath>Things/Projectile/Flamer</texPath>
      <graphicClass>Graphic_Flicker</graphicClass>
      <shaderType>TransparentPostLight</shaderType>
    </graphicData>
    <thingClass>RRYautja.Projectile_Fire</thingClass>
	<!--
    <modExtensions>
      <li Class="RRYautja.AnimatedProjectileExtension">
        <ticksPerFrame>15</ticksPerFrame>
      </li>
    </modExtensions>
	-->
	<modExtensions>
	  <li Class="RRYautja.ProjectileDefExtension">
		<ExtraShots>4</ExtraShots>
	  </li>
	</modExtensions>
    <projectile>
		<flyOverhead>false</flyOverhead>
		<damageDef>RRY_Flamer</damageDef>
		<damageAmountBase>2</damageAmountBase>
		<armorPenetrationBase>0.33</armorPenetrationBase>
		<explosionRadius>1.550</explosionRadius>
		<explosionChanceToStartFire>1.0</explosionChanceToStartFire>
		<postExplosionSpawnThingDef>Filth_Fuel</postExplosionSpawnThingDef>
		<preExplosionSpawnChance>0.5</preExplosionSpawnChance>
		<stoppingPower>0.75</stoppingPower>
		<speed>20</speed>
		<soundExplode>RRY_Flamer_Explosion</soundExplode>
    </projectile>
  </ThingDef>
  
 <ThingDef ParentName="RRY_USCM_BaseMakeableGun">
    <defName>RRY_USCM_M240A2Incinerator_Heavy</defName>
    <label>M2402 heavy incinerator</label>
    <description>The Heavy varaint of the M240 Incinerator unit, the M240A2 "Cleaner" Incenerator Unit need a portable fuel tank being strapped to the back of the user to make it effective.</description>
    <graphicData>
		<texPath>Things/Equipment/USCM/Ranged/M240_incinerator_unit</texPath>
		<graphicClass>Graphic_Single</graphicClass>
    </graphicData>
    <soundInteract>Interact_Rifle</soundInteract>
    <statBases>
		<WorkToMake>120000</WorkToMake>
		<MarketValue>1300</MarketValue>
		<Mass>3.2</Mass>
		<AccuracyTouch>0.90</AccuracyTouch>
		<AccuracyShort>0.60</AccuracyShort>
		<AccuracyMedium>0.55</AccuracyMedium>
		<AccuracyLong>0.50</AccuracyLong>
		<RangedWeapon_Cooldown>4.00</RangedWeapon_Cooldown>
    </statBases>
	<recipeMaker>
			<researchPrerequisite>Fabrication</researchPrerequisite>

	</recipeMaker>
    <costList>
		<Steel>80</Steel>
		<ComponentIndustrial>5</ComponentIndustrial>
		<Chemfuel>50</Chemfuel>
    </costList>
	<techLevel>Spacer</techLevel>
    <weaponTags>
		<li>USCM_Weapons</li>
		<li>USCM_M240Incinerator_Heavy</li>
		<li>USCM_StandardIssue_Ranged</li>
	</weaponTags>
	<tradeTags>
		<li>RRY_RangedWeapons</li>
		<li>RRY_USCM_RangedWeapons</li>
	</tradeTags>
    <verbs>
		<li>
			<verbClass>Verb_Shoot</verbClass>
			<hasStandardCommand>true</hasStandardCommand>
			<defaultProjectile>RRY_USCM_Bullet_M240A2F</defaultProjectile>
			<warmupTime>2.5</warmupTime>
			<range>12</range>
			<burstShotCount>24</burstShotCount>
			<ticksBetweenBurstShots>10</ticksBetweenBurstShots>
			<ai_AvoidFriendlyFireRadius>5</ai_AvoidFriendlyFireRadius>
			<soundCast>RRY_Flamer_Sound</soundCast>
			<soundCastTail>GunTail_Heavy</soundCastTail>
			<muzzleFlashScale>28</muzzleFlashScale>
			<targetParams>
				<canTargetLocations>true</canTargetLocations>
			</targetParams>
      </li>
	</verbs>
    <tools>
      <li>
        <label>stock</label>
        <capacities>
          <li>Blunt</li>
        </capacities>
        <power>9</power>
        <cooldownTime>1.8</cooldownTime>
      </li>
      <li>
        <label>barrel</label>
        <capacities>
          <li>Blunt</li>
          <li>Poke</li>
        </capacities>
        <power>10</power>
        <cooldownTime>1.9</cooldownTime>
      </li>
    </tools>
 </ThingDef>

<!-- ====================== USCM - M39 Submachine Gun ====================== -->
	<ThingDef ParentName="RRY_USCM_BaseMakeableGun">
		<defName>RRY_USCM_Gun_M39SMG</defName>
		<label>M39 submachine gun</label>
		<description>The Armat M39 Submachine Gun (SMG) is an American-made submachine gun used primarily by the United States Colonial Marine Corps as their standard issue SMG.</description>
		<graphicData>
			<texPath>Things/Equipment/USCM/Ranged/M39SMG</texPath>
			<graphicClass>Graphic_Single</graphicClass>		
    </graphicData>
		<soundInteract>Interact_SMG</soundInteract>
		<statBases>
			<WorkToMake>22500</WorkToMake>
			<MarketValue>350</MarketValue>
			<Mass>3.6</Mass>
			<AccuracyTouch>0.85</AccuracyTouch>
			<AccuracyShort>0.65</AccuracyShort>
			<AccuracyMedium>0.35</AccuracyMedium>
			<AccuracyLong>0.20</AccuracyLong>
			<RangedWeapon_Cooldown>1.65</RangedWeapon_Cooldown>
		</statBases>
	<recipeMaker>
		<researchPrerequisite>ChargedShot</researchPrerequisite>
		<skillRequirements>
			<Crafting>7</Crafting>
		</skillRequirements>
	</recipeMaker>
		
		<verbs>
			<li>
				<verbClass>Verb_Shoot</verbClass>
				<hasStandardCommand>true</hasStandardCommand>
				<defaultProjectile>RRY_USCM_Bullet_10x24mm_PR</defaultProjectile>
				<warmupTime>1</warmupTime>
				<range>24</range>
				<burstShotCount>3</burstShotCount>
				<ticksBetweenBurstShots>9</ticksBetweenBurstShots>
				<soundCast>RRY_M41A_Shot</soundCast>
				<soundCastTail>GunTail_Heavy</soundCastTail>
				<muzzleFlashScale>7</muzzleFlashScale>
			
			</li>
		</verbs>
    <tools>
      <li>
        <label>grip</label>
        <capacities>
          <li>Blunt</li>
        </capacities>
        <power>10</power>
        <cooldownTime>1.6</cooldownTime>
      </li>
      <li>
        <label>barrel</label>
        <capacities>
          <li>Blunt</li>
          <li>Poke</li>
        </capacities>
        <power>10</power>
        <cooldownTime>1.6</cooldownTime>
      </li>
    </tools>
		<techLevel>Spacer</techLevel>
		<weaponTags>
			<li>USCM_M39SMG</li>
			<li>USCM_StandardIssue_Ranged</li>
			<li>USCM_Weapons</li>
		</weaponTags>
		<tradeTags>
			<li>RRY_RangedWeapons</li>
			<li>RRY_USCM_RangedWeapons</li>
		</tradeTags>
		<costList>				
			<Steel>25</Steel>
			<Plasteel>5</Plasteel>
			<ComponentIndustrial>3</ComponentIndustrial>
		</costList>
	</ThingDef>	

	<!-- =================== M37A2 Pump Shotgun ================== -->
	<ThingDef ParentName="BaseBullet">
		<defName>RRY_USCM_Bullet_M37A2S</defName>
		<label>buckshot</label>
		<graphicData>
			<texPath>Things/Projectile/Bullet_Small</texPath>
			<graphicClass>Graphic_Single</graphicClass>
		</graphicData>
		<projectile>
			<flyOverhead>false</flyOverhead>
			<damageDef>Bullet</damageDef>
			<damageAmountBase>6</damageAmountBase>
			<speed>120</speed>
		</projectile>
	<modExtensions>
	  <li Class="RRYautja.ProjectileDefExtension">
		<ExtraShots>7</ExtraShots>
	  </li>
	</modExtensions>
	</ThingDef>

	<ThingDef ParentName="RRY_USCM_BaseMakeableGun">
		<defName>RRY_USCM_Gun_M37A2S</defName>
		<label>M37A2 Pump Shotgun</label>
		<description>The M37A2 Pump Shotgun, also known as the M37A2 Combat Shotgun, is a pump-action combat shotgun manufactured by Armat Battlefield Systems. The M37A2 is a simple and effective pump-action shotgun; its "classic" pump-action allows extremely powerful shells to be fired reliably. The M37A2 is employed by the United States Colonial Marine Corps and Weyland-Yutani PMCs.</description>
		<graphicData>
			<texPath>Things/Equipment/USCM/Ranged/M37A2_Shotgun</texPath>
			<graphicClass>Graphic_Single</graphicClass>
		</graphicData>
		<soundInteract>Interact_Shotgun</soundInteract>
		<statBases>
			<MarketValue>1000</MarketValue>
			<Mass>2.8</Mass>
			<AccuracyTouch>0.94</AccuracyTouch>
			<AccuracyShort>0.71</AccuracyShort>
			<AccuracyMedium>0.44</AccuracyMedium>
			<AccuracyLong>0.21</AccuracyLong>
			<RangedWeapon_Cooldown>0.8</RangedWeapon_Cooldown>
		</statBases>
		<techLevel>Spacer</techLevel>
		<weaponTags>
			<li>USCM_Weapons</li>
			<li>USCM_M37A2</li>
		</weaponTags>
		<tradeTags>
			<li>USCM</li>
		</tradeTags>
		<costList>
		  <Steel>60</Steel>
		  <ComponentIndustrial>3</ComponentIndustrial>
		</costList>
		<recipeMaker>
		  <skillRequirements>
			<Crafting>5</Crafting>
		  </skillRequirements>
		</recipeMaker>
		<equippedStatOffsets>
			<MoveSpeed>-0.10</MoveSpeed>
			<WorkSpeedGlobal>-0.1</WorkSpeedGlobal>
		</equippedStatOffsets>
		<verbs>
			<li>
				<verbClass>Verb_Shoot</verbClass>
				<hasStandardCommand>true</hasStandardCommand>
				<defaultProjectile>RRY_USCM_Bullet_M37A2S</defaultProjectile>
				<warmupTime>0.45</warmupTime>
				<range>15</range>
				<burstShotCount>1</burstShotCount>
				<ai_AvoidFriendlyFireRadius>5</ai_AvoidFriendlyFireRadius>
				<soundCast>RRY_M37A2_Shot</soundCast>
				<soundCastTail>GunTail_Heavy</soundCastTail>
				<muzzleFlashScale>9</muzzleFlashScale>
		  </li>
		</verbs>
		<tools>
			<li>
				<label>stock</label>
				<capacities>
					<li>Blunt</li>
				</capacities>
				<power>9</power>
				<cooldownTime>1.8</cooldownTime>
			</li>
			<li>
				<label>barrel</label>
				<capacities>
					<li>Blunt</li>
					<li>Poke</li>
				</capacities>
				<power>10</power>
				<cooldownTime>1.9</cooldownTime>
			</li>
		</tools>		
	</ThingDef>
	
	<!-- =================== M42A Sniper Rifle ================== -->
	<ThingDef ParentName="BaseBullet">
		<defName>RRY_USCM_Bullet_M42ASR</defName>
		<label>10×28mm Caseless bullet</label>
		<graphicData>
			<texPath>Things/Projectile/Bullet_Small</texPath>
			<graphicClass>Graphic_Single</graphicClass>
		</graphicData>
		<projectile>
			<flyOverhead>false</flyOverhead>
			<damageDef>Bullet</damageDef>
			<damageAmountBase>35</damageAmountBase>
			<speed>150</speed>
		</projectile>
	</ThingDef>

	<ThingDef ParentName="RRY_USCM_BaseMakeableGun">
		<defName>RRY_USCM_Gun_M42ASR</defName>
		<label>M42A Sniper Rifle</label>
		<description>The M42A Scope Rifle is an American-made semi-automatic sniper rifle chambered for 10mm M252 HEAP ammunition. It is employed as the primary sniper weapon of the United States Colonial Marine Corps.</description>
		<graphicData>
			<texPath>Things/Equipment/USCM/Ranged/M42A</texPath>
			<graphicClass>Graphic_Single</graphicClass>
		</graphicData>
		<soundInteract>Interact_Rifle</soundInteract>
		<statBases>
			<MarketValue>3000</MarketValue>
			<Mass>4.2</Mass>
			<AccuracyTouch>0.52</AccuracyTouch>
			<AccuracyShort>0.64</AccuracyShort>
			<AccuracyMedium>0.92</AccuracyMedium>
			<AccuracyLong>0.83</AccuracyLong>
			<RangedWeapon_Cooldown>1.5</RangedWeapon_Cooldown>
		</statBases>
		<weaponTags>
			<li>USCM_Weapons</li>
			<li>USCM_M42A</li>
		</weaponTags>
		<tradeTags>
			<li>USCM</li>
		</tradeTags>
		<equippedStatOffsets>
			<MoveSpeed>-0.10</MoveSpeed>
			<WorkSpeedGlobal>-0.1</WorkSpeedGlobal>
		</equippedStatOffsets>
		<verbs>
			<li>
				<verbClass>Verb_Shoot</verbClass>
				<hasStandardCommand>true</hasStandardCommand>
				<defaultProjectile>RRY_USCM_Bullet_M42ASR</defaultProjectile>
				<warmupTime>4.0</warmupTime>
				<range>50</range>
				<soundCast>RRY_M42A_Shot</soundCast>
        		<muzzleFlashScale>9</muzzleFlashScale>
			</li>
		</verbs>
		<tools>
			<li>
				<label>stock</label>
				<capacities>
					<li>Blunt</li>
				</capacities>
				<power>9</power>
				<cooldownTime>1.8</cooldownTime>
			</li>
			<li>
				<label>barrel</label>
				<capacities>
					<li>Blunt</li>
					<li>Poke</li>
				</capacities>
				<power>10</power>
				<cooldownTime>1.9</cooldownTime>
			</li>
		</tools>	
		<costList>
		  <Plasteel>20</Plasteel>
		  <Steel>40</Steel>
		  <ComponentSpacer>1</ComponentSpacer>
		</costList>
		<recipeMaker>
			<researchPrerequisite>PrecisionRifling</researchPrerequisite>
		  <skillRequirements>
			<Crafting>12</Crafting>
		  </skillRequirements>
		</recipeMaker>	
	</ThingDef>
		
	<!-- =================== M5 Rocket Propelled Grenade ================== -->	
	<ThingDef ParentName="BaseBullet">
		<defName>RRY_USCM_Bullet_M5RPG</defName>
		<label>M5 RPG Ammunition</label>
		<graphicData>
			<texPath>Things/Projectile/Rocket_Big</texPath>
			<graphicClass>Graphic_Single</graphicClass>
			<shaderType>TransparentPostLight</shaderType>
		</graphicData>
		<thingClass>Projectile_Explosive</thingClass>
		<projectile>
			<damageDef>Bomb</damageDef>
			<damageAmountBase>40</damageAmountBase>
			<explosionRadius>3.0</explosionRadius>
			<speed>60</speed>
		</projectile>
	</ThingDef>
  
	<ThingDef ParentName="RRY_USCM_BaseMakeableGun">
		<defName>RRY_USCM_Gun_M5RPG</defName>
		<label>M5 Rocket Propelled Grenade</label>
		<description>The M5 Rocket Propelled Grenade (RPG) is a portable, shoulder-fired, reloadable, semi-automatic unguided anti-armor rocket-propelled grenade launcher used by United States Colonial Marine Corps as their standard issue RPG. Able to load up to 4 rockets, the M5 RPG is the favorite anti-infantry toy of the USCM.</description>
		<graphicData>
			<texPath>Things/Equipment/USCM/Ranged/uscm_rocket_launcher_Ver</texPath>
			<graphicClass>Graphic_Single</graphicClass>
		</graphicData>
		<soundInteract>Interact_ChargeLance</soundInteract>
		<statBases>
			<MarketValue>8000</MarketValue>
			<Mass>13</Mass>
			<AccuracyTouch>0.62</AccuracyTouch>
			<AccuracyShort>0.79</AccuracyShort>
			<AccuracyMedium>0.72</AccuracyMedium>
			<AccuracyLong>0.68</AccuracyLong>
			<RangedWeapon_Cooldown>4.5</RangedWeapon_Cooldown>
		</statBases>
		<weaponTags>
			<li>USCM_Weapons</li>
			<li>USCM_M5</li>
		</weaponTags>
		<tradeTags>
			<li>USCM</li>
		</tradeTags>
		<equippedStatOffsets>
			<MoveSpeed>-0.30</MoveSpeed>
			<WorkSpeedGlobal>-0.7</WorkSpeedGlobal>
		</equippedStatOffsets>
		<verbs>
			<li>
				<verbClass>Verb_Shoot</verbClass>
				<hasStandardCommand>true</hasStandardCommand>
				<defaultProjectile>RRY_USCM_Bullet_M5RPG</defaultProjectile>
				<forcedMissRadius>3.5</forcedMissRadius>
				<warmupTime>3.0</warmupTime>
				<range>40</range>
				<ticksBetweenBurstShots>50</ticksBetweenBurstShots>
				<burstShotCount>4</burstShotCount>
				<soundCast>RRY_M5_Shot</soundCast>
				<soundCastTail>GunTail_Heavy</soundCastTail>
				<onlyManualCast>false</onlyManualCast>
				<stopBurstWithoutLos>true</stopBurstWithoutLos>
				<targetParams>
					<canTargetLocations>true</canTargetLocations>
				</targetParams>
				<muzzleFlashScale>14</muzzleFlashScale>
			</li>
		</verbs>
		<tools>
			<li>
				<label>barrel</label>
				<capacities>
					<li>Blunt</li>
				</capacities>
				<power>10</power>
				<cooldownTime>1.9</cooldownTime>
			</li>
		</tools>	
		<costList>
		  <Plasteel>40</Plasteel>
		  <Chemfuel>40</Chemfuel>
		  <ComponentSpacer>1</ComponentSpacer>
		</costList>
		<recipeMaker>
			<researchPrerequisite>AdvancedFabrication</researchPrerequisite>
		  <skillRequirements>
			<Crafting>12</Crafting>
		  </skillRequirements>
		</recipeMaker>	
	</ThingDef>
</Defs>