﻿<?xml version="1.0" encoding="utf-8" ?>
<Defs>

  <ThingDef ParentName="BuildingNaturalBase">
    <defName>RRY_EggXenomorphFertilized</defName>
    <label>Xenomorph egg</label>
    <description>A Xenomorph egg. The eggs laid by the queen are ellipsoidal, leathery objects between one-half and one meter (two and three feet) high with a four-lobed opening at the top. The eggs can remain in a stasis mode for years, possibly indefinitely, until nearby movement is detected. As a potential host approaches, the egg's lobes unfold like flower petals, and the parasitic facehugger extracts itself from the egg and attaches itself to the potential host. why anyone would allow one of these to hatch is a mystery.</description>
     <thingClass>RRYautja.Building_XenoEgg</thingClass>
    <drawerType>RealtimeOnly</drawerType>
    <minifiedDef>MinifiedXenoEgg</minifiedDef>
    <altitudeLayer>BuildingOnTop</altitudeLayer>
    <passability>PassThroughOnly</passability>
    <selectable>true</selectable>
    <fillPercent>0.25</fillPercent>
    <leaveResourcesWhenKilled>false</leaveResourcesWhenKilled>
    <rotatable>false</rotatable>
    <tickerType>Normal</tickerType>
    <building>
      <claimable>false</claimable>
      <isInert>true</isInert>
      <canBuildNonEdificesUnder>false</canBuildNonEdificesUnder>
      <deconstructible>false</deconstructible>
    </building>
    <thingCategories>
      <li>BuildingsSpecial</li>
    </thingCategories>
    <statBases>
      <MaxHitPoints>100</MaxHitPoints>
      <Mass>60</Mass>
      <Flammability>10.0</Flammability>
      <MarketValue>0</MarketValue>
    </statBases>
    <comps>
      <li Class="RRYautja.CompProperties_XenoHatcher">
        <hatcherDaystoHatch>0.25</hatcherDaystoHatch>
        <triggerRadius>7</triggerRadius>
        <!--hatcherPawn>RRY_Xenomorph_FaceHugger</hatcherPawn-->
      </li>
    </comps>
    <graphicData>
      <texPath>Things/Buildings/Xenomorph/Eggs/Xenomorph_Egg</texPath>
      <!--color>(245,245,245)</color-->
      <graphicClass>Graphic_Single</graphicClass>
      <shadowData>
        <volume>(0.3, 0.6, 0.3)</volume>
        <offset>(0,0,-0.1)</offset>
      </shadowData>
      <damageData>
        <rect>(0.2,0.2,0.6,0.6)</rect>
      </damageData>
    </graphicData>
  </ThingDef>

  <!-- ======================= Minified things ========================= -->

  <ThingDef>
    <defName>MinifiedXenoEgg</defName>
	<ignoreConfigErrors>true</ignoreConfigErrors>
    <label>selfinstalling minifed thing</label>
    <thingClass>RRYautja.MinifiedXenoEgg</thingClass>
    <category>Item</category>
    <useHitPoints>true</useHitPoints>
    <selectable>true</selectable>
    <altitudeLayer>Item</altitudeLayer>
    <scatterableOnMapGen>false</scatterableOnMapGen>
    <tickerType>Normal</tickerType>
    <!-- for CompForbiddable -->
    <drawerType>RealtimeOnly</drawerType>
    <comps>
      <li Class="CompProperties_Forbiddable"/>
    </comps>
    <inspectorTabs>
      <!-- <li>ITab_Art</li> -->
    </inspectorTabs>
    <alwaysHaulable>true</alwaysHaulable>
    <rotatable>false</rotatable>
    <pathCost>15</pathCost>
  </ThingDef>

</Defs>
