﻿<?xml version="1.0" encoding="utf-8" ?>
<Defs>

  <ThingDef ParentName="BaseBullet">
    <defName>RRY_Bullet_DroneAcidSpit</defName>
    <label>Acid spit shot</label>
    <graphicData>
      <texPath>Things/Projectile/Smoke</texPath>
      <graphicClass>Graphic_Single</graphicClass>
			<color>(93,195,0)</color>
      <shaderType>TransparentPostLight</shaderType>
    </graphicData>
    <projectile>
      <damageDef>RRY_AcidDamage</damageDef>
      <damageAmountBase>1</damageAmountBase>
      <speed>45</speed>
    </projectile>
  </ThingDef>
  
  <ThingDef ParentName="BaseGun">
    <defName>RRY_Gun_DroneAcidSpit</defName>
    <label>Acid spit</label>
    <description>.</description>
    <graphicData>
      <texPath>DummyTexture</texPath>
      <graphicClass>Graphic_Single</graphicClass>
    </graphicData>
    <statBases>
      <MarketValue>1400</MarketValue>
      <Mass>22</Mass>
      <AccuracyTouch>0.18</AccuracyTouch>
      <AccuracyShort>0.26</AccuracyShort>
      <AccuracyMedium>0.26</AccuracyMedium>
      <AccuracyLong>0.18</AccuracyLong>
      <RangedWeapon_Cooldown>3.4</RangedWeapon_Cooldown>
    </statBases>
    <techLevel>Spacer</techLevel>
    <menuHidden>True</menuHidden>
    <destroyOnDrop>true</destroyOnDrop>
    <tradeability>None</tradeability>
    <weaponTags>
      <li>DroneAcidSpit</li>
    </weaponTags>
    <verbs>
      <li>
        <verbClass>Verb_Shoot</verbClass>
        <hasStandardCommand>true</hasStandardCommand>
        <defaultProjectile>RRY_Bullet_DroneAcidSpit</defaultProjectile>
        <warmupTime>1.25</warmupTime>
        <range>12</range>
        <ticksBetweenBurstShots>2</ticksBetweenBurstShots>
        <burstShotCount>4</burstShotCount>
        <muzzleFlashScale>0</muzzleFlashScale>
      </li>
    </verbs>
    <tools>
    </tools>
  </ThingDef>

</Defs>