﻿<?xml version="1.0" encoding="utf-8" ?>
<Defs>

<ThingDef Name="RRY_BaseXenomorphPawn" Abstract="True">
    <thingClass>Pawn</thingClass>
    <category>Pawn</category>
    <selectable>true</selectable>
    <tickerType>Normal</tickerType>
    <altitudeLayer>Pawn</altitudeLayer>
    <useHitPoints>false</useHitPoints>
	
    <hasTooltip>true</hasTooltip>
    <alwaysFlee>true</alwaysFlee>
    <soundImpactDefault>BulletImpact_Flesh</soundImpactDefault>
    <inspectorTabs>
        <li>ITab_Pawn_Health</li>
        <li>ITab_Pawn_Log</li>
    </inspectorTabs>
    <comps>
        <li>
            <compClass>CompAttachBase</compClass>
        </li>
    </comps>
    <!-- <alwaysFlee>true</alwaysFlee> -->
    <drawGUIOverlay>true</drawGUIOverlay>
</ThingDef>

  <ThingDef ParentName="RRY_BaseXenomorphPawn" Name="RRY_BaseXenomorph" Abstract="True">
    <soundImpactDefault>BulletImpact_Flesh</soundImpactDefault>
    <statBases>
      <Mass>70</Mass>
      <PainShockThreshold>0.9999</PainShockThreshold>
      <MeleeDodgeChance>1.5</MeleeDodgeChance>
      <MeleeHitChance>1.5</MeleeHitChance>
      <MiningSpeed>1.5</MiningSpeed>
      <ImmunityGainSpeed>2.25</ImmunityGainSpeed>
      <PsychicSensitivity>1</PsychicSensitivity>
      <ToxicSensitivity>0.5</ToxicSensitivity>
      <Flammability>0.5</Flammability>
      <ComfyTemperatureMin>-30</ComfyTemperatureMin>
      <ComfyTemperatureMax>150</ComfyTemperatureMax>
      <MeatAmount>15</MeatAmount>
      <LeatherAmount>15</LeatherAmount>
      <ArmorRating_Heat>0.75</ArmorRating_Heat>
    </statBases>
    <race>
      <thinkTreeMain>RRY_Xenomorph_ThinkTree</thinkTreeMain>
      <thinkTreeConstant>XenomorphConstant</thinkTreeConstant>
      <!-- <deathActionWorkerClass>RRYautja.DeathActionWorker_Xenomorph</deathActionWorkerClass> -->
      <herdAnimal>false</herdAnimal>
      <!--predator>true</predator-->
      <maxPreyBodySize>3.0</maxPreyBodySize>
      <baseBodySize>1.5</baseBodySize>
      <baseHungerRate>0.0</baseHungerRate>
      <baseHealthScale>1.5</baseHealthScale>
      <fleshType>RRY_Xenomorph</fleshType>
      <bloodDef>RRY_FilthBloodXenomorph</bloodDef>	
      <needsRest>false</needsRest>
      <hasGenders>false</hasGenders>
      <foodType>Corpse,CarnivoreAnimalStrict</foodType>
      <leatherDef>RRY_Leather_Xenomorph</leatherDef>
      <lifeExpectancy>2500</lifeExpectancy>
      <hediffGiverSets>
        <li>RRY_Xenomorph_Standard</li>
      </hediffGiverSets>
    </race>
  </ThingDef>

  <PawnKindDef Name="RRY_BaseXenomorphKind" Abstract="True">
    <defaultFactionType>RRY_Xenomorph</defaultFactionType>
    <aiAvoidCover>true</aiAvoidCover>
    <destroyGearOnDrop>true</destroyGearOnDrop>
  </PawnKindDef>

  <!-- Face Hugger - fast melee -->
  <ThingDef ParentName="RRY_BaseXenomorph">
    <defName>RRY_Xenomorph_FaceHugger</defName>
    <label>Facehugger</label>
    <description>Facehuggers are the second stage in the Xenomorph's life cycle. It has eight long, finger-like legs, which allow it to crawl rapidly, and a long tail adapted for making great leaps. These particular appendages give it an appearance somewhat comparable to chelicerate arthropods such as arachnids and horseshoe crabs./n/nThe facehugger is a parasitoid; its only purpose is to make contact with the host's mouth for the implantation process by gripping its legs around the victim's head and wrapping its tail around the host's neck. Upon making contact, the facehugger administers a cynose-based paralytic in order to render it unconscious and immobile. During a successful attachment, the facehugger will insert a proboscis down the host's throat while simultaneously implanting an embryo. The host is kept alive, and the creature breathes for the host. Attempts to remove facehuggers generally prove fatal, as the parasitoid will respond by tightening its tail around the host's neck, and its acidic blood prevents it from being cut away. In addition, its grip on the host's head is strong enough to tear the host's face off if it is forcibly removed./n/nOnce the embryo is implanted, the facehugger will remain attached until the implant is secure, which can take anywhere from less than a minute to 16 hours. Once this happens, the parasite detaches, crawls away, and dies. The victim awakens with no awareness of the implantation, believing themselves to have been asleep, and appears to have a normal, healthy bodily function.</description>
    <statBases>
      <Mass>1.5</Mass>
      <MoveSpeed>6.9</MoveSpeed>
      <ArmorRating_Blunt>0.2</ArmorRating_Blunt>
      <ArmorRating_Sharp>0.2</ArmorRating_Sharp>
    </statBases>
    <tools>
      <li>
        <label>Face grab</label>
        <capacities>
          <!-- <li>RRY_FaceHuggerGrab</li> -->
          <li>Blunt</li>
        </capacities>
        <power>3</power>
        <cooldownTime>2</cooldownTime>
        <linkedBodyPartsGroup>HeadAttackTool</linkedBodyPartsGroup>
        <chanceFactor>0.5</chanceFactor>
      </li>
      <li>
        <label>tail</label>
        <capacities>
          <li>Blunt</li>
        </capacities>
        <power>3</power>
        <cooldownTime>2</cooldownTime>
        <linkedBodyPartsGroup>HeadAttackTool</linkedBodyPartsGroup>
        <ensureLinkedBodyPartsGroupAlwaysUsable>true</ensureLinkedBodyPartsGroupAlwaysUsable>
        <chanceFactor>0.2</chanceFactor>
      </li>
    </tools>
    <race>
      <foodType>CarnivoreAnimalStrict</foodType>
      <meatLabel>xenomorph flesh</meatLabel>
      <maxPreyBodySize>30</maxPreyBodySize>
      <intelligence>ToolUser</intelligence>
      <body>RRY_Xenomorph_FaceHugger</body>
      <baseBodySize>0.30</baseBodySize>
      <baseHealthScale>0.3</baseHealthScale>
      <lifeStageAges>
        <li>
          <def>RRY_XFacehuggerFullyFormed</def>
          <minAge>0</minAge>
          <soundWounded>Pawn_Megascarab_Wounded</soundWounded>
          <soundDeath>Pawn_Megascarab_Death</soundDeath>
          <soundCall>Pawn_Megascarab_Call</soundCall>
          <soundAngry>Pawn_Megascarab_Angry</soundAngry>
        </li>
      </lifeStageAges>
      <soundCallIntervalRange>
        <min>1000</min>
        <max>2000</max>
      </soundCallIntervalRange>
      <soundMeleeHitPawn>Pawn_Melee_Punch_HitPawn</soundMeleeHitPawn>
      <soundMeleeHitBuilding>Pawn_Melee_Punch_HitBuilding</soundMeleeHitBuilding>
      <soundMeleeMiss>Pawn_Melee_Punch_Miss</soundMeleeMiss>
    </race>
    <comps> 
      <li>
        <compClass>RRYautja.Comp_Facehugger</compClass>
      </li>
      <li>
        <compClass>RRYautja.Comp_Xenomorph</compClass>
      </li>
    </comps>
  </ThingDef>
  
  <PawnKindDef ParentName="RRY_BaseXenomorphKind">
    <defName>RRY_Xenomorph_FaceHugger</defName>
    <label>Face Hugger</label>
    <race>RRY_Xenomorph_FaceHugger</race>
    <combatPower>50</combatPower>
    <lifeStages>
      <li>
        <bodyGraphicData>
          <texPath>Things/Pawn/Xenomorph/Xenomorph_FaceHugger</texPath>
          <graphicClass>Graphic_Multi</graphicClass>
          <drawSize>2.30</drawSize>
        </bodyGraphicData>
      </li>
    </lifeStages>
    <weaponMoney>
      <min>0</min>
      <max>0</max>
    </weaponMoney>
    <weaponTags>
    </weaponTags>
  </PawnKindDef>

  <PawnKindDef ParentName="RRY_BaseXenomorphKind">
    <defName>RRY_Xenomorph_RoyaleHugger</defName>
    <label>Face Hugger</label>
    <race>RRY_Xenomorph_FaceHugger</race>
    <combatPower>70</combatPower>
    <lifeStages>
      <li>
        <bodyGraphicData>
          <texPath>Things/Pawn/Xenomorph/Xenomorph_FaceHuggerRoyal</texPath>
          <graphicClass>Graphic_Multi</graphicClass>
          <drawSize>1.30</drawSize>
        </bodyGraphicData>
      </li>
    </lifeStages>
    <weaponMoney>
      <min>0</min>
      <max>0</max>
    </weaponMoney>
    <weaponTags>
    </weaponTags>
  </PawnKindDef>

  <!-- Queen -->
  <ThingDef ParentName="RRY_BaseXenomorph">
    <defName>RRY_Xenomorph_Queen</defName>
    <label>Queen</label>
    <description>Queen Xenomorphs are significantly larger and stronger than the normal adults, being approximately 4.5 metres (15 ft) tall. Their body structure differs also, having two pairs of arms, one large and one small. The queen's head is larger than those of other adult Xenomorphs and is protected by a large, flat crest, like a crown, which varies from queen to queen. Unlike other Xenomorphs, the queen's external mouth is separately segmented from the rest of her head, allowing her to turn her mouth left and right almost to the point where it is facing perpendicular to the direction of the rest of her head./n/nEgg-laying Xenomorph queens possess an immense ovipositor attached to their lower torso, similar to a queen termite's. Unlike insect queens, there appears to be no need for an Xenomorph queen's eggs to be fertilized. When attached to her ovipositor, the queen is supported by a "biomechanical throne" that consists of a lattice of struts resembling massive insect legs.</description>
    <statBases>
      <Mass>160</Mass>
      <MoveSpeed>5.75</MoveSpeed>
      <ArmorRating_Blunt>1.10</ArmorRating_Blunt>
      <ArmorRating_Sharp>1.10</ArmorRating_Sharp>
      <ArmorRating_Heat>1.10</ArmorRating_Heat>
      <MeatAmount>115</MeatAmount>
      <LeatherAmount>90</LeatherAmount>
      <PsychicSensitivity>0.25</PsychicSensitivity>
      <ToxicSensitivity>0.25</ToxicSensitivity>
    </statBases>
    <tools>
      <li>
        <label>left claw</label>
        <capacities>
          <li>Blunt</li>
          <li>Cut</li>
        </capacities>
        <power>15</power>
        <cooldownTime>2</cooldownTime>
        <linkedBodyPartsGroup>RRY_Xeno_LeftHand</linkedBodyPartsGroup>
        <surpriseAttack>
          <extraMeleeDamages>
            <li>
              <def>Stun</def>
              <amount>15</amount>
            </li>
          </extraMeleeDamages>
        </surpriseAttack>
      </li>
      <li>
        <label>right claw</label>
        <capacities>
          <li>Blunt</li>
          <li>Cut</li>
        </capacities>
        <power>15</power>
        <cooldownTime>2</cooldownTime>
        <linkedBodyPartsGroup>RRY_Xeno_RightHand</linkedBodyPartsGroup>
        <surpriseAttack>
          <extraMeleeDamages>
            <li>
              <def>Stun</def>
              <amount>15</amount>
            </li>
          </extraMeleeDamages>
        </surpriseAttack>
      </li>
      <li>
        <label>teeth</label>
        <capacities>
          <li>Bite</li>
        </capacities>
        <power>25</power>
        <cooldownTime>2</cooldownTime>
        <linkedBodyPartsGroup>Teeth</linkedBodyPartsGroup>
        <chanceFactor>0.07</chanceFactor>
      </li>
      <li>
        <label>inner teeth</label>
        <capacities>
          <li>Bite</li>
        </capacities>
        <power>30</power>
        <cooldownTime>2</cooldownTime>
        <linkedBodyPartsGroup>Teeth</linkedBodyPartsGroup>
        <chanceFactor>0.07</chanceFactor>
      </li>
      <li>
        <label>head</label>
        <capacities>
          <li>Blunt</li>
        </capacities>
        <power>15</power>
        <cooldownTime>2</cooldownTime>
        <linkedBodyPartsGroup>HeadAttackTool</linkedBodyPartsGroup>
        <ensureLinkedBodyPartsGroupAlwaysUsable>true</ensureLinkedBodyPartsGroupAlwaysUsable>
        <chanceFactor>0.2</chanceFactor>
      </li>
      <li>
        <label>tail</label>
        <capacities>
          <li>Blunt</li>
          <li>RRY_TailWhip</li>
        </capacities>
        <power>10</power>
        <cooldownTime>2</cooldownTime>
        <linkedBodyPartsGroup>RRY_Xeno_Tail_AttackTool</linkedBodyPartsGroup>
        <chanceFactor>0.2</chanceFactor>
      </li>
      <li>
        <label>tail spike</label>
        <capacities>
          <li>Stab</li>
          <li>Cut</li>
        </capacities>
        <power>40</power>
        <cooldownTime>2.5</cooldownTime>
        <linkedBodyPartsGroup>RRY_Xeno_Tail_SpikeAttackTool</linkedBodyPartsGroup>
        <chanceFactor>0.2</chanceFactor>
      </li>
    </tools>
    <race>
      <intelligence>ToolUser</intelligence>
      <thinkTreeMain>RRY_Xenomorph_ThinkTree</thinkTreeMain>
      <body>RRY_Xenomorph_Biped</body>
	  <useMeatFrom>RRY_Xenomorph_FaceHugger</useMeatFrom>
      <baseBodySize>3.0</baseBodySize>
      <baseHealthScale>28.5</baseHealthScale>
      <lifeStageAges>
        <li>
          <def>RRY_XenomorphChestBursterBaby</def>
          <minAge>0</minAge>
          <soundWounded>RRY_Pawn_Xenomorph_Normal_Wounded</soundWounded>
          <soundDeath>RRY_Pawn_Xenomorph_Normal_Death</soundDeath>
          <soundCall>RRY_Pawn_Xenomorph_Normal_Call</soundCall>
        </li>
        <li>
          <def>RRY_XenomorphChestBursterBig</def>
          <minAge>0.0041666666666666</minAge>
          <soundWounded>RRY_Pawn_Xenomorph_Normal_Wounded</soundWounded>
          <soundDeath>RRY_Pawn_Xenomorph_Normal_Death</soundDeath>
          <soundCall>RRY_Pawn_Xenomorph_Normal_Call</soundCall>
        </li>
        <li>
          <def>RRY_XenomorphFormedBaby</def>
          <minAge>0.0083333333333332</minAge>
          <soundWounded>RRY_Pawn_Xenomorph_Normal_Wounded</soundWounded>
          <soundDeath>RRY_Pawn_Xenomorph_Normal_Death</soundDeath>
          <soundCall>RRY_Pawn_Xenomorph_Normal_Call</soundCall>
        </li>
        <li>
          <def>RRY_XenomorphFormedMid</def>
          <minAge>0.0124999999999998</minAge>
          <soundWounded>RRY_Pawn_Xenomorph_Normal_Wounded</soundWounded>
          <soundDeath>RRY_Pawn_Xenomorph_Normal_Death</soundDeath>
          <soundCall>RRY_Pawn_Xenomorph_Normal_Call</soundCall>
        </li>
        <li>
          <def>RRY_XenomorphFullyFormed</def>
          <minAge>0.0166666666666667</minAge>
          <soundWounded>RRY_Pawn_Xenomorph_Normal_Wounded</soundWounded>
          <soundDeath>RRY_Pawn_Xenomorph_Normal_Death</soundDeath>
          <soundCall>RRY_Pawn_Xenomorph_Normal_Call</soundCall>
        </li>
      </lifeStageAges>
      <soundCallIntervalRange>
        <min>1000</min>
        <max>2000</max>
      </soundCallIntervalRange>
      <soundMeleeHitPawn>Pawn_Melee_Punch_HitPawn</soundMeleeHitPawn>
      <soundMeleeHitBuilding>Pawn_Melee_Punch_HitBuilding</soundMeleeHitBuilding>
      <soundMeleeMiss>Pawn_Melee_Punch_Miss</soundMeleeMiss>
    </race>
    <comps> 
      <li>
        <compClass>RRYautja.Comp_Xenomorph</compClass>
      </li>
      <li Class="RRYautja.CompProperties_XenoEggLayer">
        <eggDef>RRY_EggXenomorphFertilized</eggDef>
        <eggCountMax>1</eggCountMax>
        <eggLayIntervalDays>0.1</eggLayIntervalDays>
        <eggCountRange>1</eggCountRange>
      </li> 
    </comps>
	<modExtensions>
	  <li Class="HunterMarkingSystem.MarkDefExtension">
		<!-- DefName of the Marking Hediff Kills of this race give --> 
		<hediffs><li>HMS_Hediff_BloodedMXenomorphQueen</li></hediffs>
	  </li>
	</modExtensions>
	<!--
    <butcherProducts>
      <Steel>50</Steel>
      <Plasteel>10</Plasteel>
      <ComponentIndustrial>2</ComponentIndustrial>
    </butcherProducts>
	-->
  </ThingDef>

  <PawnKindDef ParentName="RRY_BaseXenomorphKind">
    <defName>RRY_Xenomorph_Queen</defName>
    <label>Queen</label>
    <race>RRY_Xenomorph_Queen</race>
    <combatPower>750</combatPower>
    <lifeStages>
      <li>
        <bodyGraphicData>
          <texPath>Things/Pawn/Xenomorph/Xenomorph_ChestBurster</texPath>
          <graphicClass>Graphic_Multi</graphicClass>
          <drawSize>0.5</drawSize>
          <shadowData>
            <volume><!--(0.6, 0.8, 0.6)-->(0.0, 0.0, 0.0)</volume>
          </shadowData>
          <shaderType>CutoutComplex</shaderType>
        </bodyGraphicData>
      </li>
      <li>
        <bodyGraphicData>
          <texPath>Things/Pawn/Xenomorph/Xenomorph_ChestBurster</texPath>
          <graphicClass>Graphic_Multi</graphicClass>
          <drawSize>0.75</drawSize>
          <shadowData>
            <volume><!--(0.6, 0.8, 0.6)-->(0.0, 0.0, 0.0)</volume>
          </shadowData>
        </bodyGraphicData>
      </li>
      <li>
        <bodyGraphicData>
          <texPath>Things/Pawn/Xenomorph/QueenYoung</texPath>
          <graphicClass>Graphic_Multi</graphicClass>
          <drawSize>1</drawSize>
          <shadowData>
            <volume>(0.6, 0.8, 0.6)</volume>
          </shadowData>
          <shaderType>CutoutComplex</shaderType>
          <color>(59,82,118)</color>
        </bodyGraphicData>
      </li>
      <li>
        <bodyGraphicData>
          <texPath>Things/Pawn/Xenomorph/QueenYoung</texPath>
          <graphicClass>Graphic_Multi</graphicClass>
          <drawSize>2</drawSize>
          <shadowData>
            <volume>(0.6, 0.8, 0.6)</volume>
          </shadowData>
          <shaderType>CutoutComplex</shaderType>
          <color>(59,82,118)</color>
        </bodyGraphicData>
      </li>
      <li>
        <bodyGraphicData>
          <texPath>Things/Pawn/Xenomorph/Queen</texPath>
          <graphicClass>Graphic_Multi</graphicClass>
          <drawSize>3.3</drawSize>
          <shadowData>
            <volume>(0.6, 0.8, 0.6)</volume>
          </shadowData>
          <shaderType>CutoutComplex</shaderType>
          <color>(59,82,118)</color>
        </bodyGraphicData>
      </li>
    </lifeStages>
    <weaponMoney>
      <min>0</min>
      <max>0</max>
    </weaponMoney>
    <weaponTags>
	
    </weaponTags>
  </PawnKindDef>

  <!-- Walker (Warrior/Runner/Drone/Predalien) base -->
  <ThingDef ParentName="RRY_BaseXenomorph" Name="BaseXenomorphWalker" Abstract="True">
    <race>
      <intelligence>ToolUser</intelligence>
      <thinkTreeMain>RRY_Xenomorph_ThinkTree</thinkTreeMain>
      <baseBodySize>1.0</baseBodySize>
      <lifeStageAges>
        <li>
          <def>RRY_XenomorphChestBursterBaby</def>
          <minAge>0</minAge>
          <soundWounded>RRY_Pawn_Xenomorph_Normal_Wounded</soundWounded>
          <soundDeath>RRY_Pawn_Xenomorph_Normal_Death</soundDeath>
          <soundCall>RRY_Pawn_Xenomorph_Normal_Call</soundCall>
        </li>
        <li>
          <def>RRY_XenomorphChestBursterBig</def>
          <minAge>0.0041666666666666</minAge>
          <soundWounded>RRY_Pawn_Xenomorph_Normal_Wounded</soundWounded>
          <soundDeath>RRY_Pawn_Xenomorph_Normal_Death</soundDeath>
          <soundCall>RRY_Pawn_Xenomorph_Normal_Call</soundCall>
        </li>
        <li>
          <def>RRY_XenomorphFormedBaby</def>
          <minAge>0.0083333333333332</minAge>
          <soundWounded>RRY_Pawn_Xenomorph_Normal_Wounded</soundWounded>
          <soundDeath>RRY_Pawn_Xenomorph_Normal_Death</soundDeath>
          <soundCall>RRY_Pawn_Xenomorph_Normal_Call</soundCall>
        </li>
        <li>
          <def>RRY_XenomorphFormedMid</def>
          <minAge>0.0124999999999998</minAge>
          <soundWounded>RRY_Pawn_Xenomorph_Normal_Wounded</soundWounded>
          <soundDeath>RRY_Pawn_Xenomorph_Normal_Death</soundDeath>
          <soundCall>RRY_Pawn_Xenomorph_Normal_Call</soundCall>
        </li>
        <li>
          <def>RRY_XenomorphFullyFormed</def>
          <minAge>0.0166666666666667</minAge>
          <soundWounded>RRY_Pawn_Xenomorph_Normal_Wounded</soundWounded>
          <soundDeath>RRY_Pawn_Xenomorph_Normal_Death</soundDeath>
          <soundCall>RRY_Pawn_Xenomorph_Normal_Call</soundCall>
        </li>
      </lifeStageAges>
      <soundCallIntervalRange>
        <min>1000</min>
        <max>2000</max>
      </soundCallIntervalRange>
    </race>
    <comps> 
      <li>
        <compClass>RRYautja.Comp_Xenomorph</compClass>
      </li>
	  <!--
	  <li Class="ExtraButcheringProducts.CompProperties_SpecialButcherChance">
        <butcherProducts>
          <li>
            <thingDef>whateveryouwant</thingDef>
            <count>#</count>
            <chance>#</chance>
          </li>
        </butcherProducts>
      </li>
	  -->
    </comps>
	<!--
    <butcherProducts>
      <Steel>20</Steel>
      <Plasteel>5</Plasteel>
      <ComponentIndustrial>1</ComponentIndustrial>
    </butcherProducts>
	-->
  </ThingDef>

  <!-- Walker (Warrior/Runner/Drone) base -->
  <ThingDef ParentName="BaseXenomorphWalker" Name="BaseXenomorphWalker_Cannon" Abstract="True">
	<modExtensions>
	  <li Class="HunterMarkingSystem.MarkDefExtension">
		<!-- DefName of the Marking Hediff Kills of this race give --> 
		<hediffs><li>HMS_Hediff_BloodedMXenomorph</li></hediffs>
	  </li>
	</modExtensions>
  </ThingDef>

  <!-- Drone - Basic -->
  <ThingDef ParentName="BaseXenomorphWalker_Cannon">
    <defName>RRY_Xenomorph_Drone</defName>
    <label>Drone</label>
    <description>Drones are an adult form of the species Xenomorph XX121, often said to be the most basic adult caste. They are loyal servants of the Queen, but essentially represents the lowliest class of Xenomorph, comparable to a worker ant. Drones construct Xenomorph Hives, using a resin-like secretion that they produce, and collect hosts for impregnation./n/n Drones are easily identified by their smooth head carapaces, among the smoothest of all Xenomorphs, and they are capable of spitting cysts of acidic blood at their enemies. They average around 8 feet tall when standing on hind legs, and about 14–15 feet long, tail included.</description>
    <statBases>
      <MoveSpeed>5.2</MoveSpeed>
      <MeleeDodgeChance>1.75</MeleeDodgeChance>
      <MeleeHitChance>1.25</MeleeHitChance>
      <ArmorRating_Blunt>0.40</ArmorRating_Blunt>
      <ArmorRating_Sharp>0.60</ArmorRating_Sharp>
      <MeatAmount>30</MeatAmount>
      <LeatherAmount>30</LeatherAmount>
		<ShootingAccuracyPawn>1.5</ShootingAccuracyPawn>
    </statBases>
    <tools>
      <li>
        <label>left claw</label>
        <capacities>
          <li>Blunt</li>
          <li>Cut</li>
        </capacities>
        <power>11.5</power>
        <cooldownTime>2</cooldownTime>
        <linkedBodyPartsGroup>RRY_Xeno_LeftHand</linkedBodyPartsGroup>
        <surpriseAttack>
          <extraMeleeDamages>
            <li>
              <def>Stun</def>
              <amount>14</amount>
            </li>
          </extraMeleeDamages>
        </surpriseAttack>
      </li>
      <li>
        <label>right claw</label>
        <capacities>
          <li>Blunt</li>
          <li>Cut</li>
        </capacities>
        <power>11.5</power>
        <cooldownTime>2</cooldownTime>
        <linkedBodyPartsGroup>RRY_Xeno_RightHand</linkedBodyPartsGroup>
        <surpriseAttack>
          <extraMeleeDamages>
            <li>
              <def>Stun</def>
              <amount>14</amount>
            </li>
          </extraMeleeDamages>
        </surpriseAttack>
      </li>
      <li>
        <label>teeth</label>
        <capacities>
          <li>Bite</li>
        </capacities>
        <power>12.5</power>
        <cooldownTime>2</cooldownTime>
        <linkedBodyPartsGroup>Teeth</linkedBodyPartsGroup>
        <chanceFactor>0.07</chanceFactor>
      </li>
      <li>
        <label>inner teeth</label>
        <capacities>
          <li>Bite</li>
        </capacities>
        <power>18.2</power>
        <cooldownTime>2</cooldownTime>
        <linkedBodyPartsGroup>RRY_Xeno_InnerTeeth</linkedBodyPartsGroup>
        <chanceFactor>0.07</chanceFactor>
      </li>
      <li>
        <label>head</label>
        <capacities>
          <li>Blunt</li>
        </capacities>
        <power>8</power>
        <cooldownTime>2</cooldownTime>
        <linkedBodyPartsGroup>HeadAttackTool</linkedBodyPartsGroup>
        <ensureLinkedBodyPartsGroupAlwaysUsable>true</ensureLinkedBodyPartsGroupAlwaysUsable>
        <chanceFactor>0.5</chanceFactor>
      </li>
      <li>
        <label>tail</label>
        <capacities>
          <li>Blunt</li>
          <li>RRY_TailWhip</li>
        </capacities>
        <power>10</power>
        <cooldownTime>2</cooldownTime>
        <linkedBodyPartsGroup>RRY_Xeno_Tail_AttackTool</linkedBodyPartsGroup>
        <chanceFactor>0.2</chanceFactor>
      </li>
      <li>
        <label>tail spike</label>
        <capacities>
          <li>Stab</li>
          <li>Cut</li>
        </capacities>
        <power>20</power>
        <cooldownTime>2</cooldownTime>
        <linkedBodyPartsGroup>RRY_Xeno_Tail_SpikeAttackTool</linkedBodyPartsGroup>
        <chanceFactor>0.2</chanceFactor>
      </li>
    </tools>
    <race>
      <body>RRY_Xenomorph_Biped</body>
	  <useMeatFrom>RRY_Xenomorph_FaceHugger</useMeatFrom>
      <baseHealthScale>0.72</baseHealthScale>
      <baseBodySize>1.6</baseBodySize>
      <soundMeleeHitPawn>Pawn_Melee_Punch_HitPawn</soundMeleeHitPawn>
      <soundMeleeHitBuilding>Pawn_Melee_Punch_HitBuilding</soundMeleeHitBuilding>
      <soundMeleeMiss>Pawn_Melee_Punch_Miss</soundMeleeMiss>
    </race>
    <comps> 
	<!---
      <li Class="AbilityUser.CompProperties_AbilityUser">
        <compClass>RRYautja.RRY_Xenomorph_AbilityUser</compClass>
	  -->
    </comps>
  </ThingDef>

  <PawnKindDef ParentName="RRY_BaseXenomorphKind">
    <defName>RRY_Xenomorph_Drone</defName>
    <label>Drone</label>
    <race>RRY_Xenomorph_Drone</race>
    <combatPower>125</combatPower>
    <alternateGraphicChance>0.2</alternateGraphicChance>
    <alternateGraphics>
      <li><texPath>Things/Pawn/Xenomorph/Xenomorph_Drone_New_Dark</texPath></li>
      <li><texPath>Things/Pawn/Xenomorph/Xenomorph_Drone_New_Gold</texPath></li>
      <li><texPath>Things/Pawn/Xenomorph/Xenomorph_Drone_New_Light</texPath></li>
      <!--<li><texPath>Things/Pawn/Xenomorph/Xenomorph_Drone_New_Red</texPath></li>-->
    </alternateGraphics>
    <lifeStages>
      <li>
        <bodyGraphicData>
          <texPath>Things/Pawn/Xenomorph/ChestBursterBloody</texPath>
          <graphicClass>Graphic_Multi</graphicClass>
          <drawSize>0.5</drawSize>
          <shadowData>
            <volume><!--(0.6, 0.8, 0.6)-->(0.0, 0.0, 0.0)</volume>
          </shadowData>
          <color>(234,212,137)</color>
          <colorTwo>(234,212,137)</colorTwo>
          <shaderType>CutoutComplex</shaderType>
        </bodyGraphicData>
      </li>
      <li>
        <bodyGraphicData>
          <texPath>Things/Pawn/Xenomorph/ChestBurster</texPath>
          <graphicClass>Graphic_Multi</graphicClass>
          <drawSize>0.75</drawSize>
          <shadowData>
            <volume><!--(0.6, 0.8, 0.6)-->(0.0, 0.0, 0.0)</volume>
          </shadowData>
          <color>(234,212,137)</color>
        </bodyGraphicData>
      </li>
      <li>
        <bodyGraphicData>
          <texPath>Things/Pawn/Xenomorph/Xenomorph_Drone</texPath>
          <graphicClass>Graphic_Multi</graphicClass>
          <drawSize>1.0</drawSize>
          <shadowData>
            <volume>(0.4, 0.8, 0.4)</volume>
          </shadowData>
        </bodyGraphicData>
      </li>
      <li>
        <bodyGraphicData>
          <texPath>Things/Pawn/Xenomorph/Xenomorph_Drone</texPath>
          <graphicClass>Graphic_Multi</graphicClass>
          <drawSize>1.25</drawSize>
          <shadowData>
            <volume>(0.4, 0.8, 0.4)</volume>
          </shadowData>
        </bodyGraphicData>
      </li>
      <li>
        <bodyGraphicData>
          <texPath>Things/Pawn/Xenomorph/Xenomorph_Drone</texPath>
          <graphicClass>Graphic_Multi</graphicClass>
          <drawSize>1.5</drawSize>
          <shadowData>
            <volume>(0.4, 0.8, 0.4)</volume>
          </shadowData>
        </bodyGraphicData>
      </li>
    </lifeStages>
	<!--
    <weaponMoney>
      <min>9999</min>
      <max>9999</max>
    </weaponMoney>
    <weaponTags>
      <li>DroneAcidSpit</li>
    </weaponTags>
	-->
    <weaponMoney>
      <min>9999</min>
      <max>9999</max>
    </weaponMoney>
    <weaponTags>
      <li>DroneAcidSpit</li>
    </weaponTags>
  </PawnKindDef>
  
  <!-- Warrior - Melee -->
  <ThingDef ParentName="BaseXenomorphWalker_Cannon">
    <defName>RRY_Xenomorph_Warrior</defName>
    <label>Warrior</label>
    <description>Warriors, also known as Soldiers, are the primary assault caste of the Xenomorph XX121 species and as such is almost certainly the most numerous caste of Xenomorph in existence. They are fast, reasonably tough, and savage combatants./n/nEven in death the Warrior is dangerous, as its pressurized bloodstream will cause it to burst apart, drenching nearby enemies in acid blood. Warriors are identified by their ridged heads, and stand around 7–8 feet tall on their hind legs. They are about 14–16 feet long, including their tail.</description>
    <statBases>
      <Mass>85</Mass>
      <MoveSpeed>5.5</MoveSpeed>
      <ArmorRating_Blunt>0.55</ArmorRating_Blunt>
      <ArmorRating_Sharp>0.70</ArmorRating_Sharp>
      <MeatAmount>45</MeatAmount>
      <LeatherAmount>45</LeatherAmount>
    </statBases>
    <tools>
      <li>
        <label>left claw</label>
        <capacities>
          <li>Blunt</li>
          <li>Cut</li>
        </capacities>
        <power>16.2</power>
        <cooldownTime>2</cooldownTime>
        <linkedBodyPartsGroup>RRY_Xeno_LeftHand</linkedBodyPartsGroup>
        <surpriseAttack>
          <extraMeleeDamages>
            <li>
              <def>Stun</def>
              <amount>14</amount>
            </li>
          </extraMeleeDamages>
        </surpriseAttack>
      </li>
      <li>
        <label>right claw</label>
        <capacities>
          <li>Blunt</li>
          <li>Cut</li>
        </capacities>
        <power>16.2</power>
        <cooldownTime>2</cooldownTime>
        <linkedBodyPartsGroup>RRY_Xeno_RightHand</linkedBodyPartsGroup>
        <surpriseAttack>
          <extraMeleeDamages>
            <li>
              <def>Stun</def>
              <amount>14</amount>
            </li>
          </extraMeleeDamages>
        </surpriseAttack>
      </li>
      <li>
        <label>teeth</label>
        <capacities>
          <li>Bite</li>
        </capacities>
        <power>12.2</power>
        <cooldownTime>2</cooldownTime>
        <linkedBodyPartsGroup>Teeth</linkedBodyPartsGroup>
        <chanceFactor>0.07</chanceFactor>
      </li>
      <li>
        <label>inner teeth</label>
        <capacities>
          <li>Bite</li>
        </capacities>
        <power>20.2</power>
        <cooldownTime>2</cooldownTime>
        <linkedBodyPartsGroup>Teeth</linkedBodyPartsGroup>
        <chanceFactor>0.07</chanceFactor>
      </li>
      <li>
        <label>head</label>
        <capacities>
          <li>Blunt</li>
        </capacities>
        <power>9</power>
        <cooldownTime>2</cooldownTime>
        <linkedBodyPartsGroup>HeadAttackTool</linkedBodyPartsGroup>
        <ensureLinkedBodyPartsGroupAlwaysUsable>true</ensureLinkedBodyPartsGroupAlwaysUsable>
        <chanceFactor>0.2</chanceFactor>
      </li>
      <li>
        <label>tail</label>
        <capacities>
          <li>Blunt</li>
          <li>RRY_TailWhip</li>
        </capacities>
        <power>9</power>
        <cooldownTime>2</cooldownTime>
        <linkedBodyPartsGroup>RRY_Xeno_Tail_AttackTool</linkedBodyPartsGroup>
        <chanceFactor>0.2</chanceFactor>
      </li>
      <li>
        <label>tail spike</label>
        <capacities>
          <li>Stab</li>
          <li>Cut</li>
        </capacities>
        <power>25</power>
        <cooldownTime>2</cooldownTime>
        <linkedBodyPartsGroup>RRY_Xeno_Tail_SpikeAttackTool</linkedBodyPartsGroup>
        <chanceFactor>0.2</chanceFactor>
      </li>
    </tools>
    <race>
      <body>RRY_Xenomorph_Biped</body>
	  <useMeatFrom>RRY_Xenomorph_FaceHugger</useMeatFrom>
      <baseHealthScale>1.72</baseHealthScale>
      <baseBodySize>2.0</baseBodySize>
      <soundMeleeHitPawn>Pawn_Melee_Punch_HitPawn</soundMeleeHitPawn>
      <soundMeleeHitBuilding>Pawn_Melee_Punch_HitBuilding</soundMeleeHitBuilding>
      <soundMeleeMiss>Pawn_Melee_Punch_Miss</soundMeleeMiss>
    </race>
  </ThingDef>

  <PawnKindDef ParentName="RRY_BaseXenomorphKind">
    <defName>RRY_Xenomorph_Warrior</defName>
    <label>Warrior</label>
    <race>RRY_Xenomorph_Warrior</race>
    <combatPower>160</combatPower>
	<!--
    <alternateGraphicChance>0.5</alternateGraphicChance>
    <alternateGraphics>
      <li><texPath>Things/Pawn/Xenomorph/Xenomorph_Warrior_New</texPath></li
      <li><texPath>Things/Pawn/Xenomorph/Xenomorph_Warrior_New_Red</texPath></li>
    </alternateGraphics>
	-->
    <lifeStages>
      <li>
        <bodyGraphicData>
          <texPath>Things/Pawn/Xenomorph/ChestBursterBloody</texPath>
          <graphicClass>Graphic_Multi</graphicClass>
          <drawSize>0.5</drawSize>
          <shadowData>
            <volume><!--(0.6, 0.8, 0.6)-->(0.0, 0.0, 0.0)</volume>
          </shadowData>
          <color>(234,212,137)</color>
          <colorTwo>(234,212,137)</colorTwo>
          <shaderType>CutoutComplex</shaderType>
        </bodyGraphicData>
      </li>
      <li>
        <bodyGraphicData>
          <texPath>Things/Pawn/Xenomorph/ChestBurster</texPath>
          <graphicClass>Graphic_Multi</graphicClass>
          <drawSize>0.75</drawSize>
          <shadowData>
            <volume><!--(0.6, 0.8, 0.6)-->(0.0, 0.0, 0.0)</volume>
          </shadowData>
          <color>(234,212,137)</color>
        </bodyGraphicData>
      </li>
      <li>
        <bodyGraphicData>
          <texPath>Things/Pawn/Xenomorph/Warrior</texPath>
          <graphicClass>Graphic_Multi</graphicClass>
          <shaderType>CutoutComplex</shaderType>
          <drawSize>0.95</drawSize>
          <shadowData>
            <volume>(0.4, 0.8, 0.4)</volume>
          </shadowData>
          <color>(59,82,118)</color>
        </bodyGraphicData>
      </li>
      <li>
        <bodyGraphicData>
          <texPath>Things/Pawn/Xenomorph/Warrior</texPath>
          <graphicClass>Graphic_Multi</graphicClass>
          <shaderType>CutoutComplex</shaderType>
          <drawSize>1.35</drawSize>
          <shadowData>
            <volume>(0.4, 0.8, 0.4)</volume>
          </shadowData>
          <color>(59,82,118)</color>
        </bodyGraphicData>
      </li>
      <li>
        <bodyGraphicData>
          <texPath>Things/Pawn/Xenomorph/Warrior</texPath>
          <graphicClass>Graphic_Multi</graphicClass>
          <shaderType>CutoutComplex</shaderType>
          <drawSize>1.75</drawSize>
          <shadowData>
            <volume>(0.4, 0.8, 0.4)</volume>
          </shadowData>
          <color>(59,82,118)</color>
        </bodyGraphicData>
      </li>
    </lifeStages>
    <weaponMoney>
      <min>0</min>
      <max>0</max>
    </weaponMoney>
    <weaponTags>
	
    </weaponTags>
  </PawnKindDef>

  <!-- Runner - Fast Melee -->
  <ThingDef ParentName="BaseXenomorphWalker_Cannon">
    <defName>RRY_Xenomorph_Runner</defName>
    <label>Runner</label>
    <description>Runners, also known as Dog Aliens or Ox Aliens, is an adult form of the species Xenomorph XX121 spawned from a quadrupedal host animal (such as a dog). Runners, as their name implies, are fast and agile, and can spit acid from their mouths./n/n Runners have variously been portrayed as being slightly larger and slightly smaller than typical human-spawned Aliens, differences that no doubt derive from the animal that hosted the creature. However, Runners average around 7 feet 5 inches tall when standing on their hind legs.</description>
    <statBases>
      <Mass>60</Mass>
      <MoveSpeed>7.6</MoveSpeed>
      <ArmorRating_Blunt>0.25</ArmorRating_Blunt>
      <ArmorRating_Sharp>0.40</ArmorRating_Sharp>
      <MeatAmount>25</MeatAmount>
      <LeatherAmount>25</LeatherAmount>
    </statBases>
    <tools>
      <li>
        <label>left claw</label>
        <capacities>
          <li>Blunt</li>
          <li>Cut</li>
        </capacities>
        <power>10.2</power>
        <cooldownTime>2</cooldownTime>
        <linkedBodyPartsGroup>RRY_Xeno_LeftHand</linkedBodyPartsGroup>
        <surpriseAttack>
          <extraMeleeDamages>
            <li>
              <def>Stun</def>
              <amount>14</amount>
            </li>
          </extraMeleeDamages>
        </surpriseAttack>
      </li>
      <li>
        <label>right claw</label>
        <capacities>
          <li>Blunt</li>
          <li>Cut</li>
        </capacities>
        <power>10.2</power>
        <cooldownTime>2</cooldownTime>
        <linkedBodyPartsGroup>RRY_Xeno_RightHand</linkedBodyPartsGroup>
        <surpriseAttack>
          <extraMeleeDamages>
            <li>
              <def>Stun</def>
              <amount>14</amount>
            </li>
          </extraMeleeDamages>
        </surpriseAttack>
      </li>
      <li>
        <label>teeth</label>
        <capacities>
          <li>Bite</li>
        </capacities>
        <power>15.2</power>
        <cooldownTime>2</cooldownTime>
        <linkedBodyPartsGroup>Teeth</linkedBodyPartsGroup>
        <chanceFactor>0.07</chanceFactor>
      </li>
      <li>
        <label>inner teeth</label>
        <capacities>
          <li>Bite</li>
        </capacities>
        <power>20.2</power>
        <cooldownTime>2</cooldownTime>
        <linkedBodyPartsGroup>RRY_Xeno_InnerTeeth</linkedBodyPartsGroup>
        <chanceFactor>0.07</chanceFactor>
      </li>
      <li>
        <label>head</label>
        <capacities>
          <li>Blunt</li>
        </capacities>
        <power>6</power>
        <cooldownTime>2</cooldownTime>
        <linkedBodyPartsGroup>HeadAttackTool</linkedBodyPartsGroup>
        <ensureLinkedBodyPartsGroupAlwaysUsable>true</ensureLinkedBodyPartsGroupAlwaysUsable>
        <chanceFactor>0.2</chanceFactor>
      </li>
      <li>
        <label>tail</label>
        <capacities>
          <li>Blunt</li>
          <li>RRY_TailWhip</li>
        </capacities>
        <power>7</power>
        <cooldownTime>2</cooldownTime>
        <linkedBodyPartsGroup>RRY_Xeno_Tail_AttackTool</linkedBodyPartsGroup>
        <chanceFactor>0.2</chanceFactor>
      </li>
      <li>
        <label>tail spike</label>
        <capacities>
          <li>Stab</li>
          <li>Cut</li>
        </capacities>
        <power>25</power>
        <cooldownTime>2</cooldownTime>
        <linkedBodyPartsGroup>RRY_Xeno_Tail_SpikeAttackTool</linkedBodyPartsGroup>
        <chanceFactor>0.2</chanceFactor>
      </li>
    </tools>
    <race>
      <body>RRY_Xenomorph_Quadruped</body>
	  <useMeatFrom>RRY_Xenomorph_FaceHugger</useMeatFrom>
      <baseBodySize>1.4</baseBodySize>
      <baseHealthScale>1.32</baseHealthScale>
      <soundMeleeHitPawn>Pawn_Melee_Punch_HitPawn</soundMeleeHitPawn>
      <soundMeleeHitBuilding>Pawn_Melee_Punch_HitBuilding</soundMeleeHitBuilding>
      <soundMeleeMiss>Pawn_Melee_Punch_Miss</soundMeleeMiss>
    </race>
  </ThingDef>

  <PawnKindDef ParentName="RRY_BaseXenomorphKind">
    <defName>RRY_Xenomorph_Runner</defName>
    <label>Runner</label>
    <race>RRY_Xenomorph_Runner</race>
    <combatPower>100</combatPower>
    <lifeStages>
      <li>
        <bodyGraphicData>
          <texPath>Things/Pawn/Xenomorph/Xenomorph_ChestBurster</texPath>
          <graphicClass>Graphic_Multi</graphicClass>
          <drawSize>0.5</drawSize>
          <shadowData>
            <volume><!--(0.6, 0.8, 0.6)-->(0.0, 0.0, 0.0)</volume>
          </shadowData>
          <shaderType>CutoutComplex</shaderType>
        </bodyGraphicData>
      </li>
      <li>
        <bodyGraphicData>
          <texPath>Things/Pawn/Xenomorph/Xenomorph_ChestBurster</texPath>
          <graphicClass>Graphic_Multi</graphicClass>
          <drawSize>0.75</drawSize>
          <shadowData>
            <volume><!--(0.6, 0.8, 0.6)-->(0.0, 0.0, 0.0)</volume>
          </shadowData>
        </bodyGraphicData>
      </li>
      <li>
        <bodyGraphicData>
          <texPath>Things/Pawn/Xenomorph/Xenomorph_Runner</texPath>
          <graphicClass>Graphic_Multi</graphicClass>
          <drawSize>1.00</drawSize>
          <shadowData>
            <volume>(0.4, 0.8, 0.4)</volume>
          </shadowData>
        </bodyGraphicData>
      </li>
      <li>
        <bodyGraphicData>
          <texPath>Things/Pawn/Xenomorph/Xenomorph_Runner</texPath>
          <graphicClass>Graphic_Multi</graphicClass>
          <drawSize>1.15</drawSize>
          <shadowData>
            <volume>(0.4, 0.8, 0.4)</volume>
          </shadowData>
        </bodyGraphicData>
      </li>
      <li>
        <bodyGraphicData>
          <texPath>Things/Pawn/Xenomorph/Xenomorph_Runner</texPath>
          <graphicClass>Graphic_Multi</graphicClass>
          <drawSize>1.9</drawSize>
          <shadowData>
            <volume>(0.4, 0.8, 0.4)</volume>
          </shadowData>
        </bodyGraphicData>
      </li>
    </lifeStages>
    <weaponMoney>
      <min>0</min>
      <max>0</max>
    </weaponMoney>
    <weaponTags>
    </weaponTags>
  </PawnKindDef>

  <!-- Preadalien - Advanced Melee -->
  <ThingDef ParentName="BaseXenomorphWalker">
    <defName>RRY_Xenomorph_Predalien</defName>
    <label>Predalien</label>
    <description>Predaliens are Xenomorphs spawned from a Yautja. A more obvious result of the Xenomorph's DNA Reflex, the Predalien takes more clearly after its Yautja host, sharing physical features such as dreadlocks, mandibles and lighter skin coloration./n/n They are lethal combatants, often seen to possess strength far in excess of human-spawned Xenomorphs owing to the greater physical prowess of their hosts, a trait the Predalien subsequently inherits and enhances. They are apparently rare and are regarded by the Yautja as abominations and an insult to their species.</description>
    <statBases>
      <Mass>95</Mass>
      <MoveSpeed>5.6</MoveSpeed>
      <ArmorRating_Blunt>0.55</ArmorRating_Blunt>
      <ArmorRating_Sharp>0.80</ArmorRating_Sharp>
      <MeatAmount>25</MeatAmount>
      <LeatherAmount>25</LeatherAmount>
    </statBases>
    <tools>
      <li>
        <label>left claw</label>
        <capacities>
          <li>Blunt</li>
          <li>Cut</li>
        </capacities>
        <power>17.2</power>
        <cooldownTime>2</cooldownTime>
        <linkedBodyPartsGroup>RRY_Xeno_LeftHand</linkedBodyPartsGroup>
        <surpriseAttack>
          <extraMeleeDamages>
            <li>
              <def>Stun</def>
              <amount>14</amount>
            </li>
          </extraMeleeDamages>
        </surpriseAttack>
      </li>
      <li>
        <label>right claw</label>
        <capacities>
          <li>Blunt</li>
          <li>Cut</li>
        </capacities>
        <power>17.2</power>
        <cooldownTime>2</cooldownTime>
        <linkedBodyPartsGroup>RRY_Xeno_RightHand</linkedBodyPartsGroup>
        <surpriseAttack>
          <extraMeleeDamages>
            <li>
              <def>Stun</def>
              <amount>14</amount>
            </li>
          </extraMeleeDamages>
        </surpriseAttack>
      </li>
      <li>
        <label>teeth</label>
        <capacities>
          <li>Bite</li>
        </capacities>
        <power>13.2</power>
        <cooldownTime>2</cooldownTime>
        <linkedBodyPartsGroup>Teeth</linkedBodyPartsGroup>
        <chanceFactor>0.07</chanceFactor>
      </li>
      <li>
        <label>inner teeth</label>
        <capacities>
          <li>Bite</li>
        </capacities>
        <power>22.2</power>
        <cooldownTime>2</cooldownTime>
        <linkedBodyPartsGroup>Teeth</linkedBodyPartsGroup>
        <chanceFactor>0.07</chanceFactor>
      </li>
      <li>
        <label>head</label>
        <capacities>
          <li>Blunt</li>
        </capacities>
        <power>10</power>
        <cooldownTime>2</cooldownTime>
        <linkedBodyPartsGroup>HeadAttackTool</linkedBodyPartsGroup>
        <ensureLinkedBodyPartsGroupAlwaysUsable>true</ensureLinkedBodyPartsGroupAlwaysUsable>
        <chanceFactor>0.2</chanceFactor>
      </li>
      <li>
        <label>tail</label>
        <capacities>
          <li>Blunt</li>
          <li>RRY_TailWhip</li>
        </capacities>
        <power>12</power>
        <cooldownTime>2</cooldownTime>
        <linkedBodyPartsGroup>RRY_Xeno_Tail_AttackTool</linkedBodyPartsGroup>
        <chanceFactor>0.2</chanceFactor>
      </li>
      <li>
        <label>tail spike</label>
        <capacities>
          <li>Stab</li>
          <li>Cut</li>
        </capacities>
        <power>30</power>
        <cooldownTime>2</cooldownTime>
        <linkedBodyPartsGroup>RRY_Xeno_Tail_SpikeAttackTool</linkedBodyPartsGroup>
        <chanceFactor>0.2</chanceFactor>
      </li>
    </tools>
    <race>
      <body>RRY_Xenomorph_Biped_Predalien</body>
	  <useMeatFrom>RRY_Xenomorph_FaceHugger</useMeatFrom>
      <baseHealthScale>2.72</baseHealthScale>
      <baseBodySize>2.4</baseBodySize>
      <soundMeleeHitPawn>Pawn_Melee_Punch_HitPawn</soundMeleeHitPawn>
      <soundMeleeHitBuilding>Pawn_Melee_Punch_HitBuilding</soundMeleeHitBuilding>
      <soundMeleeMiss>Pawn_Melee_Punch_Miss</soundMeleeMiss>
    </race>
	<modExtensions>
	  <li Class="HunterMarkingSystem.MarkDefExtension">
		<!-- DefName of the Marking Hediff Kills of this race give --> 
		<hediffs><li>HMS_Hediff_BloodedMPredalien</li></hediffs>
	  </li>
	</modExtensions>
  </ThingDef>

  <PawnKindDef ParentName="RRY_BaseXenomorphKind">
    <defName>RRY_Xenomorph_Predalien</defName>
    <label>Predalien</label>
    <race>RRY_Xenomorph_Predalien</race>
    <combatPower>230</combatPower>
    <lifeStages>
      <li>
        <bodyGraphicData>
          <texPath>Things/Pawn/Xenomorph/Xenomorph_PredBurster</texPath>
          <graphicClass>Graphic_Multi</graphicClass>
          <drawSize>0.5</drawSize>
          <shadowData>
            <volume><!--(0.6, 0.8, 0.6)-->(0.0, 0.0, 0.0)</volume>
          </shadowData>
          <shaderType>CutoutComplex</shaderType>
        </bodyGraphicData>
      </li>
      <li>
        <bodyGraphicData>
          <texPath>Things/Pawn/Xenomorph/Xenomorph_PredBurster</texPath>
          <graphicClass>Graphic_Multi</graphicClass>
          <drawSize>0.75</drawSize>
          <shadowData>
            <volume><!--(0.6, 0.8, 0.6)-->(0.0, 0.0, 0.0)</volume>
          </shadowData>
        </bodyGraphicData>
      </li>
      <li>
        <bodyGraphicData>
          <texPath>Things/Pawn/Xenomorph/Xenomorph_Predalien</texPath>
          <graphicClass>Graphic_Multi</graphicClass>
          <drawSize>1.00</drawSize>
          <shadowData>
            <volume>(0.4, 0.8, 0.4)</volume>
          </shadowData>
        </bodyGraphicData>
      </li>
      <li>
        <bodyGraphicData>
          <texPath>Things/Pawn/Xenomorph/Xenomorph_Predalien</texPath>
          <graphicClass>Graphic_Multi</graphicClass>
          <drawSize>1.25</drawSize>
          <shadowData>
            <volume>(0.4, 0.8, 0.4)</volume>
          </shadowData>
        </bodyGraphicData>
      </li>
      <li>
        <bodyGraphicData>
          <texPath>Things/Pawn/Xenomorph/Xenomorph_Predalien</texPath>
          <graphicClass>Graphic_Multi</graphicClass>
          <drawSize>2.1</drawSize>
          <shadowData>
            <volume>(0.4, 0.8, 0.4)</volume>
          </shadowData>
        </bodyGraphicData>
      </li>
    </lifeStages>
    <weaponMoney>
      <min>0</min>
      <max>0</max>
    </weaponMoney>
    <weaponTags>
    </weaponTags>
  </PawnKindDef>

  <!-- Thrumbomorph -->
  <ThingDef ParentName="RRY_BaseXenomorph">
    <defName>RRY_Xenomorph_Thrumbomorph</defName>
    <label>Thrumbomorph</label>
    <description>Thrumbomorph Xenomorphs are significantly larger and stronger than the normal adults, being over 5 metres tall. Their body structure differs also, having no arms, although its large limbs many manipulate objects. The thrumbomorphs's head is larger than those of other adult Xenomorphs and is adorned by a large, flat blade, which is an inherited feature from its host./n/nThis thing is a total monstrosity and can easily dismantle a battle tank, do not engage lightly.</description>
    <statBases>
      <Mass>200</Mass>
      <MoveSpeed>5.5</MoveSpeed>
      <ArmorRating_Blunt>1.30</ArmorRating_Blunt>
      <ArmorRating_Sharp>1.60</ArmorRating_Sharp>
      <ArmorRating_Heat>1.00</ArmorRating_Heat>
      <MeatAmount>215</MeatAmount>
      <LeatherAmount>140</LeatherAmount>
      <PsychicSensitivity>0.5</PsychicSensitivity>
      <ToxicSensitivity>0.25</ToxicSensitivity>
    </statBases>
    <tools>
      <li>
        <label>horn</label>
        <capacities>
          <li>Scratch</li>
          <li>Stab</li>
        </capacities>
        <power>50</power>
        <cooldownTime>2</cooldownTime>
        <linkedBodyPartsGroup>HornAttackTool</linkedBodyPartsGroup>
      </li>
      <li>
        <label>left claw</label>
        <capacities>
          <li>Blunt</li>
          <li>Cut</li>
        </capacities>
        <power>15</power>
        <cooldownTime>2</cooldownTime>
        <linkedBodyPartsGroup>RRY_Xeno_LeftHand</linkedBodyPartsGroup>
        <surpriseAttack>
          <extraMeleeDamages>
            <li>
              <def>Stun</def>
              <amount>15</amount>
            </li>
          </extraMeleeDamages>
        </surpriseAttack>
      </li>
      <li>
        <label>right claw</label>
        <capacities>
          <li>Blunt</li>
          <li>Cut</li>
        </capacities>
        <power>15</power>
        <cooldownTime>2</cooldownTime>
        <linkedBodyPartsGroup>RRY_Xeno_RightHand</linkedBodyPartsGroup>
        <surpriseAttack>
          <extraMeleeDamages>
            <li>
              <def>Stun</def>
              <amount>15</amount>
            </li>
          </extraMeleeDamages>
        </surpriseAttack>
      </li>
      <li>
        <label>teeth</label>
        <capacities>
          <li>Bite</li>
        </capacities>
        <power>25</power>
        <cooldownTime>2</cooldownTime>
        <linkedBodyPartsGroup>Teeth</linkedBodyPartsGroup>
        <chanceFactor>0.07</chanceFactor>
      </li>
      <li>
        <label>inner teeth</label>
        <capacities>
          <li>Bite</li>
        </capacities>
        <power>30</power>
        <cooldownTime>2</cooldownTime>
        <linkedBodyPartsGroup>Teeth</linkedBodyPartsGroup>
        <chanceFactor>0.07</chanceFactor>
      </li>
      <li>
        <label>head</label>
        <capacities>
          <li>Blunt</li>
        </capacities>
        <power>20</power>
        <cooldownTime>2</cooldownTime>
        <linkedBodyPartsGroup>HeadAttackTool</linkedBodyPartsGroup>
        <ensureLinkedBodyPartsGroupAlwaysUsable>true</ensureLinkedBodyPartsGroupAlwaysUsable>
        <chanceFactor>0.2</chanceFactor>
      </li>
      <li>
        <label>tail</label>
        <capacities>
          <li>Blunt</li>
          <li>RRY_TailWhip</li>
        </capacities>
        <power>15</power>
        <cooldownTime>2</cooldownTime>
        <linkedBodyPartsGroup>RRY_Xeno_Tail_AttackTool</linkedBodyPartsGroup>
        <chanceFactor>0.2</chanceFactor>
      </li>
      <li>
        <label>tail spike</label>
        <capacities>
          <li>Stab</li>
          <li>Cut</li>
        </capacities>
        <power>40</power>
        <cooldownTime>2.5</cooldownTime>
        <linkedBodyPartsGroup>RRY_Xeno_Tail_SpikeAttackTool</linkedBodyPartsGroup>
        <chanceFactor>0.2</chanceFactor>
      </li>
    </tools>
    <race>
      <intelligence>ToolUser</intelligence>
      <thinkTreeMain>RRY_Xenomorph_ThinkTree</thinkTreeMain>
      <body>RRY_Xenomorph_QuadrupedWithHorn</body>
	  <useMeatFrom>RRY_Xenomorph_FaceHugger</useMeatFrom>
      <baseBodySize>4</baseBodySize>
      <baseHealthScale>8.0</baseHealthScale>
      <manhunterOnDamageChance>1.00</manhunterOnDamageChance>
      <lifeStageAges>
        <li>
          <def>RRY_XenomorphChestBursterBaby</def>
          <minAge>0</minAge>
          <soundWounded>RRY_Pawn_Xenomorph_Normal_Wounded</soundWounded>
          <soundDeath>RRY_Pawn_Xenomorph_Normal_Death</soundDeath>
          <soundCall>RRY_Pawn_Xenomorph_Normal_Call</soundCall>
        </li>
        <li>
          <def>RRY_XenomorphChestBursterBig</def>
          <minAge>0.0041666666666666</minAge>
          <soundWounded>RRY_Pawn_Xenomorph_Normal_Wounded</soundWounded>
          <soundDeath>RRY_Pawn_Xenomorph_Normal_Death</soundDeath>
          <soundCall>RRY_Pawn_Xenomorph_Normal_Call</soundCall>
        </li>
        <li>
          <def>RRY_XenomorphFormedBaby</def>
          <minAge>0.0083333333333332</minAge>
          <soundWounded>RRY_Pawn_Xenomorph_Normal_Wounded</soundWounded>
          <soundDeath>RRY_Pawn_Xenomorph_Normal_Death</soundDeath>
          <soundCall>RRY_Pawn_Xenomorph_Normal_Call</soundCall>
        </li>
        <li>
          <def>RRY_XenomorphFormedMid</def>
          <minAge>0.0124999999999998</minAge>
          <soundWounded>RRY_Pawn_Xenomorph_Normal_Wounded</soundWounded>
          <soundDeath>RRY_Pawn_Xenomorph_Normal_Death</soundDeath>
          <soundCall>RRY_Pawn_Xenomorph_Normal_Call</soundCall>
        </li>
        <li>
          <def>RRY_XenomorphFullyFormed</def>
          <minAge>0.0166666666666667</minAge>
          <soundWounded>RRY_Pawn_Xenomorph_Normal_Wounded</soundWounded>
          <soundDeath>RRY_Pawn_Xenomorph_Normal_Death</soundDeath>
          <soundCall>RRY_Pawn_Xenomorph_Normal_Call</soundCall>
        </li>
      </lifeStageAges>
      <soundCallIntervalRange>
        <min>1000</min>
        <max>2000</max>
      </soundCallIntervalRange>
      <soundMeleeHitPawn>Pawn_Melee_Punch_HitPawn</soundMeleeHitPawn>
      <soundMeleeHitBuilding>Pawn_Melee_Punch_HitBuilding</soundMeleeHitBuilding>
      <soundMeleeMiss>Pawn_Melee_Punch_Miss</soundMeleeMiss>
    </race>
    <comps> 
      <li>
        <compClass>RRYautja.Comp_Xenomorph</compClass>
      </li>
	  
	<!--
      <li Class="RRYautja.CompProperties_XenoEggLayer">
        <eggDef>RRY_EggXenomorphFertilized</eggDef>
        <eggCountMax>1</eggCountMax>
        <eggLayIntervalDays>0.1</eggLayIntervalDays>
        <eggCountRange>1</eggCountRange>
      </li> 
	  -->
    </comps>
	<!--
    <butcherProducts>
      <Steel>50</Steel>
      <Plasteel>10</Plasteel>
      <ComponentIndustrial>2</ComponentIndustrial>
    </butcherProducts>
	-->
	<modExtensions>
	  <li Class="HunterMarkingSystem.MarkDefExtension">
		<!-- DefName of the Marking Hediff Kills of this race give --> 
		<hediffs><li>HMS_Hediff_BloodedMXenomorphThrumbo</li></hediffs>
	  </li>
	</modExtensions>
  </ThingDef>

  <PawnKindDef ParentName="RRY_BaseXenomorphKind">
    <defName>RRY_Xenomorph_Thrumbomorph</defName>
    <label>Thrumbomorph</label>
    <race>RRY_Xenomorph_Thrumbomorph</race>
    <combatPower>1250</combatPower>
    <lifeStages>
      <li>
        <bodyGraphicData>
          <texPath>Things/Pawn/Xenomorph/Xenomorph_ChestBurster</texPath>
          <graphicClass>Graphic_Multi</graphicClass>
          <drawSize>0.5</drawSize>
          <shadowData>
            <volume><!--(0.6, 0.8, 0.6)-->(0.0, 0.0, 0.0)</volume>
          </shadowData>
          <shaderType>CutoutComplex</shaderType>
        </bodyGraphicData>
      </li>
      <li>
        <bodyGraphicData>
          <texPath>Things/Pawn/Xenomorph/Xenomorph_ChestBurster</texPath>
          <graphicClass>Graphic_Multi</graphicClass>
          <drawSize>0.75</drawSize>
          <shadowData>
            <volume><!--(0.6, 0.8, 0.6)-->(0.0, 0.0, 0.0)</volume>
          </shadowData>
        </bodyGraphicData>
      </li>
      <li>
        <bodyGraphicData>
          <texPath>Things/Pawn/Xenomorph/Xenomorph_Thrumbomorph</texPath>
          <graphicClass>Graphic_Multi</graphicClass>
          <drawSize>2</drawSize>
          <shadowData>
            <volume>(0.6, 0.8, 0.6)</volume>
          </shadowData>
        </bodyGraphicData>
      </li>
      <li>
        <bodyGraphicData>
          <texPath>Things/Pawn/Xenomorph/Xenomorph_Thrumbomorph</texPath>
          <graphicClass>Graphic_Multi</graphicClass>
          <drawSize>3</drawSize>
          <shadowData>
            <volume>(0.6, 0.8, 0.6)</volume>
          </shadowData>
        </bodyGraphicData>
      </li>
      <li>
        <bodyGraphicData>
          <texPath>Things/Pawn/Xenomorph/Xenomorph_Thrumbomorph</texPath>
          <graphicClass>Graphic_Multi</graphicClass>
          <drawSize>4</drawSize>
          <shadowData>
            <volume>(0.6, 0.8, 0.6)</volume>
          </shadowData>
        </bodyGraphicData>
      </li>
    </lifeStages>
    <weaponMoney>
      <min>0</min>
      <max>0</max>
    </weaponMoney>
    <weaponTags>
	
    </weaponTags>
  </PawnKindDef>

</Defs>