﻿<?xml version="1.0" encoding="utf-8" ?>
<Defs>

  <!--=============== Health Shards ====================-->

  <ThingDef ParentName="ResourceBase" Name="RRY_HealthShardBase" Abstract="True">
    <thingClass>ThingWithComps</thingClass>
    <resourceReadoutPriority>Middle</resourceReadoutPriority>
    <useHitPoints>true</useHitPoints>
    <statBases>
      <MaxHitPoints>80</MaxHitPoints>
      <Mass>0.2</Mass>
      <DeteriorationRate>2.0</DeteriorationRate>
      <Flammability>0.2</Flammability>
    </statBases>
    <thingCategories>
      <li>Items</li>
    </thingCategories>
    <techLevel>Ultra</techLevel>
    <tradeTags>
      <li>ExoticMisc</li>
    </tradeTags>
  </ThingDef>

  <ThingDef ParentName="RRY_HealthShardBase">
    <defName>RRY_HealthShard</defName>
    <label>health shard</label>
    <description>A one-use super-dose of mechanites tuned to heal health conditions. The mechanites will target and heal the single worst health condition affecting someone at any given time. Works even on health conditions that would otherwise be incurable. The mechanites can even transmute themselves into organic matter, forming new limbs or organs as needed.</description>
    <graphicData>
      <texPath>Things/Resources/Manufactured/HealthShard</texPath>
      <graphicClass>Graphic_StackCount</graphicClass>
    </graphicData>
    <stackLimit>30</stackLimit>
    <statBases>
      <MarketValue>750</MarketValue>
    </statBases>
    <tradeability>Sellable</tradeability>
		<costList>				
			<MedicineHerbal>1</MedicineHerbal>
			<Neutroamine>1</Neutroamine>
			<Steel>3</Steel>
			<Gold>2</Gold>
		</costList>
    <recipeMaker>
      <workSpeedStat>DrugSynthesisSpeed</workSpeedStat>
      <workSkill>Intellectual</workSkill>
      <recipeUsers>
        <li>RRY_TableMachining</li>
      </recipeUsers>
      <researchPrerequisite>RRY_YautjaHealthShard</researchPrerequisite>
      <skillRequirements>
				<Crafting>4</Crafting>
        <Intellectual>4</Intellectual>
      </skillRequirements>
    </recipeMaker>
    <comps>
      <li Class="CompProperties_Usable">
        <compClass>RRYautja.CompUsable_HealthShard</compClass>
        <useJob>UseItem</useJob>
        <useLabel>Restock Health Shards</useLabel>
        <useDuration>300</useDuration>
      </li>
      <li Class="CompProperties_UseEffect">
        <compClass>RRYautja.CompUseEffect_HealthShard</compClass>
      </li>
      <li Class="CompProperties_UseEffect">
        <compClass>CompUseEffect_DestroySelf</compClass>
      </li>
    </comps>
    <thingSetMakerTags>
      <!-- <li>RewardSpecial</li> -->
    </thingSetMakerTags>
  </ThingDef>
  

</Defs>
