<?xml version="1.0" encoding="utf-8" ?>
<Defs>
<AlienRace.RaceSettings>
    <defName>Yautja_Settings</defName>
    <pawnKindSettings>
            <alienslavekinds>
                <li>
                    <kindDefs>
                        <li>Slave_RRY_Yautja</li>
                    </kindDefs>
                    <chance>100.0</chance>
                </li>
            </alienslavekinds>
            <alienrefugeekinds>
                <li>
                    <kindDefs>
                        <li>Yautja</li>
                    </kindDefs>
                    <chance>100.0</chance>
                </li>
            </alienrefugeekinds>
			<startingColonists>
				<li>
				<pawnKindEntries>
					<li>
                    <kindDefs>
                        <li>Yautja</li>
                    </kindDefs>
                    <chance>10.0</chance>
					</li>
				</pawnKindEntries>
					<factionDefs>
						<li>RRY_Yautja_PlayerColony</li> 
					</factionDefs>
				</li>
				<li>
				<pawnKindEntries>
					<li>
                    <kindDefs>
                        <li>Colonist_RRY_Yautja_Unblooded</li>
                    </kindDefs>
                    <chance>10.0</chance>
					</li>
				</pawnKindEntries>
					<factionDefs>
						<li>RRY_Yautja_PlayerUnblooded</li> 
					</factionDefs>
				</li>
				<li>
				<pawnKindEntries>
					<li>
                    <kindDefs>
                        <li>Colonist_RRY_Yautja_Blooded</li>
                    </kindDefs>
                    <chance>10.0</chance>
					</li>
				</pawnKindEntries>
					<factionDefs>
						<li>RRY_Yautja_PlayerBlooded</li> 
					</factionDefs>
				</li>
			</startingColonists>
            <alienwandererkinds>
                <li>
                    <pawnKindEntries>
                        <li>
                            <kindDefs>
								<li>Yautja</li>
								<li>Colonist_RRY_Yautja_Unblooded</li>
								<li>Colonist_RRY_Yautja_Blooded</li>
                            </kindDefs>
                            <chance>50.0</chance>
                        </li>
                    </pawnKindEntries>
                    <factionDefs>
						<li>RRY_Yautja_PlayerUnblooded</li> 
						<li>RRY_Yautja_PlayerBlooded</li> 
						<li>RRY_Yautja_PlayerColony</li> 
                    </factionDefs>
                </li>
            </alienwandererkinds>
        </pawnKindSettings>
  </AlienRace.RaceSettings>

<ThingDef Name="RRY_BaseYautjaPawn" Abstract="True">
    <thingClass>Pawn</thingClass>
    <category>Pawn</category>
    <selectable>true</selectable>
    <tickerType>Normal</tickerType>
    <altitudeLayer>Pawn</altitudeLayer>
    <useHitPoints>false</useHitPoints>
    <hasTooltip>true</hasTooltip>
    <soundImpactDefault>BulletImpact_Flesh</soundImpactDefault>
    <inspectorTabs>
        <li>ITab_Pawn_Health</li>
        <li>ITab_Pawn_Needs</li>
        <li>ITab_Pawn_Character</li>
        <li>ITab_Pawn_Training</li>
        <li>ITab_Pawn_Gear</li>
        <li>ITab_Pawn_Guest</li>
        <li>ITab_Pawn_Prisoner</li>
        <li>ITab_Pawn_Social</li>
        <li>ITab_Pawn_Log</li>
        <li>ITab_Pawn_FormingCaravan</li>
    </inspectorTabs>
    <comps>
        <li>
            <compClass>CompAttachBase</compClass>
        </li>
		<!--
        <li>
            <compClass>RRYautja.Comp_Yautja</compClass>
        </li>
		-->
		<li Class="RRYautja.CompProperties_Yautja">
			<bloodedDefs>
			<li>HMS_Hediff_BloodedM</li>
			<li>HMS_Hediff_BloodedMHuman</li>
			<li>HMS_Hediff_BloodedMHumanlike</li>
			<li>HMS_Hediff_BloodedMHound</li>
			<li>HMS_Hediff_BloodedMCrusher</li>
			<li>HMS_Hediff_BloodedMGroTye</li>
			<li>HMS_Hediff_BloodedMThrumbo</li>
			<li>HMS_Hediff_BloodedMWorthyHuman</li>
			<li>HMS_Hediff_BloodedMWorthyHumanlike</li>
			<li>HMS_Hediff_BloodedMMechanoid</li>
			<li>HMS_Hediff_BloodedMBadBlood</li>
			<li>HMS_Hediff_BloodedMXenomorph</li>
			<li>HMS_Hediff_BloodedMPredalien</li>
			<li>HMS_Hediff_BloodedMXenomorphQueen</li>
			</bloodedDefs>
			
		</li> 
    </comps>
    <drawGUIOverlay>true</drawGUIOverlay>
</ThingDef>

<AlienRace.ThingDef_AlienRace ParentName="RRY_BaseYautjaPawn" Name="RRY_Alien_YautjaBase">
    <defName>RRY_Alien_Yautja</defName>
    <label>Yautja</label>
    <description>.</description>
    <alienRace>
        <generalSettings>
            <maleGenderProbability>0.75</maleGenderProbability>
            <immuneToAge>false</immuneToAge>
            <forcedRaceTraitEntries>
                <li>
                    <defName>Tough</defName>
                    <chance>35</chance>
                </li>
                <li>
                    <defName>Xenophobia</defName>
                    <degree>1</degree>
                    <chance>75</chance>
                </li>
            </forcedRaceTraitEntries>
			<disallowedTraits>
               
            </disallowedTraits>
            <alienPartGenerator>
				<useGenderedHeads>false</useGenderedHeads>
                <aliencrowntypes>
                    <li>Average_Albino</li>
                    <li>Average_Speckled</li>
                    <li>Average_Striped</li>
                    <li>Average_Decorated</li>
                    <li>Narrow_Albino</li>
                    <li>Narrow_Speckled</li>
                    <li>Narrow_Striped</li>
                    <li>Narrow_Decorated</li>
					
					<!--
                    <li>Albino_Normal</li> 
                    <li>Average_Normal</li> 
                    <li>Average_NormalA</li> 
                    <li>Average_NormalB</li> 
                    <li>Average_NormalC</li> 
                    <li>Cmouth_Normal</li> 
                    <li>Cmouth_Normal_A</li> 
                    <li>Cmouth_Normal_B</li> 
                    <li>Cmouth_Normal_C</li> 
                    <li>Cmouth_Normal_D</li> 
                    <li>Cmouth_NormalA</li> 
					-->
                </aliencrowntypes>
                <alienbodytypes>
					<li>RRYYautjaFemale</li>
					<li>RRYYautjaMale</li>
                </alienbodytypes>
			    <alienskincolorgen Class="ColorGenerator_Options">
                    <options>
						<li>
							<!-- RGB in the photoshop is (R=196  G= 192  B=124) -->
							<weight>100</weight>
							<only>RGBA(0.769,0.753,0.486,1)</only>
						</li>
						<li>
							<weight>80</weight>
							<only>RGBA(0.72,0.70,0.40,1)</only>
						</li>
						<li>
							<weight>80</weight>
							<only>RGBA(0.67,0.65,0.49,1)</only>
						</li>
						<li>
							<weight>80</weight>
							<only>RGBA(0.62,0.65,0.34,1)</only>
						</li>
						<li>
							<weight>10</weight>
							<only>RGBA(0.65,0.74,0.76,1)</only>
						</li>
						<li>
							<weight>40</weight>
							<only>RGBA(0.34,0.54,0.36,1)</only>
						</li>
						<li>
							<weight>1</weight>
							<only>RGBA(0.25,0.25,0.25,1)</only>
						</li>
					</options>
                </alienskincolorgen>
            <alienskinsecondcolorgen Class="ColorGenerator_Options">
                <options>
						<li>
							<!-- RGB in the photoshop is (R=196  G= 192  B=124) -->
							<weight>10</weight>
							<only>RGBA(0.77,0.75,0.49,1)</only>
						</li>
						<li>
							<weight>5</weight>
							<only>RGBA(0.75,0.57,0.36,1)</only>
						</li>
						<li>
							<weight>5</weight>
							<only>RGBA(0.72,0.70,0.40,1)</only>
						</li>
						<li>
							<weight>5</weight>
							<only>RGBA(0.67,0.65,0.49,1)</only>
						</li>
						<li>
							<weight>5</weight>
							<only>RGBA(0.62,0.65,0.34,1)</only>
						</li>
						<li>
							<weight>3</weight>
							<only>RGBA(0.26,0.26,0.26,1)</only>
						</li>
                </options>
            </alienskinsecondcolorgen>
            <alienhaircolorgen Class="ColorGenerator_Options">
                <options>
                    <li>
                        <weight>10</weight>
                        <only>RGBA(0.77,0.62,0.18,1)</only>
                    </li>
                    <li>
                        <weight>10</weight>
                        <only>RGBA(0.61,0.44,0.16,1)</only>
                    </li>
                    <li>
                        <weight>5</weight>
                        <only>RGBA(0.93,0.78,0.0,1)</only>
                    </li>
                    <li>
                        <weight>5</weight>
                        <only>RGBA(0.69,0.69,0.69,1)</only>
                    </li>
					 <li>
                        <weight>1</weight>
                        <only>RGBA(0.48,0.11,0.11,1)</only>
                    </li>
                </options>
            </alienhaircolorgen>
            <useSkincolorForHair>false</useSkincolorForHair>
            </alienPartGenerator>
			<chemicalSettings>	
		    </chemicalSettings>
            <humanRecipeImport>true</humanRecipeImport>
		   <notXenophobistTowards>
		   
           </notXenophobistTowards>
		<factionRelations>
                <li>
                    <factions>
                       <li>RRY_Yautja_JungleClan</li>
                       <li>RRY_Yautja_PlayerUnblooded</li>
					   <li>RRY_Yautja_PlayerBlooded</li>
					   <li>RRY_Yautja_PlayerColony</li>
                    </factions>
                    <goodwill>
                       <min>-10</min>
                       <max>40</max>
                    </goodwill>
                </li>
				<li>
                    <factions>
					   <li>PlayerColony</li>
					   <li>PlayerTribe</li>
                    </factions>
                    <goodwill>
                       <min>-100</min>
                       <max>10</max>
                    </goodwill>
                </li>
				<li>
                    <factions>
                       <li>RRY_Yautja_BadBloodFaction</li>
                    </factions>
                    <goodwill>
                       <min>-100</min>
                       <max>-50</max>
                    </goodwill>
                </li>
		</factionRelations>
        </generalSettings>
        <graphicPaths>
            <li>
                <body>Things/Pawn/Yautja/Bodies/</body>
                <head>Things/Pawn/Yautja/Heads/</head>
                <skeleton>Things/Pawn/Yautja/Dessicated/Dessicated_Male</skeleton>
                <skull>Things/Pawn/Yautja/Skull/Skull</skull>
            </li>
        </graphicPaths>
        <hairSettings>
            <hasHair>true</hasHair>
            <getsGreyAt>1750</getsGreyAt> 
            <hairTags>
				<li>YaujtaHair</li>
            </hairTags>
        </hairSettings>
        <thoughtSettings>
			<replacerList>
                <li>
                    <original>Disfigured</original>
                    <replacer>RRY_Disfigured</replacer> 
                </li>
            </replacerList>
			<!--
            <restrictedThoughts>
                <li>RRY_Thought_ThrillOfTheHunt</li>
            </restrictedThoughts>
			-->
			<cannotReceiveThoughts>
			
				<li>AteHumanlikeMeatDirect</li>
				<li>AteHumanlikeMeatAsIngredient</li>
				<li>AteRawHumanlikeMeat</li>
				<li>AteHumanlikeMeatDirectCannibal</li>
				<li>AteHumanlikeMeatAsIngredientCannibal</li>
				<li>ButcheredHumanlikeCorpse</li>
				<li>KnowButcheredHumanlikeCorpse</li>
				
				<li>ObservedLayingCorpse</li>
				<li>SoldPrisoner</li>
				<li>KnowPrisonerDiedInnocent</li>
				<li>ExecutedPrisoner</li>

				<li>AteRawFood</li>

				<li>KnowPrisonerSold</li>
				<li>KnowGuestOrganHarvested</li>
            </cannotReceiveThoughts>
			
			<butcherThoughtSpecific>
                <li>
                    <raceList>
                        <li>RRY_Alien_Yautja</li>
                    </raceList>
                    <thought>RRY_ButcheredYautjaCorpse</thought>
                    <knowThought>RRY_KnowButcheredYautjaCorpse</knowThought>
                </li>
            </butcherThoughtSpecific>
            
			<ateThoughtSpecific>
                <li>
                    <raceList>
                        <li>RRY_Alien_Yautja</li>
                    </raceList>
                    <thought>RRY_AteYautjaMeatDirect</thought>
					<thoughtCannibal>RRY_AteYautjaMeatDirectCannibal</thoughtCannibal> 
                </li>
            </ateThoughtSpecific>
			
			
        </thoughtSettings>
       
	   <relationSettings>
            <relationChanceModifierParent>1</relationChanceModifierParent>
            <relationChanceModifierChild>1</relationChanceModifierChild>
            <relationChanceModifierSibling>1</relationChanceModifierSibling>
			
            <relationChanceModifierLover>1</relationChanceModifierLover>
            <relationChanceModifierExLover>1</relationChanceModifierExLover>
			
            <relationChanceModifierFiance>1</relationChanceModifierFiance>
            <relationChanceModifierSpouse>1</relationChanceModifierSpouse>
            <relationChanceModifierExSpouse>1</relationChanceModifierExSpouse>
        </relationSettings>
        <raceRestriction>
            <researchList>
                <li>
                    <projects>
						<li>RRY_YautjaTechBase</li>
						<li>RRY_YautjaTechMid</li>
						<li>RRY_YautjaTechHigh</li>
						<li>RRY_YautjaArmour</li>
						<li>RRY_YautjaMelee_Basic</li>
						<li>RRY_YautjaMelee_Special</li>
						<li>RRY_YautjaRanged_Basic</li>
						<li>RRY_YautjaRanged_Med</li>
						<li>RRY_YautjaRanged_Adv</li>
						<li>RRY_YautjaMediComp</li>
						<li>RRY_YautjaHealthShard</li>
						<li>RRY_YautjaCloakGenerator</li>
						<li>RRY_Yautja_Traps</li>
                    </projects>
                </li>
            </researchList>
			<apparelList>
				<li>RRY_Apparel_HunterLightArmourChestplate</li>
				<li>RRY_Apparel_HunterLightArmourGreaves</li>
				<li>RRY_Apparel_HunterArmourChestplate</li>
				<li>RRY_Apparel_HunterArmourGreaves</li>
				<li>RRY_Apparel_HunterHeavyArmourChestplate</li>
				<li>RRY_Apparel_HunterHeavyArmourGreaves</li>
				<li>RRY_Apparel_HunterBioMask</li>
				<li>RRY_Apparel_HunterEliteArmourChestplate</li>
				<li>RRY_Apparel_HunterEliteArmourGreaves</li>
				<li>RRY_Apparel_HunterEliteBioMask</li>
				<li>RRY_Apparel_HunterLeaderArmourChestplate</li>
				<li>RRY_Apparel_HunterLeaderArmourGreaves</li>
				<li>RRY_Apparel_HunterLeaderBioMask</li>
				<li>RRY_Apparel_HunterVest</li>
				<li>RRY_Apparel_Mesh</li>
				<li>RRY_Apparel_TribalCloak</li>
				
				<li>RRY_Apparel_LeaderArmourChestplate</li>
				<li>RRY_Apparel_LeaderArmourGreaves</li>
				<li>RRY_Apparel_LeaderBioMask</li>
				
				<!-- 
                <li>RRY_Equipment_HunterGauntlet_TOGGLEDEF_RH</li>
                <li>RRY_Equipment_HunterGauntlet_TOGGLEDEF_LH</li>
				-->
				<li>RRY_Equipment_HunterShoulderCannon</li>
			</apparelList>
            <whiteApparelList>
                <li>RRY_Equipment_HunterGauntlet_TOGGLEDEF_RH</li>
                <li>RRY_Equipment_HunterGauntlet_TOGGLEDEF_LH</li>
                <li>Apparel_TribalA</li>
                <li>Apparel_Pants</li>
                <li>Apparel_FlakPants</li>
				<li>Apparel_ShieldBelt</li>
				<li>Apparel_ShieldBelt</li>
            </whiteApparelList>
			<onlyUseRaceRestrictedApparel>true</onlyUseRaceRestrictedApparel>
            <recipeList>
				<li>RRY_Apparel_HunterLightArmourChestplate</li>
				<li>RRY_Apparel_HunterLightArmourGreaves</li>
				<li>RRY_Apparel_HunterArmourChestplate</li>
				<li>RRY_Apparel_HunterArmourGreaves</li>
				<li>RRY_Apparel_HunterHeavyArmourChestplate</li>
				<li>RRY_Apparel_HunterHeavyArmourGreaves</li>
				<li>RRY_Apparel_HunterBioMask</li>
				<li>RRY_Apparel_HunterEliteArmourChestplate</li>
				<li>RRY_Apparel_HunterEliteArmourGreaves</li>
				<li>RRY_Apparel_HunterEliteBioMask</li>
				<li>RRY_Apparel_HunterLeaderArmourChestplate</li>
				<li>RRY_Apparel_HunterLeaderArmourGreaves</li>
				<li>RRY_Apparel_HunterLeaderBioMask</li>
				<li>RRY_Apparel_HunterVest</li>
				<li>RRY_Apparel_Mesh</li>
				<!-- <li>RRY_Apparel_Apparel_TribalA</li> -->
				
				<li>RRY_Apparel_LeaderArmourChestplate</li>
				<li>RRY_Apparel_LeaderArmourGreaves</li>
				<li>RRY_Apparel_LeaderBioMask</li>
				
                <li>RRY_Equipment_HunterGauntlet_TOGGLEDEF_RH</li>
                <li>RRY_Equipment_HunterGauntlet_TOGGLEDEF_LH</li>
				<li>RRY_Equipment_HunterShoulderCannon</li>
				
				<li>RRY_Melee_Combistaff</li>
				<li>RRY_Melee_BladedMaul</li>
				<li>RRY_Gun_SmartDisk</li>
				<li>RRY_Gun_Hunting_Bow</li>
				<li>RRY_Gun_Compound_Bow</li>
				<li>RRY_Gun_NeedlerRifle</li>
				<li>RRY_Gun_SpearRifle</li>
				<li>RRY_Gun_YautjaBlaster</li>
            </recipeList>
        </raceRestriction>
    </alienRace>
	<statBases>
		<Mass>85</Mass>
		<MarketValue>3500</MarketValue>
		<MoveSpeed>5.5</MoveSpeed>
		<Flammability>0.6</Flammability>
		<ComfyTemperatureMin>20</ComfyTemperatureMin>
		<ComfyTemperatureMax>40</ComfyTemperatureMax>
		<LeatherAmount>55</LeatherAmount>
        <CarryingCapacity>200</CarryingCapacity>
		<AimingDelayFactor>0.75</AimingDelayFactor>
		<MentalBreakThreshold>0.025</MentalBreakThreshold>
        <ImmunityGainSpeed>1.25</ImmunityGainSpeed>
        <PainShockThreshold>0.9</PainShockThreshold>
        <GlobalLearningFactor>1.05</GlobalLearningFactor>
        <MeleeDodgeChance>1.125</MeleeDodgeChance>
        <MeleeHitChance>1.125</MeleeHitChance>
        <NegotiationAbility>0.50</NegotiationAbility>
        <SocialImpact>0.50</SocialImpact>
        <TradePriceImprovement>0.50</TradePriceImprovement>
		<ButcheryFleshSpeed>1.3</ButcheryFleshSpeed>
		<ButcheryFleshEfficiency>1.3</ButcheryFleshEfficiency>
		<!--
		<ForagedNutritionPerDay>1.2</ForagedNutritionPerDay>
		<PsychicSensitivity>1</PsychicSensitivity>
		<MiningSpeed>1.0</MiningSpeed>
        <ForagedNutritionPerDay>1.0</ForagedNutritionPerDay>
        <ButcheryFleshSpeed>1.0</ButcheryFleshSpeed>
        <ButcheryFleshEfficiency>1.0</ButcheryFleshEfficiency>
        <SmeltingSpeed>1.0</SmeltingSpeed>
        <GeneralLaborSpeed>1.0</GeneralLaborSpeed>
		<ShootingAccuracyPawn>1</ShootingAccuracyPawn>
		-->
    </statBases>
  <tools>
      <li>
        <label>left fist</label>
        <capacities>
          <li>Blunt</li>
        </capacities>
        <power>10</power>
        <cooldownTime>1.6</cooldownTime>
        <linkedBodyPartsGroup>LeftHand</linkedBodyPartsGroup>
        <surpriseAttack>
          <extraMeleeDamages>
            <li>
              <def>Stun</def>
              <amount>22</amount>
            </li>
          </extraMeleeDamages>
        </surpriseAttack>
      </li>
      <li>
        <label>right fist</label>
        <capacities>
          <li>Blunt</li>
        </capacities>
        <power>10</power>
        <cooldownTime>1.6</cooldownTime>
        <linkedBodyPartsGroup>RightHand</linkedBodyPartsGroup>
        <surpriseAttack>
          <extraMeleeDamages>
            <li>
              <def>Stun</def>
              <amount>22</amount>
            </li>
          </extraMeleeDamages>
        </surpriseAttack>
      </li>
      <li>
        <label>head</label>
        <capacities>
          <li>Blunt</li>
        </capacities>
        <power>8</power>
        <cooldownTime>1.8</cooldownTime>
        <linkedBodyPartsGroup>HeadAttackTool</linkedBodyPartsGroup>
        <chanceFactor>0.2</chanceFactor>
      </li>
	  <li>
        <label>mandibles</label>
        <capacities>
          <li>Bite</li>
		</capacities>
        <power>15</power>
        <cooldownTime>2.2</cooldownTime>
        <linkedBodyPartsGroup>RRY_Yautja_Mandibles</linkedBodyPartsGroup>
        <chanceFactor>0.1</chanceFactor>
      </li>
    </tools>
    <race>
	  <fleshType>RRY_YautjaFlesh</fleshType>
      <thinkTreeMain>Humanlike</thinkTreeMain>
      <thinkTreeConstant>HumanlikeConstant</thinkTreeConstant>
      <intelligence>Humanlike</intelligence>
      <makesFootprints>true</makesFootprints>
      <lifeExpectancy>2000</lifeExpectancy>
      <leatherDef>RRY_Leather_Yautja</leatherDef>
      <nameGenerator>RRY_NamerPersonYautji_Male</nameGenerator>
      <nameGeneratorFemale>RRY_NamerPersonYautji_Female</nameGeneratorFemale>
      <body>RRY_Yautja_Biped</body>
      <bloodDef>RRY_FilthBloodYautja</bloodDef>	
	  <!-- RGB in the photoshop is (R=196  G= 192  B=124) -->
      <meatColor>(194,217,124)</meatColor>
      <baseBodySize>1.25</baseBodySize>
      <baseHungerRate>0.3</baseHungerRate>
      <baseHealthScale>1.25</baseHealthScale>
      <foodType>OmnivoreHuman</foodType>
      <gestationPeriodDays>45</gestationPeriodDays>
      <litterSizeCurve>
        <points>
          <li>(0.5, 0)</li>
          <li>(1, 1)</li>
          <li>(1.01, 0.02)</li>
          <li>(3.5, 0)</li>
        </points>
      </litterSizeCurve>
      <lifeStageAges>
        <li>
          <def>RRY_Yautja_Baby</def>
          <minAge>0</minAge>
        </li>
        <li>
          <def>RRY_Yautja_Toddler</def>
          <minAge>1.2</minAge>
        </li>
        <li>
          <def>RRY_Yautja_Child</def>
          <minAge>4</minAge>
        </li>
        <li>
          <def>RRY_Yautja_Teenager</def>
          <minAge>14</minAge>
        </li>
        <li>
          <def>RRY_Yautja_Adult</def>
          <minAge>18</minAge>
        </li>
      </lifeStageAges>
      <soundMeleeHitPawn>Pawn_Melee_Punch_HitPawn</soundMeleeHitPawn>
      <soundMeleeHitBuilding>Pawn_Melee_Punch_HitBuilding</soundMeleeHitBuilding>
      <soundMeleeMiss>Pawn_Melee_Punch_Miss</soundMeleeMiss>
      <specialShadowData>
        <volume>(0.3, 0.8, 0.4)</volume>
        <offset>(0,0,-0.3)</offset>
      </specialShadowData>
      <ageGenerationCurve>
        <points>
                    <li>(16,0)</li>
                    <li>(17,100)</li>
                    <li>(18,110)</li>
                    <li>(20,120)</li>
                    <li>(30,130)</li>
                    <li>(40,140)</li>
                    <li>(50,150)</li>
					<li>(120,175)</li>
					<li>(140,200)</li>
                    <li>(200,225)</li>
                    <li>(160,200)</li>
                    <li>(170,175)</li>
                    <li>(180,150)</li>
                    <li>(200,125)</li>
                    <li>(300,100)</li>
                    <li>(400,75)</li>
                    <li>(500,50)</li>
					<li>(1200,25)</li>
					<li>(1400,10)</li>
                    <li>(2000,0)</li>
        </points>
      </ageGenerationCurve>
      <hediffGiverSets>
        <li>RRY_Organic_Yautja</li>
      </hediffGiverSets>
    </race>
    <recipes>
      <li>InstallArchotechEye</li>
      <li>InstallArchotechArm</li>
      <li>InstallArchotechLeg</li>
      <li>InstallPowerClaw</li>
      <li>InstallBionicEye</li>
      <li>InstallBionicArm</li>
      <li>InstallBionicLeg</li>
      <li>InstallBionicSpine</li>
      <li>InstallBionicHeart</li>
      <li>InstallBionicStomach</li>
      <li>InstallBionicEar</li>
      <li>InstallSimpleProstheticArm</li>
      <li>InstallSimpleProstheticLeg</li>
      <li>InstallSimpleProstheticHeart</li>
      <li>InstallCochlearImplant</li>
      <li>InstallPegLeg</li>
      <li>InstallDenture</li>
      <li>InstallJoywire</li>
      <li>InstallPainstopper</li>
      <li>InstallNaturalHeart</li>
      <li>InstallNaturalLung</li>
      <li>InstallNaturalKidney</li>
      <li>InstallNaturalLiver</li>
      <li>ExciseCarcinoma</li>
      <li>RemoveBodyPart</li>
      <li>Euthanize</li>
      <li>Anesthetize</li>
      <li>RRY_FaceHuggerRemoval</li>
      <li>RRY_XenomorphImpregnationRemoval</li>
      <li>RRY_NeomorphImpregnationRemoval</li>
      <li>RRY_GauntletRemoval</li>
    </recipes>
	<modExtensions>
	  <li Class="HunterMarkingSystem.MarkDefExtension">
		<!-- DefName of the Marking Hediff Kills of this race give --> 
		<hediffs>
		<li>HMS_Hediff_BloodedMHumanlike</li>
		<li>HMS_Hediff_BloodedMWorthyHumanlike</li>
		<li>HMS_Hediff_BloodedMBadBlood</li>
		</hediffs>
	  </li>
	  <li Class="HunterMarkingSystem.MarkOffsetDefExtension">
		<!-- DefName of the hediff this applies to --> 
		<hediff>HMS_Hediff_BloodedM</hediff>
		<!-- adds the vanillia head offset for the current rotation, not sure if this will ever be useful, defaults to false if not set--> 
		<ApplyBaseHeadOffset>false</ApplyBaseHeadOffset>
		<!-- North offsets Y is the layer height, usually you can leave this at 0, all values default to 0 if not set-->
		<NorthXOffset>0.0</NorthXOffset>
		<NorthYOffset>0.0</NorthYOffset>
		<NorthZOffset>0.0</NorthZOffset>
		<!-- North Draw size overrides, will default to 1 if not set -->
		<NorthXDrawSize>1</NorthXDrawSize>
		<NorthZDrawSize>1</NorthZDrawSize>
		<!-- North Angle overrides, will default to 0 if not set -->
		<NorthAngle>0</NorthAngle>
		<!-- South offsets Y is the layer height, usually you can leave this at 0, all values default to 0 if not set-->
		<SouthXOffset>-0.002</SouthXOffset>
		<SouthYOffset>0.0</SouthYOffset>
		<SouthZOffset>0.40</SouthZOffset>
		<!-- South Draw size overrides, will default to 1 if not set -->
		<SouthXDrawSize>1.25</SouthXDrawSize>
		<SouthZDrawSize>1.25</SouthZDrawSize>
		<!-- South Angle overrides, will default to 0 if not set -->
		<SouthAngle>0</SouthAngle>
		<!-- East offsets Y is the layer height, usually you can leave this at 0, all values default to 0 if not set-->
		<EastXOffset>0</EastXOffset>
		<EastYOffset>0.0</EastYOffset>
		<EastZOffset>0</EastZOffset>
		<!-- East Draw size overrides, will default to 1 if not set -->
		<EastXDrawSize>1</EastXDrawSize>
		<EastZDrawSize>1</EastZDrawSize>
		<!-- East Angle overrides, will default to 0 if not set -->
		<EastAngle>0</EastAngle>
		<!-- West offsets Y is the layer height, usually you can leave this at 0, all values default to 0 if not set-->
		<WestXOffset>0</WestXOffset>
		<WestYOffset>0.0</WestYOffset>
		<WestZOffset>0</WestZOffset>
		<!-- West Draw size overrides, will default to 1 if not set -->
		<WestXDrawSize>1</WestXDrawSize>
		<WestZDrawSize>1</WestZDrawSize>
		<!-- West Angle overrides, will default to 0 if not set -->
		<WestAngle>0</WestAngle>
	  </li>
	  <li Class="RRYautja.OffsetDefExtension">
		<!-- DefName of the hediff this applies to --> 
		<hediff>RRY_FaceHuggerInfection</hediff>
		<!-- adds the vanillia head offset for the current rotation, not sure if this will ever be useful, defaults to false if not set--> 
		<ApplyBaseHeadOffset>false</ApplyBaseHeadOffset>
		<!-- North offsets Y is the layer height, usually you can leave this at 0, all values default to 0 if not set-->
		<NorthXOffset>0.0</NorthXOffset>
		<NorthYOffset>0.0</NorthYOffset>
		<NorthZOffset>0.0</NorthZOffset>
		<!-- North Draw size overrides, will default to 1 if not set -->
		<NorthXDrawSize>1</NorthXDrawSize>
		<NorthZDrawSize>1</NorthZDrawSize>
		<!-- North Angle overrides, will default to 0 if not set -->
		<NorthAngle>0</NorthAngle>
		<!-- South offsets Y is the layer height, usually you can leave this at 0, all values default to 0 if not set-->
		<SouthXOffset>-0.001</SouthXOffset>
		<SouthYOffset>0.010</SouthYOffset>
		<SouthZOffset>0.0</SouthZOffset>
		<!-- South Draw size overrides, will default to 1 if not set -->
		<SouthXDrawSize>2</SouthXDrawSize>
		<SouthZDrawSize>2</SouthZDrawSize>
		<!-- South Angle overrides, will default to 0 if not set -->
		<SouthAngle>0</SouthAngle>
		<!-- East offsets Y is the layer height, usually you can leave this at 0, all values default to 0 if not set-->
		<EastXOffset>0</EastXOffset>
		<EastYOffset>0.0</EastYOffset>
		<EastZOffset>-0.20</EastZOffset>
		<!-- East Draw size overrides, will default to 1 if not set -->
		<EastXDrawSize>2</EastXDrawSize>
		<EastZDrawSize>2</EastZDrawSize>
		<!-- East Angle overrides, will default to 0 if not set -->
		<EastAngle>0</EastAngle>
		<!-- West offsets Y is the layer height, usually you can leave this at 0, all values default to 0 if not set-->
		<WestXOffset>0</WestXOffset>
		<WestYOffset>0.0</WestYOffset>
		<WestZOffset>-0.20</WestZOffset>
		<!-- West Draw size overrides, will default to 1 if not set -->
		<WestXDrawSize>2</WestXDrawSize>
		<WestZDrawSize>2</WestZDrawSize>
		<!-- West Angle overrides, will default to 0 if not set -->
		<WestAngle>0</WestAngle>
	  </li>
	</modExtensions>
</AlienRace.ThingDef_AlienRace>

</Defs>