﻿<?xml version="1.0" encoding="utf-8" ?>
<Defs>
    <!--========================= Yautja - Apparel Base ==========================-->

	<ThingDef Name="RRYApparelBase" Abstract="True">
		<thingClass>Apparel</thingClass>
		<category>Item</category>
		<selectable>True</selectable>
		<pathCost>10</pathCost>
		<useHitPoints>True</useHitPoints>
		<graphicData>
			<onGroundRandomRotateAngle>25</onGroundRandomRotateAngle>
		</graphicData>
		<drawGUIOverlay>true</drawGUIOverlay>
		<statBases>
			<MaxHitPoints>100</MaxHitPoints>
			<Flammability>1.0</Flammability>
			<DeteriorationRate>2.5</DeteriorationRate>
			<SellPriceFactor>0.5</SellPriceFactor>
		</statBases>
		<altitudeLayer>Item</altitudeLayer>
		<alwaysHaulable>True</alwaysHaulable>
		<tickerType>Never</tickerType>
		<comps>
			<li Class="CompProperties_Forbiddable"/>
			<li>
				<compClass>CompColorable</compClass>
			</li>
			<li>
				<compClass>CompQuality</compClass>
			</li>
		</comps>
	</ThingDef>
	
    <!--========================= Yautja - Clothes Base - Apparel Makable Base ==========================-->

	<ThingDef Name="RRY_Apparel_MakeableBase" ParentName="RRYApparelBase" Abstract="True">
		<recipeMaker>
			<workSpeedStat>GeneralLaborSpeed</workSpeedStat>
			<workSkill>Crafting</workSkill>
			<effectWorking>Tailor</effectWorking>
			<soundWorking>Recipe_Tailor</soundWorking>
			<recipeUsers>
				<li>RRY_TableMachining</li>
			</recipeUsers>
			<unfinishedThingDef>UnfinishedApparel</unfinishedThingDef>
		</recipeMaker>
	</ThingDef>

    <!--========================= Yautja - Apparel Armor Makable Base ==========================-->

	<ThingDef Name="RRY_Armor_MakeableBase" ParentName="RRYApparelBase" Abstract="True">
		<recipeMaker>
			<workSpeedStat>GeneralLaborSpeed</workSpeedStat>
			<workSkill>Crafting</workSkill>
			<effectWorking>Smith</effectWorking>
			<soundWorking>Recipe_Machining</soundWorking>
			<recipeUsers>
				<li>RRY_TableMachining</li>
			</recipeUsers>
			<unfinishedThingDef>UnfinishedTechArmor</unfinishedThingDef>
		</recipeMaker>
		<apparel>
			<tags>
				<li>YautjaArmour</li>
			</tags>
		</apparel>
	</ThingDef>
	
</Defs>