<?xml version="1.0" encoding="utf-8" ?>
<Defs>
	<!-- ==================== Yautja  - Wristblade ========================= 
	<ThingDef ParentName="RRY_BaseMeleeWeapon_Sharp_Quality">
		<defName>RRY_Melee_HandBlade</defName>
		<label>Yautja Wristblade</label>
		<description>Wristblades, also known as Gauntlet Knives, are the most basic of Yautja weapons and arguably the species' signature armament. The blades take the form of retractable, serrated blades between six and eighteen inches in length and two to eight inches wide that extend over the back of the hand from a gauntlet worn on the Predator's wrist. Generally, Yautja wear a single gauntlet on one wrist fitted with a pair of parallel blades, but there are a number of stylistic variations to this basic arrangement.\n\nDespite their relative simplicity, Wristblades are the weapon of choice for most Predators. The deadly blades are sharp enough to cut through bone and are intended for use against unarmored combatants or those who have been disarmed. As a last resort, they can sometimes be fired as a projectile from their gauntlet.</description>
		<graphicData>
			<texPath>Things/Equipment/Melee/Yautja_HandBlade</texPath>
			<graphicClass>Graphic_Single</graphicClass>
			<shaderType>CutoutComplex</shaderType>
		</graphicData>
		<soundInteract>Interact_Revolver</soundInteract>
		<statBases>
			<WorkToMake>250</WorkToMake>
			<Mass>2.5</Mass>
			<MarketValue>225</MarketValue>
		</statBases>
		<equippedStatOffsets>
			<PsychicSensitivity>-0.05</PsychicSensitivity>
		</equippedStatOffsets>
		<equippedAngleOffset>-25</equippedAngleOffset>
		<tools>
			<li>
				<label>blade</label>
				<capacities>
					<li>Cut</li>
					<li>Stab</li>
				</capacities>
				<power>28</power>
				<cooldownTime>1.8</cooldownTime>
			</li>
		</tools>
		<costStuffCount>75</costStuffCount>
		<stuffCategories>
			<li>Metallic</li>
		</stuffCategories>
		<recipeMaker>
			<recipeUsers>
				<li>ElectricSmithy</li>
				<li>FueledSmithy</li>
			</recipeUsers>
			<researchPrerequisite>RRY_YautjaTechBase</researchPrerequisite>
		</recipeMaker>
		<costList>
			<Steel>10</Steel>
		</costList>
		<weaponTags>
			<li>YautjaMelee</li>
			<li>YautjaWristblade</li>
			<li>Yautja</li>
		</weaponTags>
		<thingCategories>
			<li>RRY_MeleeWeapons</li>
		</thingCategories>
		<tradeTags>
			<li>RRY_MeleeWeapons</li>
		</tradeTags>
	 </ThingDef>
  -->
  
	<!-- ==================== Yautja  - Bladed Maul ========================= -->
  <ThingDef ParentName="RRY_BaseMeleeWeapon_Sharp_Quality">
    <defName>RRY_Melee_BladedMaul</defName>
    <label>Yautja Bladed Maul</label>
    <description>Yautja close-combat weapon. It is a large, weighted cutting blade affixed to a handle that runs perpendicular to the blade.</description>
    <graphicData>
      <texPath>Things/Equipment/Melee/Yautja_MetalBladedMaul</texPath>
      <graphicClass>Graphic_Single</graphicClass>
    </graphicData>
    <equippedAngleOffset>-20</equippedAngleOffset>
    <statBases>
      <WorkToMake>8000</WorkToMake>
      <MarketValue>800</MarketValue>
      <MaxHitPoints>150</MaxHitPoints>
      <Mass>3</Mass>
      <Flammability>0.4</Flammability>
      <DeteriorationRate>0.5</DeteriorationRate>
    </statBases>
    <tools>
      <li>
        <label>point</label>
        <capacities>
          <li>Scratch</li>
          <li>Stab</li>
        </capacities>
        <power>28</power>
        <cooldownTime>2.6</cooldownTime>
      </li>
      <li>
        <label>blade</label>
        <capacities>
          <li>Cut</li>
        </capacities>
        <power>22</power>
        <cooldownTime>2.6</cooldownTime>
      </li>
      <li>
        <label>handle</label>
        <capacities>
          <li>Blunt</li>
        </capacities>
        <power>9</power>
        <cooldownTime>2</cooldownTime>
      </li>
    </tools>
		<costStuffCount>175</costStuffCount>
		<stuffCategories>
			<li>Metallic</li>
		</stuffCategories>
		<recipeMaker>
			<recipeUsers>
				<!--
				<li>ElectricSmithy</li>
				<li>FueledSmithy</li>
				-->
			</recipeUsers>
			<researchPrerequisite>RRY_YautjaMelee_Basic</researchPrerequisite>
		</recipeMaker>
		<weaponTags>
			<li>YautjaMelee</li>
			<li>YautjaBladedMaul</li>
			
		</weaponTags>
		<thingCategories>
			<li>RRY_MeleeWeapons</li>
		</thingCategories>
    <tradeTags>
	
    </tradeTags>
  </ThingDef>
  
  
</Defs>