<?xml version="1.0" encoding="utf-8"?>
<Defs>
<!-- ====================== Hunting Bow ===================== -->
  <ThingDef ParentName="RRYBaseSimpleRanged">
    <defName>RRY_Gun_Hunting_Bow</defName>
    <label>yautja hunting bow</label>
    <description>The traditional Yautja Hunting is a large powerful bow that can be made out of almost any materials.</description>
    <graphicData>
      <texPath>Things/Equipment/Ranged/Yautja_Hunting_Bow</texPath>
      <graphicClass>Graphic_Single</graphicClass>
      <shaderType>CutoutComplex</shaderType>
      <drawSize>1.5</drawSize>			
    </graphicData>
    <soundInteract>Bow_Large</soundInteract>
    <statBases>
      <WorkToMake>3000</WorkToMake>
      <Mass>1.0</Mass>
      <AccuracyTouch>0.65</AccuracyTouch>
      <AccuracyShort>0.85</AccuracyShort>
      <AccuracyMedium>0.75</AccuracyMedium>
      <AccuracyLong>0.50</AccuracyLong>
      <RangedWeapon_Cooldown>1.5</RangedWeapon_Cooldown>
    </statBases>
    <weaponTags>
			<li>YautjaBow</li>
			<li>YautjaHuntingBow</li>
			<li>YautjaRanged</li>
    </weaponTags>
    <verbs>
      <li>
        <verbClass>Verb_Shoot_Stuffable</verbClass>
        <hasStandardCommand>true</hasStandardCommand>
        <defaultProjectile>Arrow_Yautja_Hunting_Bow</defaultProjectile>
        <warmupTime>2.0</warmupTime>
        <range>29.9</range>
        <soundCast>Bow_Large</soundCast>
      </li>
    </verbs>
    <tools>
      <li>
        <label>limb</label>
        <capacities>
          <li>Blunt</li>
          <li>Poke</li>
        </capacities>
        <power>9</power>
        <cooldownTime>2</cooldownTime>
      </li>
    </tools>
	<costStuffCount>60</costStuffCount>
		<stuffCategories>
			<li>Woody</li>
		</stuffCategories>
    <recipeMaker>
		<recipeUsers>
			<li>ElectricSmithy</li>
			<li>FueledSmithy</li>
			<li>CraftingSpot</li>
		</recipeUsers>
      <researchPrerequisite>RRY_YautjaRanged_Basic</researchPrerequisite>
      <skillRequirements>
        <Crafting>3</Crafting>
      </skillRequirements>
    </recipeMaker>
	<comps>     
		<li>
			<compClass>AdeptusMechanicus.CompOversizedWeapon</compClass>
		</li>
	</comps>
  </ThingDef>
  <ThingDef ParentName="BaseProjectileNeolithic">
    <defName>Arrow_Yautja_Hunting_Bow</defName>
    <label>yautja arrow</label>
    <thingClass>RRYautja.Stuffable_Bullet</thingClass>
    <graphicData>
      <texPath>Things/Projectile/Arrow_Small</texPath>
      <graphicClass>Graphic_Single</graphicClass>
    </graphicData>
    <projectile>
      <flyOverhead>false</flyOverhead>
      <damageDef>Arrow</damageDef>
      <damageAmountBase>25</damageAmountBase>
      <stoppingPower>1.5</stoppingPower>
      <armorPenetrationBase>0.25</armorPenetrationBase>
      <speed>60</speed>
    </projectile>
	
	<comps>     
	
	</comps>
  </ThingDef>
  
<!-- ====================== Compound Bow ===================== -->
  <ThingDef ParentName="RRYBaseSimpleRanged">
    <defName>RRY_Gun_Compound_Bow</defName>
    <label>yautja compound bow</label>
    <description>A powerful Compound bow. Fires a heavy arrow long distances.</description>
    <graphicData>
      <texPath>Things/Equipment/Ranged/Yautja_Compound_Bow</texPath>
      <graphicClass>Graphic_Single</graphicClass>
      <shaderType>CutoutComplex</shaderType>
      <drawSize>1.5</drawSize>			
    </graphicData>
	<comps>     
		<li>
			<compClass>AdeptusMechanicus.CompOversizedWeapon</compClass>
		</li>
	</comps>
    <soundInteract>Bow_Large</soundInteract>
    <statBases>
      <WorkToMake>4500</WorkToMake>
      <Mass>3.0</Mass>
      <AccuracyTouch>0.65</AccuracyTouch>
      <AccuracyShort>0.85</AccuracyShort>
      <AccuracyMedium>0.75</AccuracyMedium>
      <AccuracyLong>0.65</AccuracyLong>
      <RangedWeapon_Cooldown>1.5</RangedWeapon_Cooldown>
    </statBases>
    <weaponTags>
			<li>YautjaBow</li>
			<li>YautjaCompoundBow</li>
			<li>YautjaRanged</li>
    </weaponTags>
    <verbs>
      <li>
        <verbClass>Verb_Shoot_Stuffable</verbClass>
        <hasStandardCommand>true</hasStandardCommand>
        <defaultProjectile>Arrow_Yautja_Compound_Bow</defaultProjectile>
        <warmupTime>2.0</warmupTime>
        <range>34.9</range>
        <soundCast>Bow_Large</soundCast>
      </li>
    </verbs>
    <tools>
      <li>
        <label>limb</label>
        <capacities>
          <li>Blunt</li>
          <li>Poke</li>
        </capacities>
        <power>9</power>
        <cooldownTime>2</cooldownTime>
      </li>
    </tools>
	<costStuffCount>100</costStuffCount>
		<stuffCategories>
			<li>Metallic</li>
		</stuffCategories>
    <recipeMaker>
      <researchPrerequisite>RRY_YautjaRanged_Med</researchPrerequisite>
      <skillRequirements>
        <Crafting>6</Crafting>
      </skillRequirements>
    </recipeMaker>
  </ThingDef>
  <ThingDef ParentName="BaseProjectileNeolithic">
    <defName>Arrow_Yautja_Compound_Bow</defName>
    <thingClass>RRYautja.Stuffable_Bullet</thingClass>
    <label>yautja arrow</label>
    <graphicData>
      <texPath>Things/Projectile/Arrow_Small</texPath>
      <graphicClass>Graphic_Single</graphicClass>
    </graphicData>
    <projectile>
      <flyOverhead>false</flyOverhead>
      <damageDef>Arrow</damageDef>
      <damageAmountBase>30</damageAmountBase>
      <stoppingPower>2.5</stoppingPower>
      <armorPenetrationBase>0.5</armorPenetrationBase>
      <speed>70</speed>
    </projectile>
  </ThingDef>
  
<!-- ====================== Plasma Blaster ===================== -->
 <ThingDef ParentName="BaseBullet">
	<defName>RRY_Bullet_Plasma</defName>
    <label>Plasma Bolt</label>
    <graphicData>
		<texPath>Things/Projectile/PlamsShotSml</texPath>
		<graphicClass>Graphic_Single</graphicClass>
    </graphicData>
    <projectile>
		<flyOverhead>false</flyOverhead>
		<damageDef>Bullet</damageDef>
		<damageAmountBase>25</damageAmountBase>
		<armorPenetrationBase>0.68</armorPenetrationBase>
		<stoppingPower>1.75</stoppingPower>
		<speed>55</speed>
	</projectile>
 </ThingDef>

	<ThingDef ParentName="RRYBaseMakeableGun">
		<defName>RRY_Gun_YautjaBlaster</defName>
		<label>Plasma Pistol</label>
		<description>The Plasma Pistol, also known as the Plasma Handgun, is a handheld version of the Yautja Plasmacaster.</description>
		<graphicData>
			<texPath>Things/Equipment/Ranged/PredatorBlaster</texPath>
			<graphicClass>Graphic_Single</graphicClass>		
    </graphicData>
		<soundInteract>Interact_Autopistol</soundInteract>
		<statBases>
			<WorkToMake>20000</WorkToMake>
			<MarketValue>750</MarketValue>
			<Mass>2</Mass>
			<AccuracyTouch>0.80</AccuracyTouch>
			<AccuracyShort>0.85</AccuracyShort>
			<AccuracyMedium>0.60</AccuracyMedium>
			<AccuracyLong>0.35</AccuracyLong>
			<RangedWeapon_Cooldown>1.35</RangedWeapon_Cooldown>
		</statBases>
	<recipeMaker>
		<researchPrerequisite>RRY_YautjaRanged_Med</researchPrerequisite>
		<skillRequirements>
			<Crafting>6</Crafting>
		</skillRequirements>
	</recipeMaker>
		
		<verbs>
			<li>
				<verbClass>Verb_Shoot</verbClass>
				<hasStandardCommand>true</hasStandardCommand>
				<defaultProjectile>RRY_Bullet_Plasma</defaultProjectile>
				<warmupTime>1</warmupTime>
				<range>23</range>
				<soundCast>RRY_Shot_ShoulderCannon</soundCast>
				<!-- <forcedMissRadius>0.1</forcedMissRadius> -->
				<soundCastTail>GunTail_Light</soundCastTail>
				<muzzleFlashScale>8</muzzleFlashScale>
			
			</li>
		</verbs>
    <tools>
      <li>
        <label>grip</label>
        <capacities>
          <li>Blunt</li>
        </capacities>
        <power>12</power>
        <cooldownTime>1.6</cooldownTime>
      </li>
      <li>
        <label>barrel</label>
        <capacities>
          <li>Blunt</li>
          <li>Poke</li>
        </capacities>
        <power>12</power>
        <cooldownTime>1.6</cooldownTime>
      </li>
    </tools>
		<techLevel>Spacer</techLevel>
		<weaponTags>
			<li>Yautja</li>
			<li>YautjaGun</li>
			<li>YautjaBlaster</li>
			<li>YautjaRanged</li>
		</weaponTags>
		<thingCategories>
			<li>RRY_RangedWeapons</li>
		</thingCategories>
		<tradeTags>
			<li>RRY_RangedWeapons</li>
		</tradeTags>
		<costList>				
			<Steel>30</Steel>
			<Plasteel>40</Plasteel>
			<ComponentIndustrial>3</ComponentIndustrial>
			<Gold>4</Gold>
		</costList>
	</ThingDef>
	
<!-- ====================== Needler Rifle ===================== -->
 <ThingDef ParentName="BaseBullet">
	<defName>RRY_Bullet_NeedlerRifle</defName>
    <label>Needler Bolt</label>
    <graphicData>
		<texPath>Things/Projectile/NeedlerShotSml</texPath>
		<graphicClass>Graphic_Single</graphicClass>
    </graphicData>
    <projectile>
		<flyOverhead>false</flyOverhead>
		<damageDef>Bullet</damageDef>
		<damageAmountBase>5</damageAmountBase>
		<armorPenetrationBase>0.68</armorPenetrationBase>
		<speed>75</speed>
	</projectile>
 </ThingDef>
	<ThingDef ParentName="RRYBaseMakeableGun">
		<defName>RRY_Gun_NeedlerRifle</defName>
		<label>Needler</label>
		<description>Regardless of the exact form of the weapon, all Needlers serve as projectile weapons firing metal spears. How these projectiles are fired is not clear, as the weapon produces no discernible muzzle flash and often little noise, yet fires spears with tremendous velocity and accuracy. Regardless of physical appearance, the Needler is mid-ranged and very powerful, capable of pinning victims to solid surfaces like a nail gun.\n\nDespite the weapon's name, the projectiles fired by the Speargun are not typically spear-shaped; the most common form seems to be a U-shaped projectile with a weighted tail and two serrated prongs pointing forwards. They are made from an unknown metal that is incredibly lightweight yet able to cut like hardened steel. They spears often have a blood groove down the middle, designed to cause a target to bleed out if they become stuck in the flesh.</description>
		<graphicData>
			<texPath>Things/Equipment/Ranged/NeedleRifle</texPath>
			<graphicClass>Graphic_Single</graphicClass>		
    </graphicData>
		<soundInteract>Interact_Autopistol</soundInteract>
		<statBases>
			<WorkToMake>20000</WorkToMake>
			<MarketValue>750</MarketValue>
			<Mass>3</Mass>
			<AccuracyTouch>0.75</AccuracyTouch>
			<AccuracyShort>0.85</AccuracyShort>
			<AccuracyMedium>0.50</AccuracyMedium>
			<AccuracyLong>0.35</AccuracyLong>
			<RangedWeapon_Cooldown>1.35</RangedWeapon_Cooldown>
		</statBases>
	<recipeMaker>
		<researchPrerequisite>RRY_YautjaRanged_Med</researchPrerequisite>
	</recipeMaker>
		<verbs>
			<li>
				<verbClass>Verb_Shoot</verbClass>
				<hasStandardCommand>true</hasStandardCommand>
				<defaultProjectile>RRY_Bullet_NeedlerRifle</defaultProjectile>
				<warmupTime>1</warmupTime>
				<range>30</range>
				<burstShotCount>3</burstShotCount>
				<ticksBetweenBurstShots>10</ticksBetweenBurstShots>
				<!-- <soundCast>Shot_Revolver</soundCast> -->
				<!-- <forcedMissRadius>0.1</forcedMissRadius> -->
				<!-- <soundCastTail>GunTail_Light</soundCastTail> -->
				<muzzleFlashScale>0</muzzleFlashScale>
			</li>
		</verbs>
    <tools>
      <li>
        <label>grip</label>
        <capacities>
          <li>Blunt</li>
        </capacities>
        <power>12</power>
        <cooldownTime>1.6</cooldownTime>
      </li>
      <li>
        <label>barrel</label>
        <capacities>
          <li>Blunt</li>
          <li>Poke</li>
        </capacities>
        <power>12</power>
        <cooldownTime>1.6</cooldownTime>
      </li>
    </tools>
		<techLevel>Spacer</techLevel>
		<weaponTags>
			<li>Yautja</li>
			<li>YautjaGun</li>
			<li>YautjaNeedler</li>
			<li>YautjaRanged</li>
		</weaponTags>
		<thingCategories>
			<li>RRY_RangedWeapons</li>
		</thingCategories>
		<tradeTags>
			<li>RRY_RangedWeapons</li>
		</tradeTags>
		<costList>				
			<Steel>20</Steel>
			<Plasteel>55</Plasteel>
			<ComponentIndustrial>4</ComponentIndustrial>
			<Gold>4</Gold>
		</costList>
	</ThingDef>
	
<!-- ====================== Spear Rifle ===================== -->
  <ThingDef ParentName="RRYBaseMakeableGun">
    <defName>RRY_Gun_SpearRifle</defName>
    <label>spear rifle</label>
		<description>Regardless of the exact form of the weapon, all Spearguns serve as projectile weapons firing metal spears. How these projectiles are fired is not clear, as the weapon produces no discernible muzzle flash and often little noise, yet fires spears with tremendous velocity and accuracy. Regardless of physical appearance, the Speargun is long-ranged and very powerful, capable of pinning victims to solid surfaces like a nail gun. Some have been seen with integrated computerized scopes further increasing their range. A common tactic, particularly with young and inexperienced hunters, is to use the Netgun to immobilize prey before finishing it off with the Speargun.\n\nDespite the weapon's name, the projectiles fired by the Speargun are not typically spear-shaped; the most common form seems to be a U-shaped projectile with a weighted tail and two serrated prongs pointing forwards. They are made from an unknown metal that is incredibly lightweight yet able to cut like hardened steel. They spears often have a blood groove down the middle, designed to cause a target to bleed out if they become stuck in the flesh.</description>
    <graphicData>
			<texPath>Things/Equipment/Ranged/Yautja_Sniper_Spear_Rifle</texPath>
      <graphicClass>Graphic_Single</graphicClass>
      <drawSize>1.5</drawSize>			
    </graphicData>
	<comps>     
		<li>
			<compClass>AdeptusMechanicus.CompOversizedWeapon</compClass>
		</li>
	</comps>
    <soundInteract>Interact_Rifle</soundInteract>
    <recipeMaker>
      <researchPrerequisite>RRY_YautjaRanged_Adv</researchPrerequisite>
      <skillRequirements>
        <Crafting>7</Crafting>
      </skillRequirements>
    </recipeMaker>
    <statBases>
      <WorkToMake>50000</WorkToMake>
      <Mass>4</Mass>
      <AccuracyTouch>0.50</AccuracyTouch>
      <AccuracyShort>0.70</AccuracyShort>
      <AccuracyMedium>0.86</AccuracyMedium>
      <AccuracyLong>0.88</AccuracyLong>
      <RangedWeapon_Cooldown>2.3</RangedWeapon_Cooldown>
    </statBases>
    <costList>
      <Uranium>10</Uranium>
	  <Plasteel>50</Plasteel>
      <ComponentIndustrial>6</ComponentIndustrial>
    </costList>
    <verbs>
      <li>
        <verbClass>Verb_Shoot</verbClass>
        <hasStandardCommand>true</hasStandardCommand>
        <defaultProjectile>RRY_Bullet_SpearRifle</defaultProjectile>
        <warmupTime>3.5</warmupTime>
        <range>47</range>
        <!--soundCast>Shot_SniperRifle</soundCast-->
        <soundCastTail>GunTail_Heavy</soundCastTail>
        <muzzleFlashScale>0</muzzleFlashScale>
      </li>
    </verbs>
    <tools>
      <li>
        <label>stock</label>
        <capacities>
          <li>Blunt</li>
        </capacities>
        <power>9</power>
        <cooldownTime>2</cooldownTime>
      </li>
      <li>
        <label>barrel</label>
        <capacities>
          <li>Blunt</li>
          <li>Poke</li>
        </capacities>
        <power>9</power>
        <cooldownTime>2</cooldownTime>
      </li>
    </tools>
    <weaponTags Inherit="False">
      <li>SpearRifle</li>
	  <li>YautjaGun</li>
	  <li>YautjaRanged</li>
	</weaponTags>
	<generateCommonality>0.05</generateCommonality>
  </ThingDef> 
  
  <ThingDef ParentName="BaseBullet">
    <defName>RRY_Bullet_SpearRifle</defName>
    <label>spear bolt</label>
    <graphicData>
      <texPath>Things/Projectile/NeedlerShot</texPath>
      <graphicClass>Graphic_Single</graphicClass>
    </graphicData>
    <projectile>
      <damageDef>Bullet</damageDef>
      <damageAmountBase>27</damageAmountBase>
      <stoppingPower>2.0</stoppingPower>
      <speed>120</speed>
    </projectile>
  </ThingDef>

<!-- ====================== Smart Disk ===================== -->	 
  <ThingDef ParentName="RRYBaseSimpleRanged">
    <defName>RRY_Gun_SmartDisk</defName>
    <label>Yautja Smart Disk</label>
    <description>A circular shaped, extremely sharp thrown weapon. The smart disk come equipped with a targeting system that makes it deadly accurate but with a long time to setup before throwing. But it is unwieldy in close-combat.</description>
    <graphicData>
      <texPath>Things/Equipment/Ranged/SmartDisk</texPath>
      <graphicClass>Graphic_Single</graphicClass>
    </graphicData>
    <soundInteract>Interact_BeatFire</soundInteract>
    <costList>
      <Plasteel>40</Plasteel>
      <ComponentIndustrial>1</ComponentIndustrial>
    </costList>
    <statBases>
      <WorkToMake>7000</WorkToMake>
      <Mass>1</Mass>
      <AccuracyTouch>0.50</AccuracyTouch>
      <AccuracyShort>1.2</AccuracyShort>
      <AccuracyMedium>1</AccuracyMedium>
      <AccuracyLong>0.9</AccuracyLong>
      <RangedWeapon_Cooldown>3</RangedWeapon_Cooldown>
    </statBases>
    <weaponTags>
			<li>Yautja</li>
			<li>YautjaGun</li>
			<li>YautjaSmartDisk</li>
			<li>YautjaRanged</li>
    </weaponTags>
    <recipeMaker>
	  <researchPrerequisite>RRY_YautjaRanged_Basic</researchPrerequisite>
      <skillRequirements>
        <Crafting>6</Crafting>
      </skillRequirements>
	  
    </recipeMaker>
    <verbs>
      <li>
        <verbClass>Verb_Shoot</verbClass>
        <hasStandardCommand>true</hasStandardCommand>
        <defaultProjectile>RRY_SmartDisk_Thrown</defaultProjectile>
        <warmupTime>4</warmupTime>
        <range>20</range>
        <soundCast>Interact_BeatFire</soundCast>
        <rangedFireRulepack>Combat_RangedFire_Thrown</rangedFireRulepack>
			<targetParams>
				<canTargetLocations>true</canTargetLocations>
			</targetParams>
      </li>
    </verbs>
    <tools>
      <li>
        <label>blade</label>
        <capacities>
          <li>Cut</li>
        </capacities>
        <power>9</power>
         <cooldownTime>2</cooldownTime>
      </li>
      <li>
        <label>point</label>
        <capacities>
          <li>Stab</li>
        </capacities>
        <power>9</power>
         <cooldownTime>2</cooldownTime>
      </li>
    </tools>
	<generateCommonality>0.05</generateCommonality>
  </ThingDef>
  <!-- Returning_Projectile --> 
  <ThingDef ParentName="BaseProjectileNeolithic">
    <defName>RRY_SmartDisk_Thrown</defName>
    <thingClass>Returning_Projectile</thingClass>
    <label>SmartDisk</label>
    <graphicData>
      <texPath>Things/Projectile/SmartDisk</texPath>
      <graphicClass>Graphic_Single</graphicClass>
    </graphicData>
    <projectile>
      <flyOverhead>false</flyOverhead>
      <damageDef>RRY_RangedCut</damageDef>
      <damageAmountBase>25</damageAmountBase>
      <stoppingPower>2.5</stoppingPower>
      <armorPenetrationBase>0.10</armorPenetrationBase>
      <speed>26</speed>
    </projectile>
  </ThingDef>
	
  <ThingDef ParentName="BaseProjectileNeolithic">
    <defName>RRY_SmartDisk_Returning</defName>
    <label>SmartDisk</label>
    <graphicData>
      <texPath>Things/Projectile/SmartDisk</texPath>
      <graphicClass>Graphic_Single</graphicClass>
    </graphicData>
    <projectile>
      <flyOverhead>false</flyOverhead>
      <damageDef>RRY_RangedCut</damageDef>
      <damageAmountBase>0</damageAmountBase>
      <stoppingPower>0</stoppingPower>
      <armorPenetrationBase>0</armorPenetrationBase>
      <speed>26</speed>
    </projectile>
  </ThingDef>
	
  <ThingDef ParentName="MoteBase">
    <defName>RRY_SmartDisk_Mote</defName>
    <thingClass>RRYautja.GetReturningProjectile</thingClass>
    <graphicData>
      <texPath>DummyTexture</texPath>
      <shaderType>MoteGlow</shaderType>
    </graphicData>
    <altitudeLayer>MoteOverhead</altitudeLayer>
    <drawOffscreen>true</drawOffscreen>
    <mote>
      <fadeInTime>0.01</fadeInTime>
      <solidTime>0.01</solidTime>
      <fadeOutTime>0.01</fadeOutTime>
    </mote>
  </ThingDef>

</Defs>