<?xml version="1.0" encoding="utf-8" ?>
<Defs>
	<!-- ========================= Yautja - Armour base ========================== -->
	<ThingDef Name="RRY_Yautja_ArmourBase" ParentName="RRY_Armor_MakeableBase" Abstract="true">
	<description>Advanced battle armour of the Yautja</description>
		<statBases>
			<Flammability>0.4</Flammability>
		</statBases>
	</ThingDef>
	<!-- ========================= Yautja - Headgear base ========================== -->
	<ThingDef Name="RRY_Yautja_HeadgearBase" ParentName="RRY_Armor_MakeableBase" Abstract="true">
	<description>Advanced Headgear of the Yautja</description>
	</ThingDef>	
	
	<!-- ========================= Yautja - Hunter Light Armour Chestplate ========================== -->
	<ThingDef ParentName="RRY_Yautja_ArmourBase">
		<defName>RRY_Apparel_HunterLightArmourChestplate</defName>
		<label>Yautja Light Chestplate</label>
		<description>A light chestplate designed with freedom of movements in mind.</description>
		<graphicData>
			<texPath>Things/Apparel/Yautja_Light_Armour/Yautja_LightArmour</texPath>
			<graphicClass>Graphic_Single</graphicClass>
		</graphicData>
		<statBases>
			<MarketValue>1500</MarketValue>
			<MaxHitPoints>300</MaxHitPoints>
			<WorkToMake>30000</WorkToMake>
			<ArmorRating_Blunt>0.45</ArmorRating_Blunt>
			<ArmorRating_Sharp>0.30</ArmorRating_Sharp>
			<ArmorRating_Heat>0.30</ArmorRating_Heat>
			<Insulation_Heat>6</Insulation_Heat>
			<Insulation_Cold>6</Insulation_Cold>
			<Mass>3</Mass>
		</statBases>
		<equippedStatOffsets>
			<MoveSpeed>+0.2</MoveSpeed>
			
		<!--
			<ShootingAccuracyPawn>0.25</ShootingAccuracyPawn>
			<PsychicSensitivity>-0.10</PsychicSensitivity>
			<ToxicSensitivity>-0.5</ToxicSensitivity>
			-->
		</equippedStatOffsets>
		<costList>
			<Steel>40</Steel>
			<Plasteel>30</Plasteel>
			<ComponentIndustrial>2</ComponentIndustrial>
		</costList>
		<recipeMaker>
			<researchPrerequisite>RRY_YautjaTechMid</researchPrerequisite>
			<skillRequirements>
				<Crafting>5</Crafting>
			</skillRequirements>
		</recipeMaker>
		<apparel>
			<bodyPartGroups>
				<li>Torso</li>
				<li>Neck</li>
				<li>Shoulders</li>
				<li>Arms</li>
			</bodyPartGroups>
			<wornGraphicPath>Things/Apparel/Yautja_Light_Armour/Yautja_LightArmour</wornGraphicPath>
			<layers>
				<li>Middle</li>
			</layers>
			<tags>
				<li>YautjaChestplate</li>
				<li>YautjaArmour</li>
				<li>YautjaLightArmour</li>
				<li>YautjaNormalArmour</li>
			</tags>
			<defaultOutfitTags>
				<li>Soldier</li>
			</defaultOutfitTags>
		</apparel>
		<thingCategories>
			<li>RRY_Armour</li>
		</thingCategories>
		<tradeTags>
			<li>Apparel</li>
		</tradeTags>
	</ThingDef>

	<!-- ========================= Yautja - Light Bio Mask ========================== -->
	<ThingDef ParentName="RRY_Yautja_HeadgearBase">
		<defName>RRY_Apparel_LightBioMask</defName>
		<label>Yautja Light Bio Mask</label>
		<description>Arguably the most iconic piece of gear of the Yautja arsenal, the bio mask is part functional armor and part ritualistic object. The helmet offer protection from harm in combat as well as a respirator to avoid inhaling toxic compounds. The helmet is also equipped with a targeting system and vision enhancing utilities.</description>
		<graphicData>
		<texPath>Things/Apparel/Yautja_Light_Armour_Helmet/Yautja_LightArmour_Helmet</texPath>
		<graphicClass>Graphic_Single</graphicClass>
		</graphicData>
		<statBases>
			<Mass>0.25</Mass>
			<MarketValue>500</MarketValue>
			<MaxHitPoints>150</MaxHitPoints>
			<WorkToMake>25000</WorkToMake>
			<ArmorRating_Sharp>0.7</ArmorRating_Sharp>
			<ArmorRating_Blunt>0.20</ArmorRating_Blunt>
			<ArmorRating_Heat>0.4</ArmorRating_Heat>
			<Insulation_Heat>3</Insulation_Heat>
			<Insulation_Cold>10</Insulation_Cold>
		</statBases>
		<equippedStatOffsets>
			<ShootingAccuracyPawn>0.35</ShootingAccuracyPawn>
			<PsychicSensitivity>-0.10</PsychicSensitivity>
			<ToxicSensitivity>-0.55</ToxicSensitivity>
		</equippedStatOffsets>
		<costList>
			<Plasteel>30</Plasteel>
			<Uranium>15</Uranium>
			<ComponentSpacer>1</ComponentSpacer>
		</costList>
		<recipeMaker>
			<researchPrerequisite>RRY_YautjaTechMid</researchPrerequisite>
			<skillRequirements>
				<Crafting>6</Crafting>
			</skillRequirements>
		</recipeMaker>
		<apparel>
			<bodyPartGroups>
				<li>FullHead</li>
			</bodyPartGroups>
			<wornGraphicPath>Things/Apparel/Yautja_Light_Armour_Helmet/Yautja_LightArmour_Helmet</wornGraphicPath>
			<hatRenderedFrontOfFace>true</hatRenderedFrontOfFace>			
			<layers>
				<li>Overhead</li>
			</layers>
			<tags>
				<li>YautjaLightBioMask</li>
				<li>YautjaHelmet</li>
				<li>YautjaLightArmour</li>
				<li>YautjaNormalArmour</li>
			</tags>
			<defaultOutfitTags>
				<li>Soldier</li>
			</defaultOutfitTags>
		</apparel>
		<thingCategories>
			<li>RRY_Headgear</li>
		</thingCategories>
		<tradeTags>
			<li>Headgear</li>
		</tradeTags>
	</ThingDef>

	<!-- ========================= Yautja - Hunter Armour Chestplate ========================== -->
	<ThingDef ParentName="RRY_Yautja_ArmourBase">
		<defName>RRY_Apparel_HunterArmourChestplate</defName>
		<label>Yautja Hunter Chestplate</label>
		<description>The standard armor worn by the hunters of the Yautja society.</description>
		<graphicData>
			<texPath>Things/Apparel/Yautja_Armour/Yautja_HunterArmor</texPath>
			<graphicClass>Graphic_Single</graphicClass>
		</graphicData>
		<statBases>
			<MarketValue>1750</MarketValue>
			<MaxHitPoints>350</MaxHitPoints>
			<WorkToMake>40000</WorkToMake>
			<ArmorRating_Blunt>0.70</ArmorRating_Blunt>
			<ArmorRating_Sharp>0.50</ArmorRating_Sharp>
			<ArmorRating_Heat>0.40</ArmorRating_Heat>
			<Insulation_Heat>7</Insulation_Heat>
			<Insulation_Cold>7</Insulation_Cold>
			<Mass>4</Mass>
		</statBases>
		<equippedStatOffsets>
			<MoveSpeed>-0.2</MoveSpeed>
			<WorkSpeedGlobal>-0.15</WorkSpeedGlobal>
		<!--
			<MoveSpeed>-0.03</MoveSpeed>
			<WorkSpeedGlobal>-0.15</WorkSpeedGlobal>
			<ShootingAccuracyPawn>0.25</ShootingAccuracyPawn>
			<PsychicSensitivity>-0.10</PsychicSensitivity>
			<ToxicSensitivity>-0.5</ToxicSensitivity>
			-->
		</equippedStatOffsets>
		<costList>
			<Steel>80</Steel>
			<Plasteel>60</Plasteel>
			<ComponentIndustrial>3</ComponentIndustrial>
		</costList>
		<recipeMaker>
			<researchPrerequisite>RRY_YautjaTechBase</researchPrerequisite>
			<skillRequirements>
				<Crafting>4</Crafting>
			</skillRequirements>
		</recipeMaker>
		<apparel>
			<bodyPartGroups>
				<li>Torso</li>
				<li>Neck</li>
				<li>Shoulders</li>
				<li>Arms</li>
			</bodyPartGroups>
			<wornGraphicPath>Things/Apparel/Yautja_Armour/Yautja_HunterArmor</wornGraphicPath>
			<layers>
				<li>Middle</li>
			</layers>
			<tags>
				<li>YautjaChestplate</li>
				<li>YautjaArmour</li>
				<li>YautjaHunterArmour</li>
				<li>YautjaNormalArmour</li>
			</tags>
			<defaultOutfitTags>
				<li>Soldier</li>
			</defaultOutfitTags>
		</apparel>
		<thingCategories>
			<li>RRY_Armour</li>
		</thingCategories>
		<tradeTags>
			<li>Apparel</li>
		</tradeTags>
	</ThingDef>

	<!-- ========================= Yautja - Hunter Heavy Armour Chestplate ========================== -->
	<ThingDef ParentName="RRY_Yautja_ArmourBase">
		<defName>RRY_Apparel_HunterHeavyArmourChestplate</defName>
		<label>Yautja Heavy Chestplate</label>
		<description>A heavy armor chestplate made to endure the most punishing treatment a hunter could conceivably go through. That piece is heavy and difficult to move in, but will make the hunter an unstoppable force.</description>
		<graphicData>
			<texPath>Things/Apparel/Yautja_Heavy_Armour/Heavy_Armour</texPath>
			<graphicClass>Graphic_Single</graphicClass>
		</graphicData>
		<statBases>
			<MarketValue>2000</MarketValue>
			<MaxHitPoints>500</MaxHitPoints>
			<WorkToMake>65000</WorkToMake>
			<ArmorRating_Blunt>1.15</ArmorRating_Blunt>
			<ArmorRating_Sharp>1.1</ArmorRating_Sharp>
			<ArmorRating_Heat>0.8</ArmorRating_Heat>
			<Insulation_Heat>10</Insulation_Heat>
			<Insulation_Cold>10</Insulation_Cold>
			<Mass>6</Mass>
		</statBases>
		<equippedStatOffsets>
			<MoveSpeed>-1</MoveSpeed>
			<WorkSpeedGlobal>-0.5</WorkSpeedGlobal>
		<!--
			<ShootingAccuracyPawn>0.25</ShootingAccuracyPawn>
			<PsychicSensitivity>-0.10</PsychicSensitivity>
			<ToxicSensitivity>-0.5</ToxicSensitivity>
			-->
		</equippedStatOffsets>
		<costList>
			<Steel>80</Steel>
			<Plasteel>40</Plasteel>
			<Uranium>20</Uranium>
			<ComponentIndustrial>4</ComponentIndustrial>
		</costList>
		<recipeMaker>
			<researchPrerequisite>RRY_YautjaTechMid</researchPrerequisite>
			<skillRequirements>
				<Crafting>6</Crafting>
			</skillRequirements>
		</recipeMaker>
		<apparel>
			<bodyPartGroups>
				<li>Torso</li>
				<li>Shoulders</li>
				<li>Arms</li>
				<li>Neck</li>
			</bodyPartGroups>
			<wornGraphicPath>Things/Apparel/Yautja_Heavy_Armour/Heavy_Armour</wornGraphicPath>
			<layers>
				<li>Middle</li>
			</layers>
			<tags>
				<li>YautjaChestplate</li>
				<li>YautjaArmour</li>
				<li>YautjaHeavyArmour</li>
				<li>YautjaNormalArmour</li>
				
			</tags>
			<defaultOutfitTags>
				<li>Soldier</li>
			</defaultOutfitTags>
		</apparel>
		<thingCategories>
			<li>RRY_Armour</li>
		</thingCategories>
		<tradeTags>
			<li>Apparel</li>
		</tradeTags>
	</ThingDef>

	<!-- ========================= Yautja - Hunter Armour Greaves ========================== -->
	<ThingDef ParentName="RRY_Yautja_ArmourBase">
		<defName>RRY_Apparel_HunterArmourGreaves</defName>
		<label>Yautja Hunter Greaves</label>
		<description>Yautja legs protection.</description>
		<graphicData>
			<texPath>Things/Apparel/Yautja_Undersuit/Yautja_HunterArmorUndersuit</texPath>
			<graphicClass>Graphic_Single</graphicClass>
		</graphicData>
		<statBases>
			<MarketValue>1000</MarketValue>
			<MaxHitPoints>275</MaxHitPoints>
			<WorkToMake>10000</WorkToMake>
			
			<ArmorRating_Blunt>0.15</ArmorRating_Blunt>
			<ArmorRating_Sharp>0.50</ArmorRating_Sharp>
			<ArmorRating_Heat>0.25</ArmorRating_Heat>
			<Insulation_Heat>4</Insulation_Heat>
			<Insulation_Cold>2</Insulation_Cold>
			<Mass>4</Mass>
		</statBases>
		<equippedStatOffsets>
			<MoveSpeed>-0.03</MoveSpeed>
			<WorkSpeedGlobal>-0.03</WorkSpeedGlobal>
			<!--
			<ShootingAccuracyPawn>0.25</ShootingAccuracyPawn>
			<PsychicSensitivity>-0.10</PsychicSensitivity>
			<ToxicSensitivity>-0.5</ToxicSensitivity>
			-->
		</equippedStatOffsets>
		<costList>
			<Steel>60</Steel>
			<Plasteel>20</Plasteel>
			<ComponentIndustrial>1</ComponentIndustrial>
		</costList>
		<recipeMaker>
			<researchPrerequisite>RRY_YautjaTechBase</researchPrerequisite>
			<skillRequirements>
				<Crafting>4</Crafting>
			</skillRequirements>
		</recipeMaker>
		<apparel>
			<bodyPartGroups>
				<li>Legs</li>
			</bodyPartGroups>
			<layers>
				<li>Middle</li>
			</layers>
			<tags>
				<li>YautjaGreaves</li>
				<li>YautjaArmour</li>
				<li>YautjaNormalArmour</li>
			</tags>
			<defaultOutfitTags>
				<li>Soldier</li>
			</defaultOutfitTags>
			<wornGraphicPath>Things/Apparel/Yautja_Undersuit/Yautja_HunterArmorUndersuit</wornGraphicPath>
		</apparel>
		<thingCategories>
			<li>RRY_Armour</li>
		</thingCategories>
		<tradeTags>
			<li>Apparel</li>
		</tradeTags>
	</ThingDef>

	<!-- ========================= Yautja - Bio Mask ========================== -->
	<ThingDef ParentName="RRY_Yautja_HeadgearBase">
		<defName>RRY_Apparel_HunterBioMask</defName>
		<label>Yautja Bio Mask</label>
		<description>Arguably the most iconic piece of gear of the Yautja arsenal, the bio mask is part functional armor and part ritualistic object. The helmet offer protection from harm in combat as well as a respirator to avoid inhaling toxic compounds. The helmet is also equipped with a targeting system and vision enhancing utilities.</description>
		<graphicData>
		<texPath>Things/Apparel/Yautja_Armour_Helmet/Yautja_HunterArmour_Helmet</texPath>
		<graphicClass>Graphic_Single</graphicClass>
		</graphicData>
		<statBases>
			<Mass>0.25</Mass>
			<MarketValue>500</MarketValue>
			<MaxHitPoints>150</MaxHitPoints>
			<WorkToMake>25000</WorkToMake>
			<ArmorRating_Sharp>1.1</ArmorRating_Sharp>
			<ArmorRating_Blunt>0.40</ArmorRating_Blunt>
			<ArmorRating_Heat>0.8</ArmorRating_Heat>
			<Insulation_Heat>3</Insulation_Heat>
			<Insulation_Cold>5</Insulation_Cold>
		</statBases>
		<equippedStatOffsets>
			<ShootingAccuracyPawn>0.15</ShootingAccuracyPawn>
			<PsychicSensitivity>-0.10</PsychicSensitivity>
			<ToxicSensitivity>-0.4</ToxicSensitivity>
		</equippedStatOffsets>
		<costList>
			<Plasteel>30</Plasteel>
			<Uranium>15</Uranium>
			<ComponentSpacer>1</ComponentSpacer>
		</costList>
		<recipeMaker>
			<researchPrerequisite>RRY_YautjaTechMid</researchPrerequisite>
			<skillRequirements>
				<Crafting>6</Crafting>
			</skillRequirements>
		</recipeMaker>
		<apparel>
			<bodyPartGroups>
				<li>FullHead</li>
			</bodyPartGroups>
			<wornGraphicPath>Things/Apparel/Yautja_Armour_Helmet/Yautja_HunterArmour_Helmet</wornGraphicPath>
			<hatRenderedFrontOfFace>true</hatRenderedFrontOfFace>			
			<layers>
				<li>Overhead</li>
			</layers>
			<tags>
				<li>YautjaBioMask</li>
				<li>YautjaHelmet</li>
				<li>YautjaNormalArmour</li>
			</tags>
			<defaultOutfitTags>
				<li>Soldier</li>
			</defaultOutfitTags>
		</apparel>
		<thingCategories>
			<li>RRY_Headgear</li>
		</thingCategories>
		<tradeTags>
			<li>Headgear</li>
		</tradeTags>
	</ThingDef>

	<!-- ========================= Yautja - Elite Hunter Armour Chestplate ========================== -->
	<ThingDef ParentName="RRY_Yautja_ArmourBase">
		<defName>RRY_Apparel_HunterEliteArmourChestplate</defName>
		<label>Elite Yautja Hunter Chestplate</label>
		<description>Finely crafted and optimised for the most honorable Yautja warriors. The Elite armour is exactly what it's name suggests: Elite. Excellent protection with freedom of movement. Comfortable and heated. It does it all, because the elite warrant the Elite(tm).</description>
		<graphicData>
			<texPath>Things/Apparel/Yautja_Elite_Armour/Yautja_LeaderArmor</texPath>
			<graphicClass>Graphic_Single</graphicClass>
		</graphicData>
		<statBases>
			<MarketValue>2500</MarketValue>
			<MaxHitPoints>450</MaxHitPoints>
			<WorkToMake>50000</WorkToMake>
			<ArmorRating_Blunt>0.75</ArmorRating_Blunt>
			<ArmorRating_Sharp>0.95</ArmorRating_Sharp>
			<ArmorRating_Heat>0.50</ArmorRating_Heat>
			<Insulation_Heat>4</Insulation_Heat>
			<Insulation_Cold>13</Insulation_Cold>
			<Mass>4</Mass>
		</statBases>
		<equippedStatOffsets>
			<SocialImpact>0.05</SocialImpact>
            
		<!--
			<MoveSpeed>-0.03</MoveSpeed>
			<WorkSpeedGlobal>-0.15</WorkSpeedGlobal>
			<ShootingAccuracyPawn>0.25</ShootingAccuracyPawn>
			<PsychicSensitivity>-0.10</PsychicSensitivity>
			<ToxicSensitivity>-0.5</ToxicSensitivity>
			-->
		</equippedStatOffsets>
		<costList>
			<Plasteel>80</Plasteel>
			<Uranium>30</Uranium>
			<ComponentIndustrial>5</ComponentIndustrial>
			<ComponentSpacer>2</ComponentSpacer>
		</costList>
		<recipeMaker>
			<researchPrerequisite>RRY_YautjaTechHigh</researchPrerequisite>
			<skillRequirements>
				<Crafting>8</Crafting>
			</skillRequirements>
		</recipeMaker>
		<apparel>
			<bodyPartGroups>
				<li>Torso</li>
				<li>Neck</li>
				<li>Shoulders</li>
				<li>Arms</li>
			</bodyPartGroups>
			<wornGraphicPath>Things/Apparel/Yautja_Elite_Armour/Yautja_LeaderArmor</wornGraphicPath>
			<layers>
				<li>Middle</li>
			</layers>
			<tags>
				<li>YautjaChestplate</li>
				<li>YautjaArmour</li>
				<li>YautjaEliteArmour</li>
				<li>YautjaSpecialArmour</li>
			</tags>
			<defaultOutfitTags>
				<li>Soldier</li>
			</defaultOutfitTags>
		</apparel>
		<thingCategories>
			<li>RRY_Armour</li>
		</thingCategories>
		<tradeTags>
			<li>Apparel</li>
		</tradeTags>
	</ThingDef>
	
	<!-- ========================= Yautja - Elite Bio Mask ========================== -->
	<ThingDef ParentName="RRY_Yautja_HeadgearBase">
		<defName>RRY_Apparel_HunterEliteBioMask</defName>
		<label>Elite Yautja Bio Mask</label>
		<description>Worked with patience and care. The Elite bio mask serves the best hunter. With augmented targeting capabilities and a new more comfortable interior design, quieter respirator, the new and improved Elite bio mask is the tool of the elite hunter out there on the field. Because the elite warrant the Elite(tm).</description>
		<graphicData>
		<texPath>Things/Apparel/Yautja_Elite_Armour_Helmet/Yautja_EliteArmour_Helmet</texPath>
		<graphicClass>Graphic_Single</graphicClass>
		</graphicData>
		<statBases>
			<Mass>1</Mass>
			<MarketValue>500</MarketValue>
			<MaxHitPoints>150</MaxHitPoints>
			<WorkToMake>27500</WorkToMake>
			<ArmorRating_Sharp>1.1</ArmorRating_Sharp>
			<ArmorRating_Blunt>0.75</ArmorRating_Blunt>
			<ArmorRating_Heat>0.9</ArmorRating_Heat>
			<Insulation_Heat>7</Insulation_Heat>
			<Insulation_Cold>7</Insulation_Cold>
			
		</statBases>
		<equippedStatOffsets>
			<ShootingAccuracyPawn>0.25</ShootingAccuracyPawn>
			<PsychicSensitivity>-0.15</PsychicSensitivity>
			<ToxicSensitivity>-0.6</ToxicSensitivity>
			<SocialImpact>0.05</SocialImpact>
            
		</equippedStatOffsets>
		<costList>
			<Plasteel>40</Plasteel>
			<Uranium>10</Uranium>
			<ComponentSpacer>2</ComponentSpacer>
		</costList>
		<recipeMaker>
			<researchPrerequisite>RRY_YautjaTechHigh</researchPrerequisite>
			<skillRequirements>
				<Crafting>9</Crafting>
			</skillRequirements>
		</recipeMaker>
		<apparel>
			<bodyPartGroups>
				<li>FullHead</li>
			</bodyPartGroups>
			<wornGraphicPath>Things/Apparel/Yautja_Elite_Armour_Helmet/Yautja_EliteArmour_Helmet</wornGraphicPath>
			<hatRenderedFrontOfFace>true</hatRenderedFrontOfFace>			
			<layers>
				<li>Overhead</li>
			</layers>
			<tags>
				<li>YautjaHelmet</li>
				<li>YautjaEliteBioMask</li>
				<li>YautjaSpecialArmour</li>
			</tags>
			<defaultOutfitTags>
				<li>Soldier</li>
			</defaultOutfitTags>
		</apparel>
		<thingCategories>
			<li>RRY_Headgear</li>
		</thingCategories>
		<tradeTags>
			<li>Headgear</li>
		</tradeTags>
	</ThingDef>

	<!-- ========================= Yautja - Falconer Bio Mask ========================== -->
	<ThingDef ParentName="RRY_Yautja_HeadgearBase">
		<defName>RRY_Apparel_HunterFalconerBioMask</defName>
		<label>Falconer Yautja Bio Mask</label>
		<description>Worked with patience and care. The Falconer bio mask is a type of Elite Yautja armour. With augmented targeting capabilities and a new more comfortable interior design, quieter respirator, the new and improved Elite bio mask is the tool of the elite hunter out there on the field. Because the elite warrant the Elite(tm).</description>
		<graphicData>
		<texPath>Things/Apparel/Yautja_Armour_Helmet_Falconer/Yautja_HunterArmour_Helmet_Falconer</texPath>
		<graphicClass>Graphic_Single</graphicClass>
		</graphicData>
		<statBases>
			<Mass>1</Mass>
			<MarketValue>500</MarketValue>
			<MaxHitPoints>150</MaxHitPoints>
			<WorkToMake>27500</WorkToMake>
			<ArmorRating_Sharp>1.0</ArmorRating_Sharp>
			<ArmorRating_Blunt>0.65</ArmorRating_Blunt>
			<ArmorRating_Heat>0.9</ArmorRating_Heat>
			<Insulation_Heat>10</Insulation_Heat>
			<Insulation_Cold>10</Insulation_Cold>
			
		</statBases>
		<equippedStatOffsets>
			<ShootingAccuracyPawn>0.25</ShootingAccuracyPawn>
			<PsychicSensitivity>-0.10</PsychicSensitivity>
			<ToxicSensitivity>-0.6</ToxicSensitivity>
			<SocialImpact>0.05</SocialImpact>
            
		</equippedStatOffsets>
		<costList>
			<Plasteel>40</Plasteel>
			<Uranium>10</Uranium>
			<ComponentSpacer>2</ComponentSpacer>
		</costList>
		<recipeMaker>
			<researchPrerequisite>RRY_YautjaTechHigh</researchPrerequisite>
			<skillRequirements>
				<Crafting>9</Crafting>
			</skillRequirements>
		</recipeMaker>
		<apparel>
			<bodyPartGroups>
				<li>FullHead</li>
			</bodyPartGroups>
			<wornGraphicPath>Things/Apparel/Yautja_Armour_Helmet_Falconer/Yautja_HunterArmour_Helmet_Falconer</wornGraphicPath>
			<hatRenderedFrontOfFace>true</hatRenderedFrontOfFace>			
			<layers>
				<li>Overhead</li>
			</layers>
			<tags>
				<li>YautjaHelmet</li>
				<li>YautjaFalconerBioMask</li>
				<li>YautjaSpecialArmour</li>
			</tags>
			<defaultOutfitTags>
				<li>Soldier</li>
			</defaultOutfitTags>
		</apparel>
		<thingCategories>
			<li>RRY_Headgear</li>
		</thingCategories>
		<tradeTags>
			<li>Headgear</li>
		</tradeTags>
	</ThingDef>

	<!-- ========================= Yautja - Ornate Hunter Armour Chestplate ========================== -->
	<ThingDef ParentName="RRY_Yautja_ArmourBase">
		<defName>RRY_Apparel_HunterLeaderArmourChestplate</defName>
		<label>Ornate Yautja Hunter Chestplate</label>
		<description>Armor made for the clan leader. As much a piece of arsenal as a piece of status. The Ornate armor offers all the protection needed by a hunter and wearing it imposes respect and inpires fear.</description>
		<graphicData>
			<texPath>Things/Apparel/Yautja_Leader_Armour/Yautja_LeaderArmor</texPath>
			<graphicClass>Graphic_Single</graphicClass>
		</graphicData>
		<statBases>
			<MarketValue>2500</MarketValue>
			<MaxHitPoints>500</MaxHitPoints>
			<WorkToMake>60000</WorkToMake>
			<ArmorRating_Blunt>0.80</ArmorRating_Blunt>
			<ArmorRating_Sharp>0.60</ArmorRating_Sharp>
			<ArmorRating_Heat>0.50</ArmorRating_Heat>
			<Insulation_Heat>6</Insulation_Heat>
			<Insulation_Cold>5</Insulation_Cold>
			<Mass>4</Mass>
		</statBases>
		<equippedStatOffsets>
			<SocialImpact>0.15</SocialImpact>
			<NegotiationAbility>0.15</NegotiationAbility>
			<TradePriceImprovement>0.15</TradePriceImprovement>
			<WorkSpeedGlobal>-0.05</WorkSpeedGlobal>
			<MoveSpeed>-0.05</MoveSpeed>
		<!--
			<WorkSpeedGlobal>-0.15</WorkSpeedGlobal>
			<ShootingAccuracyPawn>0.25</ShootingAccuracyPawn>
			<PsychicSensitivity>-0.10</PsychicSensitivity>
			<ToxicSensitivity>-0.5</ToxicSensitivity>
			-->
		</equippedStatOffsets>
		<costList>
			<Steel>20</Steel>
			<Plasteel>60</Plasteel>
			<Gold>10</Gold>
			<ComponentIndustrial>3</ComponentIndustrial>
			<ComponentSpacer>1</ComponentSpacer>
		</costList>
		<recipeMaker>
			<researchPrerequisite>RRY_YautjaTechHigh</researchPrerequisite>
			<skillRequirements>
				<Crafting>7</Crafting>
			</skillRequirements>
		</recipeMaker>
		<apparel>
			<bodyPartGroups>
				<li>Torso</li>
				<li>Neck</li>
				<li>Shoulders</li>
				<li>Arms</li>
			</bodyPartGroups>
			<wornGraphicPath>Things/Apparel/Yautja_Leader_Armour/Yautja_LeaderArmor</wornGraphicPath>
			<layers>
				<li>Middle</li>
			</layers>
			<tags>
				<li>YautjaChestplate</li>
				<li>YautjaArmour</li>
				<li>YautjaOrnateArmour</li>
				<li>YautjaSpecialArmour</li>
			</tags>
			<defaultOutfitTags>
				<li>Soldier</li>
			</defaultOutfitTags>
		</apparel>
		<thingCategories>
			<li>RRY_Armour</li>
		</thingCategories>
		<tradeTags>
			<li>Apparel</li>
		</tradeTags>
	</ThingDef>
	
	<!-- ========================= Yautja - Ornate Bio Mask ========================== -->
	<ThingDef ParentName="RRY_Yautja_HeadgearBase">
		<defName>RRY_Apparel_HunterLeaderBioMask</defName>
		<label>Ornate Yautja Bio Mask</label>
		<description>The precisely crafted bio mask of Yautja Clan Leader. Often customised the leader himself. All the same capabilities as the bio mask with the air of respect a leader command.</description>
		<graphicData>
		<texPath>Things/Apparel/Yautja_Leader_Armour_Helmet/Yautja_LeaderArmour_Helmet</texPath>
		<graphicClass>Graphic_Single</graphicClass>
		</graphicData>
		<statBases>
			<Mass>1</Mass>
			<MarketValue>500</MarketValue>
			<MaxHitPoints>150</MaxHitPoints>
			<WorkToMake>35000</WorkToMake>
			<ArmorRating_Sharp>1.2</ArmorRating_Sharp>
			<ArmorRating_Blunt>0.85</ArmorRating_Blunt>
			<ArmorRating_Heat>0.9</ArmorRating_Heat>
			<Insulation_Heat>7</Insulation_Heat>
			<Insulation_Cold>7</Insulation_Cold>
		</statBases>
		<equippedStatOffsets>
			<ShootingAccuracyPawn>0.15</ShootingAccuracyPawn>
			<PsychicSensitivity>-0.10</PsychicSensitivity>
			<ToxicSensitivity>-0.5</ToxicSensitivity>
			<SocialImpact>0.15</SocialImpact>
			<NegotiationAbility>0.15</NegotiationAbility>
			<TradePriceImprovement>0.15</TradePriceImprovement>
		<!--
			<ShootingAccuracyPawn>0.15</ShootingAccuracyPawn>
			<PsychicSensitivity>-0.10</PsychicSensitivity>
			-->
		</equippedStatOffsets>
		<costList>
			<Plasteel>40</Plasteel>
			<Gold>5</Gold>
			<ComponentSpacer>1</ComponentSpacer>
		</costList>
		<recipeMaker>
			<researchPrerequisite>RRY_YautjaTechHigh</researchPrerequisite>
			<skillRequirements>
				<Crafting>8</Crafting>
			</skillRequirements>
		</recipeMaker>
		<apparel>
			<bodyPartGroups>
				<li>FullHead</li>
			</bodyPartGroups>
			<wornGraphicPath>Things/Apparel/Yautja_Leader_Armour_Helmet/Yautja_LeaderArmour_Helmet</wornGraphicPath>
			<hatRenderedFrontOfFace>true</hatRenderedFrontOfFace>			
			<layers>
				<li>Overhead</li>
			</layers>
			<tags>
				<li>YautjaHelmet</li>
				<li>YautjaOrnateBioMask</li>
				<li>YautjaSpecialArmour</li>
			</tags>
			<defaultOutfitTags>
				<li>Soldier</li>
			</defaultOutfitTags>
		</apparel>
		<thingCategories>
			<li>RRY_Headgear</li>
		</thingCategories>
		<tradeTags>
			<li>Headgear</li>
		</tradeTags>
	</ThingDef>

</Defs>