<?xml version="1.0" encoding="utf-8" ?>
<Defs>
	<!-- ========================= Yautja - Equipment base ========================== -->
	<ThingDef Name="RRY_Yautja_EquipmentBase" ParentName="RRY_Armor_MakeableBase" Abstract="true">
	<description>Advanced equipment of the Yautja</description>
	</ThingDef>
	<!-- ========================= Yautja - Hunter Gauntlet ========================== -->
	<ThingDef ParentName="RRY_Yautja_EquipmentBase" Name="RRY_Equipment_HunterGauntlet"  Abstract="True">
		<defName>RRY_Equipment_HunterGauntlet</defName>
		<label>Yautja Hunter Gauntlet</label>
		<description>This wrist mounted gauntlet is the most basic piece of equipment a Hunter carries. They come in infinite variations. At its base it contains extendable claws and a self destruction device. Can be upgraded to store a first aid kit, meds and activate cloaking capabilities.</description>
		<thingClass>RRYautja.Cloakgen</thingClass>
		<graphicData>
			<texPath>Things/Apparel/Yautja_Gauntlet/Yautja_Gauntlet</texPath>
			<graphicClass>Graphic_Single</graphicClass>
		</graphicData>
		<projectile>
			<explosionRadius>10</explosionRadius>
			<damageDef>RRY_BombSuper</damageDef>
		</projectile>
		<tickerType>Normal</tickerType>
		<comps> 
		  <li Class="AdeptusMechanicus.CompProperties_ToggleDef">
            <labelKey>RRY_Toggle_Gauntlet</labelKey>
		  </li> 
		  <li Class="RRYautja.CompProperties_WearableExplosive">
			<stability>2</stability>
		  </li> 
		  <li Class="RRYautja.CompProperties_MedicalInjector">
			<medicine>MedicineHerbal</medicine>
			<Uses>3</Uses>
		  </li>
		</comps>
		<statBases>
			<MarketValue>2500</MarketValue>
			<MaxHitPoints>500</MaxHitPoints>
			<WorkToMake>25000</WorkToMake>
			<EnergyShieldRechargeRate>0.26</EnergyShieldRechargeRate>
			<EnergyShieldEnergyMax>0.55</EnergyShieldEnergyMax>
			<ArmorRating_Blunt>0.05</ArmorRating_Blunt>
			<ArmorRating_Sharp>0.05</ArmorRating_Sharp>
			<ArmorRating_Heat>0.05</ArmorRating_Heat>
			<Insulation_Heat>1</Insulation_Heat>
			<Insulation_Cold>1</Insulation_Cold>
			<Mass>0.5</Mass>
		</statBases>
		<equippedStatOffsets>
		<!--
			<MoveSpeed>-0.03</MoveSpeed>
			<WorkSpeedGlobal>-0.15</WorkSpeedGlobal>
			<ShootingAccuracyPawn>0.25</ShootingAccuracyPawn>
			<PsychicSensitivity>-0.10</PsychicSensitivity>
			<ToxicSensitivity>-0.5</ToxicSensitivity>
			-->
		</equippedStatOffsets>
		<costList>
			<Steel>30</Steel>
			<Plasteel>10</Plasteel>
			<ComponentIndustrial>2</ComponentIndustrial>
		</costList>
		<recipeMaker>
			<researchPrerequisite>RRY_YautjaMelee_Basic</researchPrerequisite>
		</recipeMaker>
		<apparel>
			<bodyPartGroups>
				<li>LeftHand</li>
				<li>RightHand</li>
			</bodyPartGroups>
			<!-- <wornGraphicPath>Things/Apparel/Yautja_Gauntlet/Yautja_Gauntlet</wornGraphicPath> -->
			<layers>
				<li>OverSkin</li>
			</layers>
			<tags>
				<li>YautjaWristblade</li>
				<li>YautjaEquipment</li>
			</tags>
			<defaultOutfitTags>
				<li>Soldier</li>
			</defaultOutfitTags>
		</apparel>
		<thingCategories>
			<li>RRY_Equipment</li>
		</thingCategories>
		<tradeTags>
			<li>Apparel</li>
		</tradeTags>
	</ThingDef>
	
    <ThingDef ParentName="RRY_Equipment_HunterGauntlet">
        <defName>RRY_Equipment_HunterGauntlet_TOGGLEDEF_RH</defName>
        <label>Hunter Gauntlet (R)</label>
        <apparel>
			<bodyPartGroups>
				<li>RightHand</li>
			</bodyPartGroups>
        </apparel>
		<comps> 
		  <li Class="RRYautja.CompProperties_HediffApparel">
			<dropOnPartLost>true</dropOnPartLost>
			<hediffDef>RRY_WristbladeHeDiff</hediffDef>
			<severityBasedOnDurability>false</severityBasedOnDurability>
			<groupsToAffect>
			  <li>RRY_Yautja_RightArm</li>
			</groupsToAffect>
			<!--
			<partsToAffect>
			  <li>Arm</li>
			</partsToAffect>
			-->
		  </li>
		</comps>
    </ThingDef>
    <ThingDef ParentName="RRY_Equipment_HunterGauntlet">
        <defName>RRY_Equipment_HunterGauntlet_TOGGLEDEF_LH</defName>
        <label>Hunter Gauntlet (L)</label>
        <apparel>
			<bodyPartGroups>
				<li>LeftHand</li>
			</bodyPartGroups>
        </apparel>
		<comps> 
		  <li Class="RRYautja.CompProperties_HediffApparel">
			<dropOnPartLost>true</dropOnPartLost>
			<hediffDef>RRY_WristbladeHeDiff</hediffDef>
			<severityBasedOnDurability>false</severityBasedOnDurability>
			<groupsToAffect>
			  <li>RRY_Yautja_LeftArm</li>
			</groupsToAffect>
			<!--
			<partsToAffect>
			  <li>Arm</li>
			</partsToAffect>
			-->
		  </li>
		</comps>
    </ThingDef>
	
	<!-- ========================= Yautja - Shoulder Cannon ========================== -->
	<ThingDef ParentName="RRY_Yautja_EquipmentBase">
		<defName>RRY_Equipment_HunterShoulderCannon</defName>
		<label>Yautja Shoulder Plasmacaster</label>
		<description>Also known as the Shoulder Canon, this shoulder mounted high-energy weapon enable the Yautja to have long-range capabilities while wielding another weapon of his choice. The canon can be activated and deactivated as seen fit and has it's own targeting system making it completely independent.</description>
		<graphicData>
			<texPath>Things/Equipment/Yautja_ShoulderCannon</texPath>
			<graphicClass>Graphic_Single</graphicClass>
		</graphicData>
		<tickerType>Normal</tickerType>
		<comps>  
	      <li Class="RRYautja.CompProperties_EquippableTurret"> 
			<TurretDef>RRY_EquippableTurret</TurretDef>
		  </li>
		</comps>
		<statBases>
			<MarketValue>3500</MarketValue>
			<MaxHitPoints>500</MaxHitPoints>
			<WorkToMake>50000</WorkToMake>
			<ArmorRating_Blunt>0.05</ArmorRating_Blunt>
			<ArmorRating_Sharp>0.05</ArmorRating_Sharp>
			<ArmorRating_Heat>0.05</ArmorRating_Heat>
			<Mass>1</Mass>
		</statBases>
		<equippedStatOffsets>
			<MoveSpeed>-0.03</MoveSpeed>
			<WorkSpeedGlobal>-0.15</WorkSpeedGlobal>
		</equippedStatOffsets>
		<costList>
			<Plasteel>40</Plasteel>
			<Uranium>15</Uranium>
			<ComponentIndustrial>2</ComponentIndustrial>
			<ComponentSpacer>1</ComponentSpacer>
		</costList>
		<recipeMaker>
			<researchPrerequisite>RRY_YautjaRanged_Adv</researchPrerequisite>
		</recipeMaker>
		<apparel>
			<bodyPartGroups>
				<li>Shoulders</li>
			</bodyPartGroups>
			<wornGraphicPath>Things/Equipment/Yautja_ShoulderCannon</wornGraphicPath>
			<hatRenderedFrontOfFace>true</hatRenderedFrontOfFace>
			<layers>
				<li>Overhead</li>
			</layers>
			<tags>
				<li>YautjaShoulderCannon</li>
				<li>YautjaEquipment</li>
			</tags>
			<defaultOutfitTags>
				<li>Soldier</li>
			</defaultOutfitTags>
		</apparel>
		<thingCategories>
			<li>RRY_Equipment</li>
		</thingCategories>
		<tradeTags>
			<li>Apparel</li>
		</tradeTags>
	</ThingDef>
		
</Defs>