<?xml version="1.0" encoding="utf-8" ?>
<Defs>
	<!-- ==================== Yautja  - Combistaff Base ========================= -->
  <ThingDef ParentName="RRY_BaseMeleeWeapon_Sharp_Quality">
    <defName>RRY_Melee_Combistaff</defName>
    <label>Combistaff</label>
    <description>A collapsible combat staff. It can be thrown to pin a target.</description>
    <graphicData>
		<texPath>Things/Equipment/Melee/Yautja_Combistaff_New</texPath>
		<graphicClass>Graphic_Single</graphicClass>
		<drawSize>1.50</drawSize>		
    </graphicData>
		<tickerType>Normal</tickerType>
		<comps>  
      <li>
        <compClass>RRYautja.Comp_PinningWeapon</compClass>
      </li>
	
		<li Class="RRYautja.CompProperties_AbilityItem">
			<Abilities>
				<li>RRY_Ability_Throw_CombiStick</li>
			</Abilities>
		</li>
		<li>
			<compClass>AdeptusMechanicus.CompOversizedWeapon</compClass>
		</li>
	</comps>
    <soundInteract>Interact_BeatFire</soundInteract>
    <costList>
      <WoodLog>70</WoodLog>
    </costList>
    <statBases>
	  <MarketValue>300</MarketValue>
      <WorkToMake>7000</WorkToMake>
      <Mass>1</Mass>
      <AccuracyTouch>0.50</AccuracyTouch>
      <AccuracyShort>0.71</AccuracyShort>
      <AccuracyMedium>0.50</AccuracyMedium>
      <AccuracyLong>0.32</AccuracyLong>
      <RangedWeapon_Cooldown>4</RangedWeapon_Cooldown>
    </statBases>
    <weaponTags>
		<li>YautjaMelee</li>
		<li>YautjaCombistaff</li>
		
    </weaponTags>
		<thingCategories>
			<li>RRY_MeleeWeapons</li>
		</thingCategories>
    <recipeMaker>
			<researchPrerequisite>RRY_YautjaMelee_Special</researchPrerequisite>
      <skillRequirements>
        <Crafting>3</Crafting>
      </skillRequirements>
    </recipeMaker>
	<tools>
      <li>
        <label>shaft</label>
        <capacities>
          <li>Blunt</li>
        </capacities>
        <power>9</power>
         <cooldownTime>2</cooldownTime>
      </li>
      <li>
        <label>point</label>
        <capacities>
          <li>Stab</li>
          <li>Poke</li>
        </capacities>
        <power>9</power>
         <cooldownTime>2</cooldownTime>
      </li>
	  </tools>
  </ThingDef>
  
  <ThingDef ParentName="BaseProjectileNeolithic">
    <defName>Combistaff_Thrown</defName>
    <label>Combistaff</label>
    <graphicData>
      <texPath>Things/Projectile/Yautja_Combistaff_New</texPath>
      <graphicClass>Graphic_Single</graphicClass>
		<drawSize>2.50</drawSize>		
    </graphicData>
	<comps>     
		<li>
			<compClass>AdeptusMechanicus.CompOversizedWeapon</compClass>
		</li>
	</comps>
    <projectile>
      <flyOverhead>false</flyOverhead>
      <damageDef>RangedStab</damageDef>
      <damageAmountBase>25</damageAmountBase>
      <stoppingPower>2.5</stoppingPower>
      <armorPenetrationBase>0.10</armorPenetrationBase>
      <speed>26</speed>
    </projectile>
  </ThingDef>
</Defs>