﻿<?xml version="1.0" encoding="utf-8" ?>
<Defs>

  <ScenPartDef>
    <defName>Rule_HostileWithAll</defName>
    <label>Hostile With All Factions</label>
    <scenPartClass>ScenPart_BadBlood</scenPartClass>
    <category>Rule</category>
    <selectionWeight>1.0</selectionWeight>
    <summaryPriority>359</summaryPriority>
  </ScenPartDef>
  
  <!--
  <ScenPartDef>
    <defName>StartYautjaTemple</defName>
    <label>start near a Yautja Temple (AvP)</label>
    <category>WorldThing</category>
    <scenPartClass>RRYautja.ScenPart_StartTemple</scenPartClass>
		<summaryPriority>490</summaryPriority>
    <maxUses>1</maxUses>
  </ScenPartDef>
-->
</Defs>
