﻿<?xml version="1.0" encoding="utf-8"?>
<Defs>

	
	<ScenarioDef>
	<defName>RRY_YautjaScenarioUnblooded</defName>
		<label>Unblooded Yautja hunters</label>
		<description>The five of you are sent to an unknown planet as Pups. You have to build everything from scratch and face the competition of the other Hunters. The Elders expect you to return to your clan as true Hunters.</description>
<scenario>
<summary>Five Unblooded Yautja attempt to survive a hunt to earn their blood status. Difficult.</summary>
		<playerFaction>
			<def>PlayerFaction</def>
			<factionDef>RRY_Yautja_PlayerUnblooded</factionDef>
		</playerFaction>
		<parts>
			<li Class="ScenPart_ConfigPage_ConfigureStartingPawns">
				<def>ConfigPage_ConfigureStartingPawns</def>
				<pawnCount>5</pawnCount>
			</li>
			<li Class="ScenPart_PlayerPawnsArriveMethod">
				<def>PlayerPawnsArriveMethod</def>
				<method>DropPods</method>
				<visible>false</visible>
			</li>
			<li Class="ScenPart_ForcedHediff">
				<def>ForcedHediff</def>
				<chance>0.5</chance>
				<context>PlayerStarter</context>
				<hediff>Malnutrition</hediff>
				<severityRange>0.09166667~0.297</severityRange>
			</li>
			<li Class="ScenPart_SetNeedLevel">
				<def>SetNeedLevel</def>
				<chance>1</chance>
				<context>PlayerStarter</context>
				<need>Food</need>
				<levelRange>0~0.1</levelRange>
			</li>
			<li Class="ScenPart_StartingThing_Defined">
				<def>StartingThing_Defined</def>
				<thingDef>Silver</thingDef>
				<count>200</count>
			</li>
			<li Class="ScenPart_StartingThing_Defined">
				<def>StartingThing_Defined</def>
				<thingDef>MealSurvivalPack</thingDef>
				<count>25</count>
			</li>
			<li Class="ScenPart_StartingThing_Defined">
				<def>StartingThing_Defined</def>
				<thingDef>MedicineIndustrial</thingDef>
				<count>15</count>
			</li>
			<li Class="ScenPart_StartingThing_Defined">
				<def>StartingThing_Defined</def>
				<thingDef>RRY_Gun_Hunting_Bow</thingDef>
				<stuff>WoodLog</stuff>
			</li>
			<li Class="ScenPart_StartingThing_Defined">
				<def>StartingThing_Defined</def>
				<thingDef>MeleeWeapon_Spear</thingDef>
				<stuff>WoodLog</stuff>
			</li>
			<li Class="ScenPart_ScatterThingsNearPlayerStart">
				<def>ScatterThingsNearPlayerStart</def>
				<thingDef>Steel</thingDef>
				<count>300</count>
			</li>
			<li Class="ScenPart_GameStartDialog">
				<def>GameStartDialog</def>
				<text>Your clan sent you in drop pods with the bare minimum. To become Hunters you have to hunt, survive and return to your clan... \n\nOr die trying.</text>
				<closeSound>GameStartSting</closeSound>
			</li>
			<!--
			<li Class="ScenPart_DisableIncident">
				<def>DisableIncident</def>
				<incident>Infestation</incident>
			</li>
			<li Class="ScenPart_CreateIncident">
				<def>CreateIncident</def>
				<incident>ShipChunkDrop</incident>
				<intervalDays>7</intervalDays>
				<repeat>True</repeat>
			</li>
			<li Class="ScenPart_CreateIncident">
				<def>CreateIncident</def>
				<incident>MeteoriteImpact</incident>
				<intervalDays>14</intervalDays>
				<repeat>True</repeat>
			</li>
			<li Class="ScenPart_CreateIncident">
				<def>CreateIncident</def>
				<incident>RefugeeChased</incident>
				<intervalDays>7</intervalDays>
				<repeat>True</repeat>
			</li>
			<li Class="ScenPart_CreateIncident">
				<def>CreateIncident</def>
				<incident>Flashstorm</incident>
				<intervalDays>20.99676</intervalDays>
				<repeat>True</repeat>
			</li>
			-->
			<li Class="ScenPart_ScatterThingsAnywhere">
				<def>ScatterThingsAnywhere</def>
				<thingDef>ShipChunk</thingDef>
				<count>10</count>
			</li>
			<li Class="ScenPart_ScatterThingsAnywhere">
				<def>ScatterThingsAnywhere</def>
				<thingDef>Steel</thingDef>
				<count>720</count>
			</li>
		</parts>
		</scenario>
	</ScenarioDef>
	
	<ScenarioDef>
	<defName>RRY_YautjaScenarioBlooded</defName>
		<label>Blooded Yautja hunters</label>
		<description>After decades of hunting, your Pack decided to go and claim new hunting grounds for the Glory of the Clan.</description>
<scenario>
<summary>Five Yautja attempt to build a clan.</summary>
		<playerFaction>
			<def>PlayerFaction</def>
			<factionDef>RRY_Yautja_PlayerBlooded</factionDef>
		</playerFaction>
		<parts>
			<li Class="ScenPart_ConfigPage_ConfigureStartingPawns">
				<def>ConfigPage_ConfigureStartingPawns</def>
				<pawnCount>5</pawnCount>
			</li>
			<li Class="ScenPart_PlayerPawnsArriveMethod">
				<def>PlayerPawnsArriveMethod</def>
				<method>DropPods</method>
				<visible>false</visible>
			</li>
			<li Class="ScenPart_ForcedHediff">
				<def>ForcedHediff</def>
				<chance>0.5</chance>
				<context>PlayerStarter</context>
				<hediff>Malnutrition</hediff>
				<severityRange>0.09166667~0.297</severityRange>
			</li>
			<li Class="ScenPart_SetNeedLevel">
				<def>SetNeedLevel</def>
				<chance>1</chance>
				<context>PlayerStarter</context>
				<need>Food</need>
				<levelRange>0~0.1</levelRange>
			</li>
			<li Class="ScenPart_StartingThing_Defined">
				<def>StartingThing_Defined</def>
				<thingDef>Silver</thingDef>
				<count>500</count>
			</li>
			<li Class="ScenPart_StartingThing_Defined">
				<def>StartingThing_Defined</def>
				<thingDef>MealSurvivalPack</thingDef>
				<count>30</count>
			</li>
			<li Class="ScenPart_StartingThing_Defined">
				<def>StartingThing_Defined</def>
				<thingDef>MedicineIndustrial</thingDef>
				<count>20</count>
			</li>
			<li Class="ScenPart_StartingThing_Defined">
				<def>StartingThing_Defined</def>
				<thingDef>RRY_Gun_Hunting_Bow</thingDef>
				<stuff>WoodLog</stuff>
			</li>
			<li Class="ScenPart_StartingThing_Defined">
				<def>StartingThing_Defined</def>
				<thingDef>RRY_Melee_BladedMaul</thingDef>
				<stuff>Steel</stuff>
			</li>
			<li Class="ScenPart_StartingThing_Defined">
				<def>StartingThing_Defined</def>
				<thingDef>RRY_Gun_YautjaBlaster</thingDef>
			</li>
			<li Class="ScenPart_ScatterThingsNearPlayerStart">
				<def>ScatterThingsNearPlayerStart</def>
				<thingDef>Steel</thingDef>
				<count>500</count>
			</li>
			<li Class="ScenPart_GameStartDialog">
				<def>GameStartDialog</def>
				<text>You land in the middle of the unknown. Time to make your Clan proud and find worthy preys.</text>
				<closeSound>GameStartSting</closeSound>
			</li>
			<!--
			<li Class="ScenPart_DisableIncident">
				<def>DisableIncident</def>
				<incident>Infestation</incident>
			</li>
			<li Class="ScenPart_CreateIncident">
				<def>CreateIncident</def>
				<incident>ShipChunkDrop</incident>
				<intervalDays>7</intervalDays>
				<repeat>True</repeat>
			</li>
			<li Class="ScenPart_CreateIncident">
				<def>CreateIncident</def>
				<incident>MeteoriteImpact</incident>
				<intervalDays>14</intervalDays>
				<repeat>True</repeat>
			</li>
			<li Class="ScenPart_CreateIncident">
				<def>CreateIncident</def>
				<incident>RefugeeChased</incident>
				<intervalDays>7</intervalDays>
				<repeat>True</repeat>
			</li>
			<li Class="ScenPart_CreateIncident">
				<def>CreateIncident</def>
				<incident>Flashstorm</incident>
				<intervalDays>20.99676</intervalDays>
				<repeat>True</repeat>
			</li>
			-->
			<li Class="ScenPart_ScatterThingsAnywhere">
				<def>ScatterThingsAnywhere</def>
				<thingDef>ShipChunk</thingDef>
				<count>10</count>
			</li>
			<li Class="ScenPart_ScatterThingsAnywhere">
				<def>ScatterThingsAnywhere</def>
				<thingDef>Steel</thingDef>
				<count>720</count>
			</li>
		</parts>
		</scenario>
	</ScenarioDef>
</Defs>