<?xml version="1.0" encoding="utf-8" ?>
<Patch>
  <!--Eldar-->
  <Operation Class="PatchOperationSequence">
    <success>Always</success>
    <operations>
    <li Class="PatchOperationTest">
      <xpath>/Defs/FacialStuff.Defs.HandDef [defName = "FeatherWing_Hand"]</xpath>
    </li>
      <li Class="PatchOperationConditional">
        <xpath>
          /Defs/AlienRace.ThingDef_AlienRace [defName = "RRY_Alien_Yautja"]/comps
        </xpath>
        <success>Always</success>
        <nomatch Class="PatchOperationAdd">
          <xpath>/Defs/AlienRace.ThingDef_AlienRace [defName = "RRY_Alien_Yautja"]</xpath>
          <value>
            <comps />
          </value>
        </nomatch>
      </li>
      <li Class="PatchOperationAdd">
        <xpath>/Defs/AlienRace.ThingDef_AlienRace [defName = "RRY_Alien_Yautja"]/comps</xpath>
        <value>
          <li Class = "FacialStuff.CompProperties_BodyAnimator">
            <bipedWithHands>true</bipedWithHands>
            <handType>Human</handType>
            <bodyDrawers>
              <li Class ="AlienFaces.AlienBipedDrawer"/>
            </bodyDrawers>
          </li>
          <li Class = "FacialStuff.CompProperties_Face">
            <needsBlankHumanHead>false</needsBlankHumanHead>
            <hasMouth>false</hasMouth>
            <hasBeard>false</hasBeard>
            <hasWrinkles>false</hasWrinkles>
            <hasEyes>false</hasEyes>
            <canRotateHead>true</canRotateHead>
            <hasOrganicHair>false</hasOrganicHair>
            <useAlienRacesHairTags>true</useAlienRacesHairTags>
            <headDrawers>
              <li Class ="AlienFaces.AlienHeadDrawer"/>
            </headDrawers>
          </li>
        </value>
      </li>
	  
      <li Class="PatchOperationAdd">
      <xpath>/Defs</xpath>
      <value>
		
  <BodyAnimDef>
    <thingTarget>RRY_Alien_Yautja</thingTarget>
    <bodyDrawers>
      <li Class="AlienFaces.AlienBipedDrawer">
        <Graphics IsNull="True" />
        <BodyFacing>
          <rotInt>0</rotInt>
        </BodyFacing>
        <HeadFacing>
          <rotInt>0</rotInt>
        </HeadFacing>
        <Flasher IsNull="True" />
        <lastJob IsNull="True" />
        <HandMesh />
      </li>
    </bodyDrawers>
    <handType>Human</handType>
    <quadruped>False</quadruped>
    <bipedWithHands>True</bipedWithHands>
    <armLength>0.3</armLength>
    <extraLegLength>0.125</extraLegLength>
    <hipOffsets>
      <li>
        <x>0.2</x>
        <y>-0.025</y>
        <z>0</z>
      </li>
      <li>
        <x>-0.125</x>
        <y>0.025</y>
        <z>0</z>
      </li>
      <li>
        <x>-0.2</x>
        <y>0.025</y>
        <z>0</z>
      </li>
      <li>
        <x>0.125</x>
        <y>-0.025</y>
        <z>0</z>
      </li>
    </hipOffsets>
    <offCenterX>0</offCenterX>
    <shoulderOffsets>
      <li>
        <x>0.225</x>
        <y>-0.025</y>
        <z>0</z>
      </li>
      <li>
        <x>-0.05</x>
        <y>0.025</y>
        <z>-0.075</z>
      </li>
      <li>
        <x>-0.225</x>
        <y>0.025</y>
        <z>0</z>
      </li>
      <li>
        <x>0.05</x>
        <y>-0.025</y>
        <z>-0.075</z>
      </li>
    </shoulderOffsets>
    <walkCycles>
      <li>
        <key>Amble</key>
        <value>Biped_Amble</value>
      </li>
      <li>
        <key>Jog</key>
        <value>Biped_Jog</value>
      </li>
      <li>
        <key>Sprint</key>
        <value>Biped_Sprint</value>
      </li>
      <li>
        <key>Walk</key>
        <value>Biped_Walk</value>
      </li>
    </walkCycles>
    <WalkCycleType>Biped</WalkCycleType>
    <poseCycles />
    <PoseCycleType IsNull="True" />
    <defName>BodyAnimDef_RRY_Alien_Yautja_Female</defName>
    <label>BodyAnimDef_RRY_Alien_Yautja_Female</label>
  </BodyAnimDef>
  
  <BodyAnimDef>
    <thingTarget>RRY_Alien_Yautja</thingTarget>
    <bodyDrawers>
      <li Class="AlienFaces.AlienBipedDrawer">
        <Graphics IsNull="True" />
        <BodyFacing>
          <rotInt>0</rotInt>
        </BodyFacing>
        <HeadFacing>
          <rotInt>0</rotInt>
        </HeadFacing>
        <Flasher IsNull="True" />
        <lastJob IsNull="True" />
        <HandMesh />
      </li>
    </bodyDrawers>
    <handType>Human</handType>
    <quadruped>False</quadruped>
    <bipedWithHands>True</bipedWithHands>
    <armLength>0.325</armLength>
    <extraLegLength>0.15</extraLegLength>
    <hipOffsets>
      <li>
        <x>0.275</x>
        <y>0.025</y>
        <z>0</z>
      </li>
      <li>
        <x>-0.15</x>
        <y>0.025</y>
        <z>0</z>
      </li>
      <li>
        <x>-0.275</x>
        <y>0.025</y>
        <z>0</z>
      </li>
      <li>
        <x>0.15</x>
        <y>-0.025</y>
        <z>0</z>
      </li>
    </hipOffsets>
    <offCenterX>0</offCenterX>
    <shoulderOffsets>
      <li>
        <x>0.275</x>
        <y>0.025</y>
        <z>0</z>
      </li>
      <li>
        <x>0</x>
        <y>0.025</y>
        <z>0</z>
      </li>
      <li>
        <x>-0.275</x>
        <y>0.025</y>
        <z>0</z>
      </li>
      <li>
        <x>0</x>
        <y>-0.025</y>
        <z>0</z>
      </li>
    </shoulderOffsets>
    <walkCycles>
      <li>
        <key>Amble</key>
        <value>Biped_Amble</value>
      </li>
      <li>
        <key>Jog</key>
        <value>Biped_Jog</value>
      </li>
      <li>
        <key>Sprint</key>
        <value>Biped_Sprint</value>
      </li>
      <li>
        <key>Walk</key>
        <value>Biped_Walk</value>
      </li>
    </walkCycles>
    <WalkCycleType>Biped</WalkCycleType>
    <poseCycles />
    <PoseCycleType IsNull="True" />
    <defName>BodyAnimDef_RRY_Alien_Yautja_Fat</defName>
    <label>BodyAnimDef_RRY_Alien_Yautja_Fat</label>
  </BodyAnimDef>
  
  <BodyAnimDef>
    <thingTarget>RRY_Alien_Yautja</thingTarget>
    <bodyDrawers>
      <li Class="AlienFaces.AlienBipedDrawer">
        <Graphics IsNull="True" />
        <BodyFacing>
          <rotInt>0</rotInt>
        </BodyFacing>
        <HeadFacing>
          <rotInt>0</rotInt>
        </HeadFacing>
        <Flasher IsNull="True" />
        <lastJob IsNull="True" />
        <HandMesh />
      </li>
    </bodyDrawers>
    <handType>Human</handType>
    <quadruped>False</quadruped>
    <bipedWithHands>True</bipedWithHands>
    <armLength>0.325</armLength>
    <extraLegLength>0.075</extraLegLength>
    <hipOffsets>
      <li>
        <x>-0.15</x>
        <y>0.025</y>
        <z>0</z>
      </li>
      <li>
        <x>-0.15</x>
        <y>0.025</y>
        <z>0</z>
      </li>
      <li>
        <x>0.15</x>
        <y>0.025</y>
        <z>0</z>
      </li>
      <li>
        <x>0.15</x>
        <y>-0.025</y>
        <z>0</z>
      </li>
    </hipOffsets>
    <offCenterX>-0.001709405</offCenterX>
    <shoulderOffsets>
      <li>
        <x>-0.15</x>
        <y>0.025</y>
        <z>0</z>
      </li>
      <li>
        <x>0</x>
        <y>0.025</y>
        <z>0</z>
      </li>
      <li>
        <x>0.15</x>
        <y>0.025</y>
        <z>0</z>
      </li>
      <li>
        <x>0</x>
        <y>-0.025</y>
        <z>0</z>
      </li>
    </shoulderOffsets>
	<walkCycles>
      <li>
        <key>Amble</key>
        <value>Biped_Amble</value>
      </li>
      <li>
        <key>Jog</key>
        <value>Biped_Jog</value>
      </li>
      <li>
        <key>Sprint</key>
        <value>Biped_Sprint</value>
      </li>
      <li>
        <key>Walk</key>
        <value>Biped_Walk</value>
      </li>
    </walkCycles>
    <WalkCycleType>Biped</WalkCycleType>
    <poseCycles />
    <PoseCycleType IsNull="True" />
    <defName>BodyAnimDef_RRY_Alien_Yautja_Thin</defName>
    <label>BodyAnimDef_RRY_Alien_Yautja_Thin</label>
  </BodyAnimDef>
  
  <BodyAnimDef>
    <thingTarget>RRY_Alien_Yautja</thingTarget>
    <bodyDrawers>
      <li Class="AlienFaces.AlienBipedDrawer">
        <Graphics IsNull="True" />
        <BodyFacing>
          <rotInt>0</rotInt>
        </BodyFacing>
        <HeadFacing>
          <rotInt>0</rotInt>
        </HeadFacing>
        <Flasher IsNull="True" />
        <lastJob IsNull="True" />
        <HandMesh />
      </li>
    </bodyDrawers>
    <handType>Human</handType>
    <quadruped>False</quadruped>
    <bipedWithHands>True</bipedWithHands>
    <armLength>0.35</armLength>
    <extraLegLength>0.075</extraLegLength>
    <hipOffsets>
      <li>
        <x>-0.2</x>
        <y>0.025</y>
        <z>0</z>
      </li>
      <li>
        <x>0</x>
        <y>0.025</y>
        <z>0</z>
      </li>
      <li>
        <x>0.2</x>
        <y>0.025</y>
        <z>0</z>
      </li>
      <li>
        <x>0</x>
        <y>-0.025</y>
        <z>0</z>
      </li>
    </hipOffsets>
    <offCenterX>0</offCenterX>
    <shoulderOffsets>
      <li>
        <x>0.25</x>
        <y>0.025</y>
        <z>0</z>
      </li>
      <li>
        <x>0</x>
        <y>0.025</y>
        <z>0</z>
      </li>
      <li>
        <x>-0.25</x>
        <y>0.025</y>
        <z>0</z>
      </li>
      <li>
        <x>0</x>
        <y>-0.025</y>
        <z>0</z>
      </li>
    </shoulderOffsets>
     <walkCycles>
      <li>
        <key>Amble</key>
        <value>Biped_Amble</value>
      </li>
      <li>
        <key>Jog</key>
        <value>Biped_Jog</value>
      </li>
      <li>
        <key>Sprint</key>
        <value>Biped_Sprint</value>
      </li>
      <li>
        <key>Walk</key>
        <value>Biped_Walk</value>
      </li>
    </walkCycles>
    <WalkCycleType>Biped</WalkCycleType>
    <poseCycles />
    <PoseCycleType IsNull="True" />
    <defName>BodyAnimDef_RRY_Alien_Yautja_Male</defName>
    <label>BodyAnimDef_RRY_Alien_Yautja_Male</label>
  </BodyAnimDef>
  
  <BodyAnimDef>
    <thingTarget>RRY_Alien_Yautja</thingTarget>
    <bodyDrawers>
      <li Class="AlienFaces.AlienBipedDrawer">
        <Graphics IsNull="True" />
        <BodyFacing>
          <rotInt>0</rotInt>
        </BodyFacing>
        <HeadFacing>
          <rotInt>0</rotInt>
        </HeadFacing>
        <Flasher IsNull="True" />
        <lastJob IsNull="True" />
        <HandMesh />
      </li>
    </bodyDrawers>
    <handType>Human</handType>
    <quadruped>False</quadruped>
    <bipedWithHands>True</bipedWithHands>
    <armLength>0.375</armLength>
    <extraLegLength>0.275</extraLegLength>
    <hipOffsets>
      <li>
        <x>-0.25</x>
        <y>0.025</y>
        <z>0</z>
      </li>
      <li>
        <x>-0.275</x>
        <y>0.025</y>
        <z>0</z>
      </li>
      <li>
        <x>0.25</x>
        <y>0.025</y>
        <z>0</z>
      </li>
      <li>
        <x>0.275</x>
        <y>-0.025</y>
        <z>0</z>
      </li>
    </hipOffsets>
    <offCenterX>0</offCenterX>
    <shoulderOffsets>
      <li>
        <x>0.3</x>
        <y>0.025</y>
        <z>0</z>
      </li>
      <li>
        <x>0.125</x>
        <y>0.025</y>
        <z>-0.15</z>
      </li>
      <li>
        <x>-0.3</x>
        <y>0.025</y>
        <z>0</z>
      </li>
      <li>
        <x>-0.125</x>
        <y>-0.025</y>
        <z>-0.15</z>
      </li>
    </shoulderOffsets>
     <walkCycles>
      <li>
        <key>Amble</key>
        <value>Biped_Amble</value>
      </li>
      <li>
        <key>Jog</key>
        <value>Biped_Jog</value>
      </li>
      <li>
        <key>Sprint</key>
        <value>Biped_Sprint</value>
      </li>
      <li>
        <key>Walk</key>
        <value>Biped_Walk</value>
      </li>
    </walkCycles>
    <WalkCycleType>Biped</WalkCycleType>
    <poseCycles />
    <PoseCycleType IsNull="True" />
    <defName>BodyAnimDef_RRY_Alien_Yautja_Hulk</defName>
    <label>BodyAnimDef_RRY_Alien_Yautja_Hulk</label>
  </BodyAnimDef>
      </value>
      </li>
    </operations>
  </Operation>

</Patch>
