<?xml version="1.0" encoding="utf-8" ?>
<Patch>
  <Operation Class="PatchOperationSequence">
  <!-- <success>Always</success> -->
    <operations>
	
			<li Class="PatchOperationFindMod">
				<mods>
					<li>Appearance clothes</li>
				</mods>
				<match Class="PatchOperationSequence">
				<!-- <success>Always</success> -->
					<operations>
					
						<li Class="PatchOperationAdd">
							<xpath>/Defs/ThingDef[@Name = "RRY_BaseYautjaPawn"]/inspectorTabs</xpath>
							<value>
								<li>AppearanceClothes.ITab_Pawn_AppearanceClothes</li>
							</value>
						</li>

						<li Class="PatchOperationAdd">
							<xpath>/Defs/AlienRace.ThingDef_AlienRace[defName = "RRY_Alien_Yautja"]/comps</xpath>
							<value>
								<li>
									<compClass>AppearanceClothes.CompAppearanceClothes</compClass>
								</li>
							</value>
						</li>
						
						<li Class="PatchOperationAdd">
							<xpath>/Defs/ThingDef[@Name = "RRY_Artificial_Synths"]/inspectorTabs</xpath>
							<value>
								<li>AppearanceClothes.ITab_Pawn_AppearanceClothes</li>
							</value>
						</li>

						<li Class="PatchOperationAdd">
							<xpath>/Defs/AlienRace.ThingDef_AlienRace[defName = "RRY_Synth"]/comps</xpath>
							<value>
								<li>
									<compClass>AppearanceClothes.CompAppearanceClothes</compClass>
								</li>
							</value>
						</li>
						
					</operations>
				</match>
			</li>
		
    </operations>
  </Operation>

</Patch>
