<?xml version="1.0" encoding="utf-8" ?>
<Patch>

	<!-- Adds Draw Data for Facehugger Hediff to animals or fine tunes it for humanlikes -->
	<!-- Humanlikes without this DefExtension will have the facehugger default to their head location -->
	<!-- Non-Humanlikes without this DefExtension will have the a Facehugger icon overlaid on them -->

	<!-- Megasloth -->
	<Operation Class="PatchOperationSequence">
		<operations>
			<li Class="PatchOperationAddModExtension">
				<xpath>/Defs/ThingDef[defName = "Megasloth"]</xpath>
				<value>
				  <li Class="RRYautja.OffsetDefExtension">
				    <!-- DefName of the hediff this applies to --> 
					<hediff>RRY_FaceHuggerInfection</hediff>
					<!-- adds the vanillia head offset for the current rotation, not sure if this will ever be useful, defaults to false if not set--> 
					<ApplyBaseHeadOffset>false</ApplyBaseHeadOffset>
					<!-- North offsets Y is the layer height, usually you can leave this at 0, all values default to 0 if not set-->
					<NorthXOffset>0.0</NorthXOffset>
					<NorthYOffset>0.0</NorthYOffset>
					<NorthZOffset>0.0</NorthZOffset>
					<!-- North Draw size overrides, will default to 1 if not set -->
					<NorthXDrawSize>2</NorthXDrawSize>
					<NorthZDrawSize>1</NorthZDrawSize>
					<!-- North Angle overrides, will default to 0 if not set -->
					<NorthAngle>0</NorthAngle>
					<!-- South offsets Y is the layer height, usually you can leave this at 0, all values default to 0 if not set-->
					<SouthXOffset>0.0</SouthXOffset>
					<SouthYOffset>0.0</SouthYOffset>
					<SouthZOffset>-0.60</SouthZOffset>
					<!-- South Draw size overrides, will default to 1 if not set -->
					<SouthXDrawSize>3</SouthXDrawSize>
					<SouthZDrawSize>3</SouthZDrawSize>
					<!-- South Angle overrides, will default to 0 if not set -->
					<SouthAngle>0</SouthAngle>
					<!-- East offsets Y is the layer height, usually you can leave this at 0, all values default to 0 if not set-->
					<EastXOffset>0.80</EastXOffset>
					<EastYOffset>0.0</EastYOffset>
					<EastZOffset>-1.0</EastZOffset>
					<!-- East Draw size overrides, will default to 1 if not set -->
					<EastXDrawSize>3</EastXDrawSize>
					<EastZDrawSize>4</EastZDrawSize>
					<!-- East Angle overrides, will default to 0 if not set -->
					<EastAngle>-20</EastAngle>
					<!-- West offsets Y is the layer height, usually you can leave this at 0, all values default to 0 if not set-->
					<WestXOffset>-0.80</WestXOffset>
					<WestYOffset>0.0</WestYOffset>
					<WestZOffset>-1.0</WestZOffset>
					<!-- West Draw size overrides, will default to 1 if not set -->
					<WestXDrawSize>3</WestXDrawSize>
					<WestZDrawSize>4</WestZDrawSize>
					<!-- West Angle overrides, will default to 0 if not set -->
					<WestAngle>20</WestAngle>
				  </li>
				</value>
			</li>
		</operations>	
	</Operation>
	
</Patch>
