<?xml version="1.0" encoding="utf-8" ?>
<Patch>

	<!-- Defs\Bodies\Bodies_Humanlike.xml -->

	<!-- Human -->
	<Operation Class="PatchOperationSequence">
		<operations>
			<li Class="PatchOperationAdd">
				<xpath>/Defs/HediffGiverSetDef[defName = "OrganicStandard" or defName = "Human"]/hediffGivers</xpath>
				<value>
				  <li Class="RRYautja.HediffGiver_StartWithXenomorphHediff">
					<hediff>RRY_HiddenXenomorphImpregnation</hediff>
					<partsToAffect>
					<li>Torso</li>
					</partsToAffect>
					<chance>5</chance>
				  </li>
				  <li Class="RRYautja.HediffGiver_StartWithXenomorphHediff">
					<hediff>RRY_HiddenNeomorphImpregnation</hediff>
					<partsToAffect>
					<li>Torso</li>
					</partsToAffect>
					<chance>5</chance>
				  </li>
				</value>
			</li>
		</operations>	
	</Operation>
</Patch>
