<?xml version="1.0" encoding="utf-8" ?>
<Patch>

	<!-- Adds Draw Data for Mark Hediff to fine tune it for humanlikes -->
	<!-- Humanlikes without this DefExtension will have the facehugger default to their head location -->

	<!-- Human -->
	<Operation Class="PatchOperationSequence">
		<operations>
			<li Class="PatchOperationAddModExtension">
				<xpath>/Defs/ThingDef[defName = "Human"]</xpath>
				<value>
				  <li Class="HunterMarkingSystem.MarkDefExtension">
					<!-- DefName of the Marking Hediff Kills of this race give --> 
					<hediffs>
					<li>HMS_Hediff_BloodedMHuman</li>
					<li>HMS_Hediff_BloodedMWorthyHuman</li>
					</hediffs>
				  </li>
				  <li Class="HunterMarkingSystem.MarkOffsetDefExtension">
				    <!-- DefName of the hediff this applies to --> 
					<hediff>HMS_Hediff_BloodedM</hediff>
				    <!-- adds the vanillia head offset for the current rotation, not sure if this will ever be useful, defaults to false if not set--> 
					<ApplyBaseHeadOffset>false</ApplyBaseHeadOffset>
					<!-- North offsets Y is the layer height, usually you can leave this at 0, all values default to 0 if not set-->
					<NorthXOffset>0.0</NorthXOffset>
					<NorthYOffset>0.0</NorthYOffset>
					<NorthZOffset>0.0</NorthZOffset>
					<!-- North Draw size overrides, will default to 1 if not set -->
					<NorthXDrawSize>1</NorthXDrawSize>
					<NorthZDrawSize>1</NorthZDrawSize>
					<!-- North Angle overrides, will default to 0 if not set -->
					<NorthAngle>0</NorthAngle>
					<!-- South offsets Y is the layer height, usually you can leave this at 0, all values default to 0 if not set-->
					<SouthXOffset>-0.001</SouthXOffset>
					<SouthYOffset>0.0</SouthYOffset>
					<SouthZOffset>0.267</SouthZOffset>
					<!-- South Draw size overrides, will default to 1 if not set -->
					<SouthXDrawSize>1</SouthXDrawSize>
					<SouthZDrawSize>1</SouthZDrawSize>
					<!-- South Angle overrides, will default to 0 if not set -->
					<SouthAngle>0</SouthAngle>
					<!-- East offsets Y is the layer height, usually you can leave this at 0, all values default to 0 if not set-->
					<EastXOffset>0</EastXOffset>
					<EastYOffset>0.0</EastYOffset>
					<EastZOffset>0</EastZOffset>
					<!-- East Draw size overrides, will default to 1 if not set -->
					<EastXDrawSize>1</EastXDrawSize>
					<EastZDrawSize>1</EastZDrawSize>
					<!-- East Angle overrides, will default to 0 if not set -->
					<EastAngle>0</EastAngle>
					<!-- West offsets Y is the layer height, usually you can leave this at 0, all values default to 0 if not set-->
					<WestXOffset>0</WestXOffset>
					<WestYOffset>0.0</WestYOffset>
					<WestZOffset>0</WestZOffset>
					<!-- West Draw size overrides, will default to 1 if not set -->
					<WestXDrawSize>1</WestXDrawSize>
					<WestZDrawSize>1</WestZDrawSize>
					<!-- West Angle overrides, will default to 0 if not set -->
					<WestAngle>0</WestAngle>
				  </li>
				  <li Class="RRYautja.OffsetDefExtension">
				    <!-- DefName of the hediff this applies to --> 
					<hediff>RRY_FaceHuggerInfection</hediff>
				    <!-- adds the vanillia head offset for the current rotation, not sure if this will ever be useful, defaults to false if not set--> 
					<ApplyBaseHeadOffset>false</ApplyBaseHeadOffset>
					<!-- North offsets Y is the layer height, usually you can leave this at 0, all values default to 0 if not set-->
					<NorthXOffset>0.0</NorthXOffset>
					<NorthYOffset>0.0</NorthYOffset>
					<NorthZOffset>0.0</NorthZOffset>
					<!-- North Draw size overrides, will default to 1 if not set -->
					<NorthXDrawSize>1</NorthXDrawSize>
					<NorthZDrawSize>1</NorthZDrawSize>
					<!-- North Angle overrides, will default to 0 if not set -->
					<NorthAngle>0</NorthAngle>
					<!-- South offsets Y is the layer height, usually you can leave this at 0, all values default to 0 if not set-->
					<SouthXOffset>-0.001</SouthXOffset>
					<SouthYOffset>0.0</SouthYOffset>
					<SouthZOffset>0.0</SouthZOffset>
					<!-- South Draw size overrides, will default to 1 if not set -->
					<SouthXDrawSize>1.75</SouthXDrawSize>
					<SouthZDrawSize>1.75</SouthZDrawSize>
					<!-- South Angle overrides, will default to 0 if not set -->
					<SouthAngle>0</SouthAngle>
					<!-- East offsets Y is the layer height, usually you can leave this at 0, all values default to 0 if not set-->
					<EastXOffset>0</EastXOffset>
					<EastYOffset>0.0</EastYOffset>
					<EastZOffset>0</EastZOffset>
					<!-- East Draw size overrides, will default to 1 if not set -->
					<EastXDrawSize>1.75</EastXDrawSize>
					<EastZDrawSize>1.75</EastZDrawSize>
					<!-- East Angle overrides, will default to 0 if not set -->
					<EastAngle>0</EastAngle>
					<!-- West offsets Y is the layer height, usually you can leave this at 0, all values default to 0 if not set-->
					<WestXOffset>0</WestXOffset>
					<WestYOffset>0.0</WestYOffset>
					<WestZOffset>0</WestZOffset>
					<!-- West Draw size overrides, will default to 1 if not set -->
					<WestXDrawSize>1.75</WestXDrawSize>
					<WestZDrawSize>1.75</WestZDrawSize>
					<!-- West Angle overrides, will default to 0 if not set -->
					<WestAngle>0</WestAngle>
				  </li>
				</value>
			</li>
			<li Class="PatchOperationAddModExtension">
				<xpath>/Defs/ThingDef[defName = "Megasloth"]</xpath>
				<value>
				  <li Class="HunterMarkingSystem.MarkDefExtension">
					<!-- DefName of the Marking Hediff Kills of this race give --> 
					<hediffs>
					<li>HMS_Hediff_BloodedMGroTye</li>
					</hediffs>
				  </li>
				</value>
			</li>
			<li Class="PatchOperationAddModExtension">
				<xpath>/Defs/ThingDef[defName = "Thrumbo"]</xpath>
				<value>
				  <li Class="HunterMarkingSystem.MarkDefExtension">
					<!-- DefName of the Marking Hediff Kills of this race give --> 
					<hediffs>
					<li>HMS_Hediff_BloodedMThrumbo</li>
					</hediffs>
				  </li>
				</value>
			</li>
			<li Class="PatchOperationAddModExtension">
				<xpath>/Defs/ThingDef[defName = "Elephant"]</xpath>
				<value>
				  <li Class="HunterMarkingSystem.MarkDefExtension">
					<!-- DefName of the Marking Hediff Kills of this race give --> 
					<hediffs>
					<li>HMS_Hediff_BloodedMCrusher</li>
					</hediffs>
				  </li>
				</value>
			</li>
		</operations>	
	</Operation>
	
</Patch>
