<?xml version="1.0" encoding="UTF-8"?>
<Patch>
   	<Operation Class="PatchOperationSequence">
		<operations>
			<li Class="PatchOperationFindMod">
				<mods>
					<li>Facial Stuff 1.1</li>
				</mods>
				<match Class="PatchOperationSequence">
					<!--<success>Always</success>-->
					<operations>
					  <li Class="PatchOperationConditional">
						<xpath>/Defs/AlienRace.ThingDef_AlienRace[defName = "RRY_Synth"]/comps</xpath>
						<!--success>Always</success-->
						<nomatch Class="PatchOperationAdd">
						  <xpath>/Defs/AlienRace.ThingDef_AlienRace[defName = "RRY_Synth"]</xpath>
						  <value>
							<comps />
						  </value>
						</nomatch>
					  </li>
					  <li Class="PatchOperationAdd">
						<xpath>/Defs/AlienRace.ThingDef_AlienRace[defName = "RRY_Synth"]/comps</xpath>
						<value>
						  <li Class = "FacialStuff.CompProperties_BodyAnimator">
							<!--needed for everything with hands-->
							<bipedWithHands>true</bipedWithHands>
							<!--which hand texture?-->
							<handType>Human</handType>
							<!--custom drawers can be used here-->
							<bodyDrawers>
							  <li Class ="FacialStuff.HumanBipedDrawer"/>
							</bodyDrawers>
						  </li>
						  <li Class = "FacialStuff.CompProperties_Face">
							<!--if false, vanilla heads are used, otherwise the FS blank texture is used-->
							<needsBlankHumanHead>true</needsBlankHumanHead>
							<!-- off = no mouth-->
							<hasMouth>true</hasMouth>
							<!--race can have beards?-->
							<hasBeard>true</hasBeard>
							<!--race can have wrinkles?-->
							<hasWrinkles>true</hasWrinkles>
							<!--eyes?-->
							<hasEyes>true</hasEyes>
							<!--head rotation / tracking-->
							<canRotateHead>true</canRotateHead>
							<!--the drawer for the head. more than one can be defined-->
							<headDrawers>
							  <li Class ="FacialStuff.HumanHeadDrawer"/>
							  <!--  <li Class ="FacialStuff.SecondHeadDrawer"/>-->
							</headDrawers>
						  </li>
						</value>
					  </li>
					</operations>
				</match>
			</li>
		</operations>	
	</Operation>

</Patch>