<?xml version="1.0" encoding="UTF-8"?>
<Patch>
   	<Operation Class="PatchOperationSequence">
		<operations>
			<li Class="PatchOperationFindMod">
				<mods>
					<li>[Ry]HD Pawn Textures(HAR Edition)</li>
				</mods>
				<match Class="PatchOperationSequence">
					<!--<success>Always</success>-->
					<operations>
						
         <li Class="PatchOperationAdd">
            <xpath>/Defs/AlienRace.ThingDef_AlienRace[@Name="RRY_Synth"]/alienRace/generalSettings/alienPartGenerator/bodyAddons</xpath>
            <value>
               <!-- Male Eyes -->
               <li>
                  <shaderType>Transparent</shaderType>
                  <drawSize>1.0</drawSize>
                  <path>Things/Pawn/Humanlike/Eyes/Normal/Male/M_Left_Eye</path>
                  <bodyPart>left eye</bodyPart>
                  <inFrontOfBody>true</inFrontOfBody>
                  <useSkinColor>false</useSkinColor>
                  <drawnInBed>true</drawnInBed>
                  <layerOffset>-.2692</layerOffset>
                  <drawForMale>true</drawForMale>
                  <drawForFemale>false</drawForFemale>
				  <hediffGraphics>
                        <BabyState>Things/Pawn/Humanlike/Eyes/Child/Child_Left_Eye</BabyState>
						<MissingBodyPart>Things/Pawn/Humanlike/Eyes/Injuries/Missing/Male/Missing_M_Left_Eye</MissingBodyPart>
                        <Cut>Things/Pawn/Humanlike/Eyes/Injuries/Cut/Male/Cut_M_Left_Eye</Cut>
						<SurgicalCut>Things/Pawn/Humanlike/Eyes/Injuries/Cut/Male/Cut_M_Left_Eye</SurgicalCut>
						<Scratch>Things/Pawn/Humanlike/Eyes/Injuries/Cut/Male/Cut_M_Left_Eye</Scratch>
						<Stab>Things/Pawn/Humanlike/Eyes/Injuries/Cut/Male/Cut_M_Left_Eye</Stab>
                     </hediffGraphics>
					 <prioritization>
					     <li>Hediff</li>
                         <li>Backstory</li>
                     </prioritization>
                  <offsets>
                     <south>
                        <bodyTypes>
                           <Male>(-0.4275,0.5599)</Male>
						   <Female>(-0.4275,0.5599)</Female>
						   <Thin>(-0.4275,0.5599)</Thin>
                           <Fat>(-0.4275,0.5599)</Fat>
                           <Hulk>(-0.4275,0.5599)</Hulk>
                        </bodyTypes>
                        <crownTypes>
                           <Normal_Average>(0,0)</Normal_Average>
                           <Normal_Wide>(0,0)</Normal_Wide>
                           <Normal_Pointy>(0,0)</Normal_Pointy>
                           <Narrow_Normal>(0.01221865,0)</Narrow_Normal>
                           <Narrow_Wide>(0.006430863,0)</Narrow_Wide>
                           <Narrow_Pointy>(0.006430864,0)</Narrow_Pointy>
                        </crownTypes>
                     </south>
					 <north>
					 </north>
                     <east>
                        <bodyTypes>
                           <Male>(-0.7104583,0.554852)</Male>
						   <Female>(-0.7104583,0.554852)</Female>
                           <Thin>(-0.7683361,0.554852)</Thin>
						   <Fat>(-0.7490435,0.554852)</Fat>
                           <Hulk>(-0.774767,0.554852)</Hulk>
                        </bodyTypes>
                        <crownTypes>
                           <Normal_Average>(0,0)</Normal_Average>
                           <Normal_Wide>(0,0)</Normal_Wide>
                           <Normal_Pointy>(0,0)</Normal_Pointy>
                           <Narrow_Normal>(0.03215434,0)</Narrow_Normal>
                           <Narrow_Wide>((0.05144694,0)</Narrow_Wide>
                           <Narrow_Pointy>(0.05144694,0)</Narrow_Pointy>
                        </crownTypes>
                     </east>
                  </offsets>
               </li>
               <li>
                  <shaderType>Transparent</shaderType>
                  <drawSize>1.0</drawSize>
                  <path>Things/Pawn/Humanlike/Eyes/Normal/Male/M_Right_Eye</path>
                  <bodyPart>right eye</bodyPart>
                  <inFrontOfBody>true</inFrontOfBody>
                  <useSkinColor>false</useSkinColor>
                  <drawnInBed>true</drawnInBed>
                  <layerOffset>-.2692</layerOffset>
                  <drawForMale>true</drawForMale>
                  <drawForFemale>false</drawForFemale>
                  <linkVariantIndexWithPrevious>true</linkVariantIndexWithPrevious>
				  <hediffGraphics>
                        <BabyState>Things/Pawn/Humanlike/Eyes/Child/Child_Right_Eye</BabyState>
						<MissingBodyPart>Things/Pawn/Humanlike/Eyes/Injuries/Missing/Male/Missing_M_Right_Eye</MissingBodyPart>
                        <Cut>Things/Pawn/Humanlike/Eyes/Injuries/Cut/Male/Cut_M_Right_Eye</Cut>
						<SurgicalCut>Things/Pawn/Humanlike/Eyes/Injuries/Cut/Male/Cut_M_Right_Eye</SurgicalCut>
						<Scratch>Things/Pawn/Humanlike/Eyes/Injuries/Cut/Male/Cut_M_Right_Eye</Scratch>
						<Stab>Things/Pawn/Humanlike/Eyes/Injuries/Cut/Male/Cut_M_Right_Eye</Stab>
                     </hediffGraphics>
					 <prioritization>
					     <li>Hediff</li>
                         <li>Backstory</li>
                     </prioritization>
                  <offsets>
                     <south>
                        <bodyTypes>
                           <Male>(-0.4157074,0.5599)</Male>
						   <Female>(-0.4157074,0.5599)</Female>
						   <Thin>(-0.4157074,0.5599)</Thin>
                           <Fat>(-0.4157074,0.5599)</Fat>
                           <Hulk>(-0.4157074,0.5599)</Hulk>
                        </bodyTypes>
                        <crownTypes>
                           <Normal_Average>(0,0)</Normal_Average>
                           <Normal_Wide>(0,0)</Normal_Wide>
                           <Normal_Pointy>(0,0)</Normal_Pointy>
                           <Narrow_Normal>(0,0)</Narrow_Normal>
                           <Narrow_Wide>((0,0)</Narrow_Wide>
                           <Narrow_Pointy>(0,0)</Narrow_Pointy>
                        </crownTypes>
                     </south>
					 <north>
					 </north>
                     <east>
                        <bodyTypes>
                           <Male>(-0.4878778,0.7341495)</Male>
						   <Female>(-0.4878778,0.7341495)</Female>
                           <Thin>(-0.4878778,0.7341495)</Thin>
						   <Fat>(-0.4878778,0.7341495)</Fat>
                           <Hulk>(-0.4878778,0.7341495)</Hulk>
                        </bodyTypes>
                        <crownTypes>
                           <Normal_Average>(0,0)</Normal_Average>
                           <Normal_Wide>(0,0)</Normal_Wide>
                           <Normal_Pointy>(0,0)</Normal_Pointy>
                           <Narrow_Normal>(0,0)</Narrow_Normal>
                           <Narrow_Wide>((0,0)</Narrow_Wide>
                           <Narrow_Pointy>(0,0)</Narrow_Pointy>
                        </crownTypes>
                     </east>
                  </offsets>
               </li>
               <!-- Female Eyes -->
               <li>
                  <shaderType>Transparent</shaderType>
                  <drawSize>1.0</drawSize>
                  <path>Things/Pawn/Humanlike/Eyes/Normal/Female/F_Left_Eye</path>
                  <bodyPart>left eye</bodyPart>
                  <inFrontOfBody>true</inFrontOfBody>
                  <useSkinColor>false</useSkinColor>
                  <drawnInBed>true</drawnInBed>
                  <layerOffset>-.2692</layerOffset>
                  <drawForMale>false</drawForMale>
                  <drawForFemale>true</drawForFemale>
				  <hediffGraphics>
                        <BabyState>Things/Pawn/Humanlike/Eyes/Child/Child_Left_Eye</BabyState>
						<MissingBodyPart>Things/Pawn/Humanlike/Eyes/Injuries/Missing/Female/Missing_F_Left_Eye</MissingBodyPart>
                        <Cut>Things/Pawn/Humanlike/Eyes/Injuries/Cut/Female/Cut_F_Left_Eye</Cut>
						<SurgicalCut>Things/Pawn/Humanlike/Eyes/Injuries/Cut/Female/Cut_F_Left_Eye</SurgicalCut>
						<Scratch>Things/Pawn/Humanlike/Eyes/Injuries/Cut/Female/Cut_F_Left_Eye</Scratch>
						<Stab>Things/Pawn/Humanlike/Eyes/Injuries/Cut/Female/Cut_F_Left_Eye</Stab>
                     </hediffGraphics>
					 <prioritization>
					     <li>Hediff</li>
                         <li>Backstory</li>
                     </prioritization>
                  <offsets>
                     <south>
                        <bodyTypes>
                           <Male>(-0.4275,0.5599)</Male>
						   <Female>(-0.4275,0.5599)</Female>
						   <Thin>(-0.4275,0.5599)</Thin>
                           <Fat>(-0.4275,0.5599)</Fat>
                           <Hulk>(-0.4275,0.5599)</Hulk>
                        </bodyTypes>
                        <crownTypes>
                           <Normal_Average>(0,0)</Normal_Average>
                           <Normal_Wide>(0,0)</Normal_Wide>
                           <Normal_Pointy>(0,0)</Normal_Pointy>
                           <Narrow_Normal>(0.01286174,0)</Narrow_Normal>
                           <Narrow_Wide>(0,0)</Narrow_Wide>
                           <Narrow_Pointy>(0.006430864,0)</Narrow_Pointy>
                        </crownTypes>
                     </south>
                     <north>
					 </north>
                     <east>
                        <bodyTypes>
                           <Male>(-0.7490435,0.554852)</Male>
						   <Female>(-0.7490435,0.554852)</Female>
                           <Thin>(-0.7297509,0.554852)</Thin>
						   <Fat>(-0.7361817,0.5540852)</Fat>
                           <Hulk>(-0.7426126,0.554852)</Hulk>
                        </bodyTypes>
                        <crownTypes>
                           <Normal_Average>(0,0)</Normal_Average>
                           <Normal_Wide>(0,0)</Normal_Wide>
                           <Normal_Pointy>(0,0)</Normal_Pointy>
                           <Narrow_Normal>(0.01286174,0)</Narrow_Normal>
                           <Narrow_Wide>(0.01286174,0)</Narrow_Wide>
                           <Narrow_Pointy>(0.01286174,0)</Narrow_Pointy>
                        </crownTypes>
                     </east>
                  </offsets>
               </li>
               <li>
                  <shaderType>Transparent</shaderType>
                  <drawSize>1.0</drawSize>
                  <path>Things/Pawn/Humanlike/Eyes/Normal/Female/F_Right_Eye</path>
                  <bodyPart>right eye</bodyPart>
                  <inFrontOfBody>true</inFrontOfBody>
                  <useSkinColor>false</useSkinColor>
                  <drawnInBed>true</drawnInBed>
                  <layerOffset>-.2692</layerOffset>
                  <drawForMale>false</drawForMale>
                  <drawForFemale>true</drawForFemale>
                  <linkVariantIndexWithPrevious>true</linkVariantIndexWithPrevious>
				  <hediffGraphics>
                        <BabyState>Things/Pawn/Humanlike/Eyes/Child/Child_Right_Eye</BabyState>
						<MissingBodyPart>Things/Pawn/Humanlike/Eyes/Injuries/Missing/Female/Missing_F_Right_Eye</MissingBodyPart>
                        <Cut>Things/Pawn/Humanlike/Eyes/Injuries/Cut/Female/Cut_F_Right_Eye</Cut>
						<SurgicalCut>Things/Pawn/Humanlike/Eyes/Injuries/Cut/Female/Cut_F_Right_Eye</SurgicalCut>
						<Scratch>Things/Pawn/Humanlike/Eyes/Injuries/Cut/Female/Cut_F_Right_Eye</Scratch>
						<Stab>Things/Pawn/Humanlike/Eyes/Injuries/Cut/Female/Cut_F_Right_Eye</Stab>
                     </hediffGraphics>
					 <prioritization>
					     <li>Hediff</li>
                         <li>Backstory</li>
                     </prioritization>
                  <offsets>
                     <south>
                        <bodyTypes>
                           <Male>(-0.4157074,0.5599)</Male>
						   <Female>(-0.4157074,0.5599)</Female>
						   <Thin>(-0.4157074,0.5599)</Thin>
                           <Fat>(-0.4157074,0.5599)</Fat>
                           <Hulk>(-0.4157074,0.5599)</Hulk>
                        </bodyTypes>
                        <crownTypes>
                           <Normal_Average>(0,0)</Normal_Average>
                           <Normal_Wide>(0,0)</Normal_Wide>
                           <Normal_Pointy>(0,0)</Normal_Pointy>
                           <Narrow_Normal>(-0.01286174,0)</Narrow_Normal>
                           <Narrow_Wide>(-0.01286174,0)</Narrow_Wide>
                           <Narrow_Pointy>(-0.01286174,0)</Narrow_Pointy>
                        </crownTypes>
                     </south>
                     <north>
					 </north>
                     <east>
                        <bodyTypes>
                           <Male>(-0.7490435,0.7341495)</Male>
						   <Female>(-0.7490435,0.7341495)</Female>
                           <Thin>(-0.7297509,0.7341495)</Thin>
						   <Fat>(-0.7361817,0.7341495)</Fat>
                           <Hulk>(-0.4878778,0.7341495)</Hulk>
                        </bodyTypes>
                        <crownTypes>
                           <Normal_Average>(0,0)</Normal_Average>
                           <Normal_Wide>(0,0)</Normal_Wide>
                           <Normal_Pointy>(0,0)</Normal_Pointy>
                           <Narrow_Normal>(0,0)</Narrow_Normal>
                           <Narrow_Wide>(0.0192926,0)</Narrow_Wide>
                           <Narrow_Pointy>(0,0)</Narrow_Pointy>
                        </crownTypes>
                     </east>
                  </offsets>
               </li>
            </value>
         </li>

					</operations>
				</match>
				<nomatch Class="PatchOperationSequence">
					<success>Always</success>
					<operations>
					
					</operations>
				</nomatch>
			</li>
		</operations>	
	</Operation>

</Patch>