<?xml version="1.0" encoding="utf-8" ?>
<Patch>

	<!-- Defs\Bodies\Bodies_Humanlike.xml -->

	<!-- Human -->
	<Operation Class="PatchOperationSequence">
		<operations>
			<li Class="PatchOperationAdd">
				<xpath>/Defs/DesignationCategoryDef[defName = "Security"]/specialDesignatorClasses</xpath>
				<value>
					<li>TrapsRearmable.Designator_Rearm</li>
				</value>
			</li>
		</operations>	
	</Operation>
	
	<!-- Base_Player -->
	<Operation Class="PatchOperationSequence">
		<operations>
			<li Class="PatchOperationAdd">
				<xpath>/Defs/MapGeneratorDef[defName = "Base_Player"]/genSteps</xpath>
				<value>
					<li>RRY_Xenomorph_CaveHives</li>
				</value>
			</li>
		</operations>	
	</Operation>
</Patch>
