<?xml version="1.0" encoding="utf-8" ?>

<Patch>
<!-- Restrict Eldar Abilities: TheForce -->
<Operation Class="PatchOperationSequence">
  <success>Always</success>
  <operations>
    <li Class="PatchOperationTest">
      <xpath>/Defs/ThingCategoryDef[defName = "Toy"]</xpath>
    </li>
	<li Class="PatchOperationAdd">
		<success>Always</success>
	    <xpath>/Defs/RimWorldChildren.SupportAlienDef[defName="makeAlienChild"]/supportAlienRaces</xpath>
	    <value>
		<li>RRY_Alien_Yautja</li>
		</value>
	</li>
  </operations>
</Operation>

</Patch>