﻿<?xml version="1.0" encoding="utf-8" ?>

<Defs>

  <BodyPartDef>
    <defName>RRY_BehavorialInhibitor</defName>
    <label>behavorial inhibitor</label>
    <hitPoints>4</hitPoints>
    <frostbiteVulnerability>0.5</frostbiteVulnerability>
    <pawnGeneratorCanAmputate>true</pawnGeneratorCanAmputate>
    <skinCovered>false</skinCovered>
    <permanentInjuryChanceFactor>9999999</permanentInjuryChanceFactor>
    <delicate>true</delicate>
    <canSuggestAmputation>false</canSuggestAmputation>
  </BodyPartDef>

  
</Defs>