﻿<?xml version="1.0" encoding="utf-8" ?>

<Defs>

 <!-- Humanoid -->
  <BodyPartDef>
    <defName>RRY_Xeno_Torso</defName>
    <label>torso</label>
    <hitPoints>40</hitPoints>
    <skinCovered>true</skinCovered>
    <canSuggestAmputation>false</canSuggestAmputation>
  </BodyPartDef>

  <BodyPartDef>
    <defName>RRY_Xeno_Shoulder</defName>
    <label>shoulder</label>
    <hitPoints>30</hitPoints>
    <skinCovered>true</skinCovered>
    <tags>
      <li>ManipulationLimbSegment</li>
    </tags>
  </BodyPartDef>

  <BodyPartDef>
    <defName>RRY_Xeno_Arm</defName>
    <label>arm</label>
    <hitPoints>30</hitPoints>
    <skinCovered>true</skinCovered>
    <tags>
      <li>ManipulationLimbCore</li>
    </tags>
  </BodyPartDef>

  <BodyPartDef>
    <defName>RRY_Xeno_Hand</defName>
    <label>hand</label>
    <hitPoints>20</hitPoints>
    <frostbiteVulnerability>0.0</frostbiteVulnerability>
    <skinCovered>true</skinCovered>
    <tags>
      <li>ManipulationLimbSegment</li>
    </tags>
  </BodyPartDef>

  <BodyPartDef>
    <defName>RRY_Xeno_Finger</defName>
    <label>finger</label>
    <hitPoints>8</hitPoints>
    <frostbiteVulnerability>0</frostbiteVulnerability>
    <pawnGeneratorCanAmputate>true</pawnGeneratorCanAmputate>
    <skinCovered>true</skinCovered>
    <tags>
      <li>ManipulationLimbDigit</li>
    </tags>
  </BodyPartDef>

  <BodyPartDef>
    <defName>RRY_Xeno_Mandible</defName>
    <label>mandible</label>
    <hitPoints>8</hitPoints>
    <frostbiteVulnerability>0</frostbiteVulnerability>
    <pawnGeneratorCanAmputate>true</pawnGeneratorCanAmputate>
    <skinCovered>true</skinCovered>
    <tags>
      <li>EatingSource</li>
      <li>TalkingSource</li>
    </tags>
  </BodyPartDef>

  <BodyPartDef>
    <defName>RRY_Xeno_Waist</defName>
    <label>waist</label>
    <conceptual>true</conceptual>
  </BodyPartDef>

  <BodyPartDef>
    <defName>RRY_Xeno_Toe</defName>
    <label>toe</label>
    <hitPoints>8</hitPoints>
    <frostbiteVulnerability>0</frostbiteVulnerability>
    <pawnGeneratorCanAmputate>true</pawnGeneratorCanAmputate>
    <skinCovered>true</skinCovered>
    <tags>
      <li>MovingLimbDigit</li>
    </tags>
  </BodyPartDef>
  
  <!-- Bones -->

  <BodyPartDef>
    <defName>RRY_Xeno_Clavicle</defName>
    <label>clavicle</label>
    <hitPoints>25</hitPoints>
    <permanentInjuryChanceFactor>0</permanentInjuryChanceFactor>
    <skinCovered>false</skinCovered>
    <solid>true</solid>
    <bleedRate>0</bleedRate>
    <tags>
      <li>ManipulationLimbSegment</li>
    </tags>
    <destroyableByDamage>false</destroyableByDamage>
  </BodyPartDef>

  <BodyPartDef>
    <defName>RRY_Xeno_Sternum</defName>
    <label>sternum</label>
    <hitPoints>20</hitPoints>
    <permanentInjuryChanceFactor>0</permanentInjuryChanceFactor>
    <skinCovered>false</skinCovered>
    <solid>true</solid>
    <bleedRate>0</bleedRate>
    <tags>
      <li>BreathingSourceCage</li>
    </tags>
    <destroyableByDamage>false</destroyableByDamage>
  </BodyPartDef>

  <BodyPartDef>
    <defName>RRY_Xeno_Humerus</defName>
    <label>humerus</label>
    <hitPoints>25</hitPoints>
    <permanentInjuryChanceFactor>0</permanentInjuryChanceFactor>
    <skinCovered>false</skinCovered>
    <solid>true</solid>
    <bleedRate>0</bleedRate>
    <tags>
      <li>ManipulationLimbSegment</li>
    </tags>
  </BodyPartDef>

  <BodyPartDef>
    <defName>RRY_Xeno_Radius</defName>
    <label>radius</label>
    <hitPoints>20</hitPoints>
    <permanentInjuryChanceFactor>0</permanentInjuryChanceFactor>
    <skinCovered>false</skinCovered>
    <solid>true</solid>
    <bleedRate>0</bleedRate>
    <tags>
      <li>ManipulationLimbSegment</li>
    </tags>
  </BodyPartDef>

  <BodyPartDef>
    <defName>RRY_Xeno_Pelvis</defName>
    <label>pelvis</label>
    <hitPoints>25</hitPoints>
    <permanentInjuryChanceFactor>0</permanentInjuryChanceFactor>
    <skinCovered>false</skinCovered>
    <solid>true</solid>
    <bleedRate>0</bleedRate>
    <tags>
      <li>Pelvis</li>
    </tags>
    <destroyableByDamage>false</destroyableByDamage>
  </BodyPartDef>

  <BodyPartDef>
    <defName>RRY_Xeno_Femur</defName>
    <label>femur</label>
    <hitPoints>25</hitPoints>
    <permanentInjuryChanceFactor>0</permanentInjuryChanceFactor>
    <skinCovered>false</skinCovered>
    <solid>true</solid>
    <bleedRate>0</bleedRate>
    <tags>
      <li>MovingLimbSegment</li>
    </tags>
  </BodyPartDef>

  <BodyPartDef>
    <defName>RRY_Xeno_Tibia</defName>
    <label>tibia</label>
    <hitPoints>25</hitPoints>
    <permanentInjuryChanceFactor>0</permanentInjuryChanceFactor>
    <skinCovered>false</skinCovered>
    <solid>true</solid>
    <bleedRate>0</bleedRate>
    <tags>
      <li>MovingLimbSegment</li>
    </tags>
  </BodyPartDef>

<!-- Organs -->
  <BodyPartDef>
    <defName>RRY_Xeno_Heart</defName>
    <label>heart</label>
    <hitPoints>15</hitPoints>
    <bleedRate>5</bleedRate>
    <skinCovered>false</skinCovered>
    <tags>
      <li>BloodPumpingSource</li>
    </tags>
    <spawnThingOnRemoved>Heart</spawnThingOnRemoved>
    <canSuggestAmputation>false</canSuggestAmputation>
  </BodyPartDef>

  <BodyPartDef>
    <defName>RRY_Xeno_Lung</defName>
    <label>lung</label>
    <hitPoints>15</hitPoints>
    <skinCovered>false</skinCovered>
    <tags>
      <li>BreathingSource</li>
    </tags>
    <spawnThingOnRemoved>Lung</spawnThingOnRemoved>
  </BodyPartDef>

  <BodyPartDef>
    <defName>RRY_Xeno_Kidney</defName>
    <label>kidney</label>
    <hitPoints>15</hitPoints>
    <skinCovered>false</skinCovered>
    <tags>
      <li>BloodFiltrationKidney</li>
    </tags>
    <spawnThingOnRemoved>Kidney</spawnThingOnRemoved>
  </BodyPartDef>

  <BodyPartDef>
    <defName>RRY_Xeno_Liver</defName>
    <label>liver</label>
    <hitPoints>20</hitPoints>
    <skinCovered>false</skinCovered>
    <tags>
      <li>BloodFiltrationLiver</li>
    </tags>
    <spawnThingOnRemoved>Liver</spawnThingOnRemoved>
    <canSuggestAmputation>false</canSuggestAmputation>
  </BodyPartDef>

  <BodyPartDef>
    <defName>RRY_Xeno_Stomach</defName>
    <label>stomach</label>
    <hitPoints>20</hitPoints>
    <skinCovered>false</skinCovered>
    <tags>
      <li>MetabolismSource</li>
    </tags>
    <canSuggestAmputation>false</canSuggestAmputation>
  </BodyPartDef>
  
  <!-- General -->
  
  <BodyPartDef>
    <defName>RRY_Xeno_Head</defName>
    <label>head</label>
    <hitPoints>25</hitPoints>
    <skinCovered>true</skinCovered>
    <canSuggestAmputation>false</canSuggestAmputation>
    <bleedRate>2</bleedRate>
  </BodyPartDef>

  <BodyPartDef>
    <defName>RRY_Xeno_Skull</defName>
    <label>skull</label>
    <hitPoints>25</hitPoints>
    <permanentInjuryChanceFactor>0</permanentInjuryChanceFactor>
    <skinCovered>false</skinCovered>
    <solid>true</solid>
    <canSuggestAmputation>false</canSuggestAmputation>
    <bleedRate>0</bleedRate>
    <destroyableByDamage>false</destroyableByDamage>
  </BodyPartDef>

  <BodyPartDef>
    <defName>RRY_Xeno_Brain</defName>
    <label>brain</label>
    <hitPoints>10</hitPoints>
    <permanentInjuryChanceFactor>9999999</permanentInjuryChanceFactor>
    <delicate>true</delicate>
    <skinCovered>false</skinCovered>
    <tags>
      <li>ConsciousnessSource</li>
    </tags>
    <canSuggestAmputation>false</canSuggestAmputation>
  </BodyPartDef>

  <BodyPartDef>
    <defName>RRY_Xeno_Eye</defName>
    <label>eye</label>
    <hitPoints>10</hitPoints>
    <permanentInjuryChanceFactor>15</permanentInjuryChanceFactor>
    <delicate>true</delicate>
    <skinCovered>false</skinCovered>
    <socketed>true</socketed>
    <beautyRelated>true</beautyRelated>
    <tags>
      <li>SightSource</li>
    </tags>
    <hitChanceFactors>
      <li>
        <key>Blunt</key>
        <value>0</value>
      </li>
    </hitChanceFactors>
  </BodyPartDef>

  <BodyPartDef>
    <defName>RRY_Xeno_Ear</defName>
    <label>auditory sensor</label>
    <hitPoints>12</hitPoints>
    <frostbiteVulnerability>0</frostbiteVulnerability>
    <skinCovered>true</skinCovered>
    <beautyRelated>true</beautyRelated>
    <tags>
      <li>HearingSource</li>
    </tags>
  </BodyPartDef>

  <BodyPartDef>
    <defName>RRY_Xeno_Nose</defName>
    <label>nose</label>
    <hitPoints>10</hitPoints>
    <frostbiteVulnerability>0</frostbiteVulnerability>
    <skinCovered>true</skinCovered>
    <beautyRelated>true</beautyRelated>
    <solid>true</solid>
    <bleedRate>0</bleedRate>
    <permanentInjuryChanceFactor>0</permanentInjuryChanceFactor>
  </BodyPartDef>

  <BodyPartDef>
    <defName>RRY_Xeno_Jaw</defName>
    <label>mouth</label>
    <hitPoints>20</hitPoints>
    <frostbiteVulnerability>0</frostbiteVulnerability>
    <permanentInjuryChanceFactor>0</permanentInjuryChanceFactor>
    <skinCovered>false</skinCovered>
    <solid>true</solid>
    <beautyRelated>true</beautyRelated>
    <bleedRate>0</bleedRate>
    <tags>
      <li>EatingSource</li>
      <li>TalkingSource</li>
    </tags>
  </BodyPartDef>

  <BodyPartDef>
    <defName>RRY_Xeno_InnerJaw</defName>
    <label>inner mouth</label>
    <hitPoints>20</hitPoints>
    <frostbiteVulnerability>0</frostbiteVulnerability>
    <permanentInjuryChanceFactor>0</permanentInjuryChanceFactor>
    <skinCovered>false</skinCovered>
    <solid>true</solid>
    <beautyRelated>true</beautyRelated>
    <bleedRate>0</bleedRate>
    <tags>
      <li>EatingSource</li>
      <li>TalkingSource</li>
    </tags>
  </BodyPartDef>

  <BodyPartDef>
    <defName>RRY_Xeno_Tail</defName>
    <label>tail</label>
    <hitPoints>30</hitPoints>
    <frostbiteVulnerability>0</frostbiteVulnerability>
    <skinCovered>true</skinCovered>
    <tags>
      <li>ManipulationLimbCore</li>
    </tags>
  </BodyPartDef>

  <BodyPartDef>
    <defName>RRY_Xeno_Neck</defName>
    <label>neck</label>
    <hitPoints>25</hitPoints>
    <bleedRate>4</bleedRate>
    <skinCovered>true</skinCovered>
    <tags>
      <li>BreathingPathway</li>
      <li>EatingPathway</li>
      <li>TalkingPathway</li>
    </tags>
    <canSuggestAmputation>false</canSuggestAmputation>
  </BodyPartDef>

  <BodyPartDef>
    <defName>RRY_Xeno_Ribcage</defName>
    <label>ribcage</label>
    <hitPoints>30</hitPoints>
    <permanentInjuryChanceFactor>0</permanentInjuryChanceFactor>
    <skinCovered>false</skinCovered>
    <solid>true</solid>
    <bleedRate>0</bleedRate>
    <tags>
      <li>BreathingSourceCage</li>
    </tags>
    <destroyableByDamage>false</destroyableByDamage>
  </BodyPartDef>

  <BodyPartDef>
    <defName>RRY_Xeno_Spine</defName>
    <label>spine</label>
    <hitPoints>25</hitPoints>
    <permanentInjuryChanceFactor>6</permanentInjuryChanceFactor>
    <skinCovered>false</skinCovered>
    <solid>true</solid>
    <bleedRate>0</bleedRate>
    <canSuggestAmputation>false</canSuggestAmputation>
    <tags>
      <li>Spine</li>
    </tags>
  </BodyPartDef>

  <BodyPartDef>
    <defName>RRY_Xeno_FrontLeg</defName>
    <label>leg</label>
    <hitPoints>30</hitPoints>
    <skinCovered>true</skinCovered>
    <tags>
      <li>MovingLimbCore</li>
      <li>ManipulationLimbCore</li>
      <li>ManipulationLimbSegment</li>
    </tags>
  </BodyPartDef>

  <BodyPartDef>
    <defName>RRY_Xeno_Leg</defName>
    <label>leg</label>
    <hitPoints>40</hitPoints>
    <skinCovered>true</skinCovered>
    <tags>
      <li>MovingLimbCore</li>
    </tags>
  </BodyPartDef>

  <BodyPartDef>
    <defName>RRY_Xeno_Foot</defName>
    <label>foot</label>
    <hitPoints>25</hitPoints>
    <frostbiteVulnerability>0.0</frostbiteVulnerability>
    <skinCovered>true</skinCovered>
    <tags>
      <li>MovingLimbSegment</li>
    </tags>
  </BodyPartDef>

  <BodyPartDef>
    <defName>RRY_Xeno_TailSpike</defName>
    <label>tail spike</label>
    <hitPoints>50</hitPoints>
    <skinCovered>false</skinCovered>
    <solid>true</solid>
    <permanentInjuryChanceFactor>0</permanentInjuryChanceFactor>
    <alive>false</alive>
    <bleedRate>0</bleedRate>
  </BodyPartDef>
  
  <!--===================== Misc =====================-->

  <BodyPartDef>
    <defName>RRY_Xeno_Body</defName>
    <label>body</label>
    <hitPoints>40</hitPoints>
    <skinCovered>true</skinCovered>
  </BodyPartDef>

  <BodyPartDef>
    <defName>RRY_Xeno_Beak</defName>
    <label>beak</label>
    <hitPoints>20</hitPoints>
    <frostbiteVulnerability>1.5</frostbiteVulnerability>
    <permanentInjuryChanceFactor>0</permanentInjuryChanceFactor>
    <skinCovered>false</skinCovered>
    <solid>true</solid>
    <alive>false</alive>
    <bleedRate>0</bleedRate>
    <tags>
      <li>EatingSource</li>
      <li>TalkingSource</li>
      <li>ManipulationLimbCore</li>
    </tags>
  </BodyPartDef>
  
  <BodyPartDef>
    <defName>RRY_Xeno_InsectHead</defName>
    <label>head</label>
    <hitPoints>30</hitPoints>
    <permanentInjuryChanceFactor>0</permanentInjuryChanceFactor>
    <skinCovered>false</skinCovered>
  </BodyPartDef>

  <BodyPartDef>
    <defName>RRY_Xeno_SnakeBody</defName>
    <label>body</label>
    <hitPoints>30</hitPoints>
    <skinCovered>true</skinCovered>
    <tags>
      <li>MovingLimbCore</li>
    </tags>
  </BodyPartDef>

  <BodyPartDef>
    <defName>RRY_Xeno_SnakeHead</defName>
    <label>head</label>
    <hitPoints>30</hitPoints>
    <skinCovered>true</skinCovered>
    <tags>
      <li>HearingSource</li>
    </tags>
  </BodyPartDef>

  <BodyPartDef>
    <defName>RRY_Xeno_SnakeMouth</defName>
    <label>mouth</label>
    <hitPoints>20</hitPoints>
    <permanentInjuryChanceFactor>0</permanentInjuryChanceFactor>
    <skinCovered>true</skinCovered>
    <tags>
      <li>EatingSource</li>
      <li>TalkingSource</li>
      <li>ManipulationLimbCore</li>
    </tags>
  </BodyPartDef>

  <BodyPartDef>
    <defName>RRY_Xeno_InsectHeart</defName>
    <label>heart</label>
    <hitPoints>20</hitPoints>
    <bleedRate>5</bleedRate>
    <skinCovered>false</skinCovered>
    <tags>
      <li>BloodPumpingSource</li>
      <li>BloodFiltrationSource</li>
      <li>MetabolismSource</li>
      <li>BreathingSource</li>
    </tags>
  </BodyPartDef>

  <BodyPartDef>
    <defName>RRY_Xeno_InsectNostril</defName>
    <label>nostril</label>
    <hitPoints>10</hitPoints>
    <permanentInjuryChanceFactor>0</permanentInjuryChanceFactor>
    <skinCovered>false</skinCovered>
  </BodyPartDef>

  <BodyPartDef>
    <defName>RRY_Xeno_InsectMouth</defName>
    <label>mouth</label>
    <hitPoints>10</hitPoints>
    <permanentInjuryChanceFactor>0</permanentInjuryChanceFactor>
    <skinCovered>false</skinCovered>
    <tags>
      <li>EatingSource</li>
      <li>ManipulationLimbCore</li>
    </tags>
  </BodyPartDef>

  <BodyPartDef>
    <defName>RRY_Xeno_Pronotum</defName>
    <label>pronotum</label>
    <hitPoints>20</hitPoints>
    <permanentInjuryChanceFactor>0</permanentInjuryChanceFactor>
    <skinCovered>false</skinCovered>
    <solid>true</solid>
    <bleedRate>0</bleedRate>
    <tags>
      <li>BreathingPathway</li>
      <li>EatingPathway</li>
      <li>TalkingPathway</li>
    </tags>
  </BodyPartDef>

  <BodyPartDef>
    <defName>RRY_Xeno_Shell</defName>
    <label>shell</label>
    <hitPoints>100</hitPoints>
    <permanentInjuryChanceFactor>0</permanentInjuryChanceFactor>
    <skinCovered>false</skinCovered>
    <alive>false</alive>
    <bleedRate>0</bleedRate>
    <solid>true</solid>
  </BodyPartDef>

  <BodyPartDef>
    <defName>RRY_Xeno_Elytra</defName>
    <label>elytra</label>
    <hitPoints>30</hitPoints>
    <frostbiteVulnerability>0.0</frostbiteVulnerability>
    <permanentInjuryChanceFactor>0</permanentInjuryChanceFactor>
    <skinCovered>false</skinCovered>
    <alive>false</alive>
    <bleedRate>0</bleedRate>
  </BodyPartDef>

  <BodyPartDef ParentName="ClawBase">
    <defName>RRY_Xeno_FrontClaw</defName>
    <label>front claw</label>
    <labelShort>claw</labelShort>
    <tags>
      <li>MovingLimbDigit</li>
      <li>ManipulationLimbDigit</li>
    </tags>
  </BodyPartDef>
  
  <BodyPartDef ParentName="ClawBase">
    <defName>RRY_Xeno_RearClaw</defName>
    <label>rear claw</label>
    <labelShort>claw</labelShort>
    <tags>
      <li>MovingLimbDigit</li>
    </tags>
  </BodyPartDef>

</Defs>