<?xml version="1.0" encoding="utf-8" ?>
<Defs>


<!--=============================================== USCM - NPC Faction ===============================================-->

  <PawnKindDef ParentName="BaseUSCMPawnKind"> <!-- Base in PawnKinds_Player_Humanoids.xml -->
    <defName>RRY_USCM_Lieutenant</defName>
    <label>marine Lt</label>
    <defaultFactionType>RRY_USCM_Faction</defaultFactionType>
    <chemicalAddictionChance>0.08</chemicalAddictionChance>
    <factionLeader>true</factionLeader>
    <gearHealthRange>
      <min>0.4</min>
      <max>1.4</max>
    </gearHealthRange>
	<apparelTags>
		<li>USCM_M10Pattern</li>
		<li>USCM_Clothing</li>
		<li>USCM_Armour</li>
	</apparelTags>
	<apparelMoney>
		<min>5000</min>
		<max>10000</max>
    </apparelMoney>
    <weaponTags>
		<li>USCM_M41A</li>
	</weaponTags>
	<weaponMoney>
		<min>1000</min>
		<max>1000</max>
	</weaponMoney>
	<techHediffsMoney>
      <min>2000</min>
      <max>3000</max>
    </techHediffsMoney>
    <techHediffsTags>
      <li>Advanced</li>
      <li>AdvancedWeapon</li>
    </techHediffsTags>
    <techHediffsChance>0.40</techHediffsChance>
    <combatEnhancingDrugsChance>0.2</combatEnhancingDrugsChance>
    <combatEnhancingDrugsCount>
      <min>0</min>
      <max>2</max>
    </combatEnhancingDrugsCount>
	<backstoryCryptosleepCommonality>1</backstoryCryptosleepCommonality>
	<inventoryOptions>
      <skipChance>0.8</skipChance>
      <subOptionsChooseOne>
        <li>
          <thingDef>Silver</thingDef>
          <countRange>
            <min>50</min>
            <max>200</max>
          </countRange>
        </li>
        <li>
          <thingDef>MedicineIndustrial</thingDef>
          <countRange>
            <min>1</min>
            <max>1</max>
          </countRange>
        </li>
      </subOptionsChooseOne>
    </inventoryOptions>
	<apparelRequired>
        <li>RRY_Apparel_M3Pattern</li>
        <li>RRY_USCM_Cap</li>
	</apparelRequired>
  </PawnKindDef>
  
<!--=============================================== USCM - Private ===============================================-->

  <PawnKindDef ParentName="BaseUSCMPawnKind"> <!-- Base in PawnKinds_Player_Humanoids.xml -->
    <defName>RRY_USCM_Private</defName>
    <label>marine</label>
    <defaultFactionType>RRY_USCM_Faction</defaultFactionType>
    <chemicalAddictionChance>0.08</chemicalAddictionChance>
    <gearHealthRange>
      <min>0.4</min>
      <max>1.4</max>
    </gearHealthRange>
	<apparelTags>
		<li>USCM_M10Pattern</li>
		<li>USCM_Clothing</li>
		<li>USCM_Armour</li>
	</apparelTags>
	<apparelMoney>
		<min>5000</min>
		<max>10000</max>
    </apparelMoney>
    <weaponTags>
		<li>USCM_M41A</li>
	</weaponTags>
	<weaponMoney>
		<min>1000</min>
		<max>1000</max>
	</weaponMoney>
	<techHediffsMoney>
      <min>2000</min>
      <max>3000</max>
    </techHediffsMoney>
    <techHediffsTags>
      <li>Advanced</li>
      <li>AdvancedWeapon</li>
    </techHediffsTags>
    <techHediffsChance>0.40</techHediffsChance>
    <combatEnhancingDrugsChance>0.2</combatEnhancingDrugsChance>
    <combatEnhancingDrugsCount>
      <min>0</min>
      <max>2</max>
    </combatEnhancingDrugsCount>
	<backstoryCryptosleepCommonality>1</backstoryCryptosleepCommonality>
	<inventoryOptions>
      <skipChance>0.8</skipChance>
      <subOptionsChooseOne>
        <li>
          <thingDef>Silver</thingDef>
          <countRange>
            <min>50</min>
            <max>200</max>
          </countRange>
        </li>
        <li>
          <thingDef>MedicineIndustrial</thingDef>
          <countRange>
            <min>1</min>
            <max>1</max>
          </countRange>
        </li>
      </subOptionsChooseOne>
    </inventoryOptions>
  </PawnKindDef>
  
  <!--=============================================== USCM - M56 Smart Gun Operator ===============================================-->
  <PawnKindDef ParentName="BaseUSCMPawnKind"> <!-- Base in PawnKinds_Player_Humanoids.xml -->
    <defName>RRY_USCM_Operator</defName>
    <label>operator</label>
    <defaultFactionType>RRY_USCM_Faction</defaultFactionType>
    <chemicalAddictionChance>0.08</chemicalAddictionChance>
    <gearHealthRange>
      <min>0.4</min>
      <max>1.4</max>
    </gearHealthRange>
	<apparelTags>
		<li>USCM_M10Pattern</li>
		<li>USCM_Fatigues</li>
		<li>USCM_HMS</li>
	</apparelTags>
	<apparelMoney>
		<min>5000</min>
		<max>10000</max>
    </apparelMoney>
    <weaponTags>
		<li>USCM_M56SmartGun</li>
	</weaponTags>
	<weaponMoney>
		<min>1000</min>
		<max>1000</max>
	</weaponMoney>
	<backstoryCryptosleepCommonality>1</backstoryCryptosleepCommonality>
	<techHediffsMoney>
      <min>2000</min>
      <max>3000</max>
    </techHediffsMoney>
    <techHediffsTags>
      <li>Advanced</li>
      <li>AdvancedWeapon</li>
    </techHediffsTags>
    <techHediffsChance>0.40</techHediffsChance>
    <combatEnhancingDrugsChance>0.35</combatEnhancingDrugsChance>
    <combatEnhancingDrugsCount>
      <min>1</min>
      <max>2</max>
    </combatEnhancingDrugsCount>
	<inventoryOptions>
      <skipChance>0.8</skipChance>
      <subOptionsChooseOne>
        <li>
          <thingDef>Silver</thingDef>
          <countRange>
            <min>50</min>
            <max>200</max>
          </countRange>
        </li>
        <li>
          <thingDef>MedicineIndustrial</thingDef>
          <countRange>
            <min>1</min>
            <max>1</max>
          </countRange>
        </li>
      </subOptionsChooseOne>
    </inventoryOptions>
  </PawnKindDef>
  
  <!--=============================================== USCM - Public Affairs Officer ===============================================-->
  <PawnKindDef ParentName="BaseUSCMPawnKind"> <!-- Base in PawnKinds_Player_Humanoids.xml -->
    <defName>RRY_USCM_PAO</defName>
    <label>public relation officer</label>
    <defaultFactionType>RRY_USCM_Faction</defaultFactionType>
    <chemicalAddictionChance>0.1</chemicalAddictionChance>
	<trader>true</trader>
    <gearHealthRange>
      <min>0.4</min>
      <max>1.4</max>
    </gearHealthRange>
	<apparelTags>
		<li>USCM_StandardIssue_Apparel</li>
		<li>IndustrialMilitaryBasic</li>
	</apparelTags>
	<apparelMoney>
		<min>5000</min>
		<max>10000</max>
    </apparelMoney>
    <weaponTags>
		<li>USCM_Weapons</li>
	</weaponTags>
	<weaponMoney>
		<min>1000</min>
		<max>1000</max>
	</weaponMoney>
	<backstoryCryptosleepCommonality>1</backstoryCryptosleepCommonality>
	<techHediffsMoney>
      <min>2000</min>
      <max>3000</max>
    </techHediffsMoney>
    <techHediffsTags>
      <li>Advanced</li>
      <li>AdvancedWeapon</li>
    </techHediffsTags>
    <techHediffsChance>0.40</techHediffsChance>
    <combatEnhancingDrugsChance>0.35</combatEnhancingDrugsChance>
    <combatEnhancingDrugsCount>
      <min>1</min>
      <max>2</max>
    </combatEnhancingDrugsCount>
	<inventoryOptions>
      <skipChance>0.8</skipChance>
      <subOptionsChooseOne>
        <li>
          <thingDef>Silver</thingDef>
          <countRange>
            <min>50</min>
            <max>200</max>
          </countRange>
        </li>
        <li>
          <thingDef>MedicineIndustrial</thingDef>
          <countRange>
            <min>1</min>
            <max>1</max>
          </countRange>
        </li>
      </subOptionsChooseOne>
    </inventoryOptions>
  </PawnKindDef>
  
 
</Defs>