<?xml version="1.0" encoding="utf-8" ?>
<Defs>


<!--=============================================== Artificials - Player Faction ===============================================-->
<!--=============================================== Artificials - Synths Base ===============================================-->
  <PawnKindDef Abstract="True" Name="BaseArtificialPawnKind">
    <race>RRY_Synth</race>
    <combatPower>40</combatPower>
    <baseRecruitDifficulty>0.5</baseRecruitDifficulty>
    <isFighter>true</isFighter>
    <apparelIgnoreSeasons>true</apparelIgnoreSeasons>
    <forceNormalGearQuality>false</forceNormalGearQuality>
	    <lifeStages>
      <li>
        <bodyGraphicData>
          <drawSize>1</drawSize>
        </bodyGraphicData>
      </li>
    </lifeStages>
    <backstoryFiltersOverride>
      <li>
        <categories>
			<li>RRY_Synth_Backstories</li>
			<li>RRY_Artificial_Backstories</li>
        </categories>
      </li>
    </backstoryFiltersOverride>
	<modExtensions>
	  <li Class="AlienRace.Info">
		<allowHumanBios>false</allowHumanBios>
		<maleGenderProbability>0.5</maleGenderProbability>
	  </li>
	</modExtensions>
  </PawnKindDef>

<!--=============================================== Artificials ===============================================-->

  <PawnKindDef ParentName="BaseArtificialPawnKind">
    <defName>RRY_Player_Synth</defName>
    <label>Synth</label>
    <defaultFactionType>RRY_USCM_PlayerColony</defaultFactionType>
    
    <apparelTags>
		<li>USCM_StandardIssue_Apparel</li>
	</apparelTags>
    <apparelMoney>
      <min>10000</min>
      <max>10000</max>
    </apparelMoney>
	<weaponTags>
		<li>USCM_MaintenanceJack</li>
	</weaponTags>
	<weaponMoney>
		<min>500</min>
		<max>1000</max>
	</weaponMoney>
    <backstoryCryptosleepCommonality>1</backstoryCryptosleepCommonality>
  </PawnKindDef>
  
</Defs>