﻿<?xml version="1.0" encoding="utf-8" ?>
<Defs>

  <!-- ============================ Yautja Base ========================== -->
  <PawnKindDef Name="RRY_YautjaBase" Abstract="True">
    <defaultFactionType>RRY_Yautja_BadBloodFaction</defaultFactionType>
    <race>RRY_Alien_Yautja</race>
    <backstoryFiltersOverride Inherit="false">
      <li>
        <categories>
          <li>RRY_Yautja_Standard</li>
        </categories>
      </li>
    </backstoryFiltersOverride>
    <chemicalAddictionChance>0.05</chemicalAddictionChance>
    <baseRecruitDifficulty>1</baseRecruitDifficulty>
    <apparelAllowHeadgearChance>0.85</apparelAllowHeadgearChance>
    <apparelTags>
      <li>YautjaArmour</li>
      <li>YautjaWristblade</li>
	  <li>YautjaHelmet</li>
    </apparelTags>
	<modExtensions>
	  <li Class="AlienRace.Info">
		<allowHumanBios>false</allowHumanBios>
		<maleGenderProbability>0.75</maleGenderProbability>
	  </li>
	</modExtensions>
  </PawnKindDef>
  
  <!-- ============================ Yautja Civilian Base ========================== -->
  <PawnKindDef Name="RRY_YautjaCivBase" ParentName="RRY_YautjaBase" Abstract="True">
    <combatPower>50</combatPower>
    <itemQuality>Normal</itemQuality>
    <isFighter>false</isFighter>
    <gearHealthRange>
      <min>0.2</min>
      <max>2.0</max>
    </gearHealthRange>
    <apparelMoney>
      <min>300</min>
      <max>900</max>
    </apparelMoney>
    <weaponMoney>
      <min>300</min>
      <max>750</max>
    </weaponMoney>
    <weaponTags>
		<li>YautjaCombistaff</li>
		<li>YautjaHuntingBow</li>
		<li>YautjaSmartDisk</li>
		<li>YautjaNeedler</li>
		<!--<li>NeolithicMeleeBasic</li>
		<li>NeolithicMeleeDecent</li>
		<li>NeolithicMeleeAdvanced</li>
		<li>NeolithicRangedHeavy</li>-->
    </weaponTags>
    <techHediffsMoney>
      <min>200</min>
      <max>300</max>
    </techHediffsMoney>
    <techHediffsTags>
      <li>Simple</li>
    </techHediffsTags>
    <techHediffsChance>0.51</techHediffsChance>
    <invNutrition>2.55</invNutrition>
    <inventoryOptions>
      <skipChance>0.75</skipChance>
      <subOptionsChooseOne>
        <li>
          <choiceChance>90</choiceChance>
          <thingDef>Silver</thingDef>
          <countRange>
            <min>25</min>
            <max>70</max>
          </countRange>
        </li>
        <li>
          <choiceChance>10</choiceChance>
          <thingDef>Silver</thingDef>
          <countRange>
            <min>700</min>
            <max>1000</max>
          </countRange>
        </li>
      </subOptionsChooseOne>
    </inventoryOptions>
  </PawnKindDef>
   
  <!-- ============================ Yautja Civilians ========================== -->
  <PawnKindDef ParentName="RRY_YautjaCivBase">
    <defName>YautjaAncient_RRY</defName>
    <label>Yautja Ancient</label>
    <labelPlural>Yautja Ancients</labelPlural>
    <factionLeader>true</factionLeader>
    <isFighter>true</isFighter>
	<itemQuality>Excellent</itemQuality>
   <gearHealthRange>
      <min>0.5</min>
      <max>2.0</max>
    </gearHealthRange>
    <apparelMoney>
      <min>5000</min>
      <max>9000</max>
    </apparelMoney>
    <apparelTags Inherit="False">
      <li>YautjaGreaves</li>
      <li>YautjaOrnateArmour</li>
      <li>YautjaOrnateBioMask</li>
	  <li>YautjaEliteBioMask</li>
	  <li>YautjaEliteArmour</li>
	  <li>YautjaWristblade</li>
	  <li>YautjaShoulderCannon</li>
    </apparelTags>
    <weaponMoney>
      <min>10000</min>
      <max>15500</max>
    </weaponMoney>
    <weaponTags>
		<li>YautjaMelee</li>
		<li>YautjaRanged</li>
    </weaponTags>
    <techHediffsMoney>
      <min>200</min>
      <max>300</max>
    </techHediffsMoney>
    <techHediffsTags>
      <li>Advanced</li>
    </techHediffsTags>
    <backstoryFiltersOverride Inherit="false">
      <li>
        <categories>
          <li>RRY_Yautja_Ancient</li>
        </categories>
      </li>
    </backstoryFiltersOverride>
	<minGenerationAge>1000</minGenerationAge>
	<maxGenerationAge>2000</maxGenerationAge>
  </PawnKindDef>
  
  <PawnKindDef ParentName="RRY_YautjaCivBase">
    <defName>Trader_RRY_Yautja</defName>
    <label>Yautja trader</label>
    <trader>true</trader>
  </PawnKindDef>
  
  <PawnKindDef ParentName="RRY_YautjaCivBase">
    <defName>Slave_RRY_Yautja</defName>
    <label>Yautja slave</label>
	<apparelTags Inherit="False">
		<li>YautjaWebbing</li>
	</apparelTags>	
  </PawnKindDef>
 
  <!-- ============================ Yautja RRY_Security ========================== -->
  <PawnKindDef ParentName="RRY_YautjaCivBase">
    <defName>YautjaUnblooded_RRY</defName>
    <label>Unblooded Yautja</label>
    <combatPower>100</combatPower>
    <maxGenerationAge>20</maxGenerationAge>
    <backstoryFiltersOverride Inherit="false">
      <li>
        <categories>
          <li>RRY_Yautja_Unblooded</li>
        </categories>
      </li>
    </backstoryFiltersOverride>
    <gearHealthRange>
      <min>0.5</min>
      <max>1.8</max>
    </gearHealthRange>
    <apparelMoney>
      <min>1500</min>
      <max>3000</max>
    </apparelMoney>
    <apparelTags>
      <li>Yautja</li>
      <li>YautjaLightArmour</li>
	  <li>YautjaHunterArmour</li>
	  <li>YautjaHeavyArmour</li>
	  <li>YautjaGreaves</li>
      <li>YautjaBioMask</li>
    </apparelTags>
    <weaponMoney>
      <min>300</min>
      <max>1500</max>
    </weaponMoney>
    <weaponTags>
		<li>YautjaRanged</li>
		<li>YautjaMelee</li>	
    </weaponTags>
    <techHediffsMoney>
      <min>200</min>
      <max>500</max>
    </techHediffsMoney>
    <techHediffsTags>
      <li>Advanced</li>
    </techHediffsTags>
    <techHediffsChance>0.20</techHediffsChance>
    <invNutrition>2.55</invNutrition>
    <inventoryOptions>
      <skipChance>0.95</skipChance>
      <thingDef>Silver</thingDef>
      <countRange>
        <min>30</min>
        <max>100</max>
      </countRange>
    </inventoryOptions>
  </PawnKindDef>
  
  <!-- ============================ Yautja Military Base ========================== -->
  <PawnKindDef Name="RRY_YautjaMilBase" ParentName="RRY_YautjaBase" Abstract="True">
    <chemicalAddictionChance>0</chemicalAddictionChance>
    <isFighter>true</isFighter>
	<race>RRY_Alien_Yautja</race>
    <invNutrition>2.55</invNutrition>
    <itemQuality>Normal</itemQuality>
	<minGenerationAge>10</minGenerationAge>
    <maxGenerationAge>300</maxGenerationAge>
    <gearHealthRange>
      <min>0.7</min>
      <max>2.3</max>
    </gearHealthRange>
    <apparelTags>
      <li>Yautja</li>
      <li>YautjaArmour</li>
	  <li>YautjaGreaves</li>
      <li>YautjaHelmet</li>
    </apparelTags>
    <apparelMoney>
      <min>1500</min>
      <max>2800</max>
    </apparelMoney>
    <weaponMoney>
      <min>750</min>
      <max>1500</max>
    </weaponMoney>
    <weaponTags>
		<li>YautjaRanged</li>
		<li>YautjaMelee</li>
    </weaponTags>
    <techHediffsMoney>
      <min>1000</min>
      <max>1500</max>
    </techHediffsMoney>
    <inventoryOptions>
      <skipChance>0.8</skipChance>
      <subOptionsChooseOne>
        <li>
          <thingDef>Silver</thingDef>
          <countRange>
            <min>50</min>
            <max>200</max>
          </countRange>
        </li>
        <li>
          <thingDef>MedicineIndustrial</thingDef>
          <countRange>
            <min>1</min>
            <max>1</max>
          </countRange>
        </li>
      </subOptionsChooseOne>
    </inventoryOptions>
  </PawnKindDef>
  
  <!-- ============================ Yautja Military ========================== -->  
  <!-- ============================ Yautja ========================== -->
  <PawnKindDef Name="RRY_YautjaHunter" ParentName="RRY_YautjaMilBase" Abstract="True">
    <label>yautja hunter</label>
    <combatPower>100</combatPower>
    <backstoryFiltersOverride Inherit="false">
      <li>
        <categories>
          <li>RRY_Yautja_Hunter</li>
        </categories>
      </li>
    </backstoryFiltersOverride>
    <apparelTags>
	  <li>YautjaGreaves</li>
      <li>YautjaArmour</li>
      <li>YautjaHead</li>
    </apparelTags>
  </PawnKindDef>
  
  <!-- ============================ Young Blood ========================== -->
  <PawnKindDef ParentName="RRY_YautjaHunter">
    <defName>YautjaYoungBlood_RRY</defName>
    <label>Yautja Young Blood</label>
    <backstoryFiltersOverride Inherit="false">
      <li>
        <categories>
          <li>RRY_Yautja_YoungBlood</li>
        </categories>
      </li>
    </backstoryFiltersOverride>
    <weaponTags>
		<li>YautjaGun</li>
		<li>YautjaMelee</li>
    </weaponTags>
  </PawnKindDef>
  
    <!-- ============================ Blooded ========================== -->
  <PawnKindDef ParentName="RRY_YautjaHunter">
    <defName>YautjaBlooded_RRY</defName>
    <label>Yautja Blooded</label>
    <combatPower>120</combatPower>
    <minGenerationAge>20</minGenerationAge>
    <backstoryFiltersOverride Inherit="false">
      <li>
        <categories>
          <li>RRY_Yautja_Blooded</li>
        </categories>
      </li>
    </backstoryFiltersOverride>
    <weaponTags>
		<li>YautjaGun</li>
		<li>YautjaMelee</li>
    </weaponTags>
  </PawnKindDef>
  
    <!-- ============================ Elite ========================== -->
  <PawnKindDef ParentName="RRY_YautjaHunter">
    <defName>YautjaElite_RRY</defName>
    <label>Yautja Elite</label>
    <combatPower>160</combatPower>
    <minGenerationAge>60</minGenerationAge>
	<itemQuality>Excellent</itemQuality>
    <backstoryFiltersOverride Inherit="false">
      <li>
        <categories>
          <li>RRY_Yautja_Elite</li>
        </categories>
      </li>
    </backstoryFiltersOverride>
    <apparelTags Inherit="false">
		<li>YautjaEliteArmour</li>
		<li>YautjaEliteBioMask</li>
		<li>YautjaGreaves</li>
		<li>YautjaWristblade</li>
		<li>YautjaShoulderCannon</li>
	</apparelTags>
	<weaponTags>
		<li>YautjaGun</li>
		<li>YautjaMelee</li>
    </weaponTags>
  </PawnKindDef>

  <!-- ============================ Yautja Boss ========================== -->
  <PawnKindDef ParentName="RRY_YautjaMilBase">
     <defName>YautjaElder_RRY</defName>
    <label>Yautja Elder</label>
    <combatPower>200</combatPower>
    <minGenerationAge>300</minGenerationAge>
    <backstoryFiltersOverride Inherit="false">
      <li>
        <categories>
          <li>RRY_Yautja_Elder</li>
        </categories>
      </li>
    </backstoryFiltersOverride>
    <gearHealthRange>
      <min>0.8</min>
      <max>3.5</max>
    </gearHealthRange>
    <apparelMoney>
      <min>3000</min>
      <max>9000</max>
    </apparelMoney>
    <apparelTags>
      <li>Yautja</li>
      <li>YautjaArmour</li>
      <li>YautjaHelmet</li>
	  <li>YautjaEquipment</li>
    </apparelTags>
    <weaponMoney>
      <min>10000</min>
      <max>15500</max>
    </weaponMoney>
    <weaponTags>
		<li>YautjaRanged</li>
		<li>YautjaMelee</li>
    </weaponTags>
    <techHediffsMoney>
      <min>2000</min>
      <max>3000</max>
    </techHediffsMoney>
    <techHediffsTags>
      <li>Advanced</li>
    </techHediffsTags>
    <techHediffsChance>0.80</techHediffsChance>
    <combatEnhancingDrugsCount>
      <min>1</min>
      <max>2</max>
    </combatEnhancingDrugsCount>
    <combatEnhancingDrugsChance>0.1</combatEnhancingDrugsChance>
    <inventoryOptions>
      <skipChance>0.8</skipChance>
      <subOptionsChooseOne>
        <li>
          <thingDef>Silver</thingDef>
          <countRange>
            <min>120</min>
            <max>480</max>
          </countRange>
        </li>
        <li>
          <thingDef>MedicineIndustrial</thingDef>
          <countRange>
            <min>1</min>
            <max>2</max>
          </countRange>
        </li>
      </subOptionsChooseOne>
    </inventoryOptions>
  </PawnKindDef>

</Defs>
