<?xml version="1.0" encoding="utf-8" ?>
<Defs>

  <PawnKindDef Abstract="True" Name="BaseYautjaPawnKind">
    <race>RRY_Alien_Yautja</race>
    <combatPower>40</combatPower>
    <baseRecruitDifficulty>1.0</baseRecruitDifficulty>
    <isFighter>true</isFighter>
    <apparelIgnoreSeasons>true</apparelIgnoreSeasons>
    <forceNormalGearQuality>true</forceNormalGearQuality>
	    <lifeStages>
      <li>
        <bodyGraphicData>
          <drawSize>0.75</drawSize>
        </bodyGraphicData>
      </li>
      <li>
        <bodyGraphicData>
          <drawSize>1</drawSize>
        </bodyGraphicData>
      </li>
    </lifeStages>
    <backstoryFiltersOverride Inherit="false">
      <li>
        <categories>
          <li>RRY_Yautja_Standard</li>
        </categories>
      </li>
    </backstoryFiltersOverride>
	<modExtensions>
	  <li Class="AlienRace.Info">
		<allowHumanBios>false</allowHumanBios>
		<maleGenderProbability>0.75</maleGenderProbability>
	  </li>
	</modExtensions>
  </PawnKindDef>

  <PawnKindDef ParentName="BaseYautjaPawnKind">
    <defName>Colonist_RRY_Yautja</defName>
    <label>Yautja colonist</label>
    <defaultFactionType>RRY_Yautja_PlayerColony</defaultFactionType>
    <apparelTags>
		<li>YautjaGreaves</li>
		<li>YautjaWebbing</li>
    </apparelTags>
    <apparelMoney>
      <min>10000</min>
      <max>10000</max>
    </apparelMoney>
    <backstoryCryptosleepCommonality>1</backstoryCryptosleepCommonality>
  </PawnKindDef>
  
  <PawnKindDef ParentName="BaseYautjaPawnKind">
    <defName>Colonist_RRY_Yautja_Unblooded</defName>
    <label>Yautja colonist</label>
    <defaultFactionType>RRY_Yautja_PlayerUnblooded</defaultFactionType>
    <backstoryFiltersOverride Inherit="false">
      <li>
        <categories>
          <li>RRY_Yautja_Unblooded</li>
        </categories>
      </li>
    </backstoryFiltersOverride>
    <apparelTags>
		<li>YautjaLightArmour</li>
		<li>YautjaWebbing</li>
		<li>Neolithic</li>
    </apparelTags>
    <apparelMoney>
      <min>1000</min>
      <max>1000</max>
    </apparelMoney>
    <backstoryCryptosleepCommonality>1</backstoryCryptosleepCommonality>
  </PawnKindDef>
  
  <PawnKindDef ParentName="BaseYautjaPawnKind">
    <defName>Colonist_RRY_Yautja_Blooded</defName>
    <label>Yautja colonist</label>
    <defaultFactionType>RRY_Yautja_PlayerBlooded</defaultFactionType>
    <backstoryFiltersOverride Inherit="false">
      <li>
        <categories>
          <li>RRY_Yautja_Blooded</li>
        </categories>
      </li>
    </backstoryFiltersOverride>
    <apparelTags>
		<li>YautjaLightArmour</li>
		<li>YautjaArmour</li>
		<li>YautjaWebbing</li>
    </apparelTags>
    <apparelMoney>
      <min>10000</min>
      <max>10000</max>
    </apparelMoney>
    <backstoryCryptosleepCommonality>1</backstoryCryptosleepCommonality>
  </PawnKindDef>
  
  <PawnKindDef ParentName="BaseYautjaPawnKind">
    <defName>Colonist_RRY_Yautja_BadBlooded</defName>
    <label>Bad blood colonist</label>
    <defaultFactionType>RRY_Yautja_PlayerColony</defaultFactionType>
    <backstoryFiltersOverride Inherit="false">
      <li>
        <categories>
          <li>RRY_Yautja_BadBlood</li>
        </categories>
      </li>
    </backstoryFiltersOverride>
    <apparelTags>
		<li>YautjaGreaves</li>
		<li>YautjaWebbing</li>
    </apparelTags>
    <apparelMoney>
      <min>1000</min>
      <max>1000</max>
    </apparelMoney>
    <backstoryCryptosleepCommonality>1</backstoryCryptosleepCommonality>
  </PawnKindDef>
  
  <PawnKindDef ParentName="BaseYautjaPawnKind">
    <defName>Colonist_RRY_Yautja_Blooding</defName>
    <label>Yautja colonist</label>
    <defaultFactionType>RRY_Yautja_PlayerBlooding</defaultFactionType>
    <backstoryFiltersOverride Inherit="false">
      <li>
        <categories>
          <li>RRY_Yautja_Unblooded</li>
        </categories>
      </li>
    </backstoryFiltersOverride>
    <apparelTags>
		<li>YautjaGreaves</li>
		<li>YautjaWebbing</li>
		<li>YautjaApparel</li>
		<li>YautjaNormalArmour</li>
		<li>YautjaWristblade</li>
	</apparelTags>
    <apparelMoney>
      <min>1000</min>
      <max>10000</max>
    </apparelMoney>
    <backstoryCryptosleepCommonality>1</backstoryCryptosleepCommonality>
  </PawnKindDef>
  
</Defs>