﻿<?xml version="1.0" encoding="utf-8" ?>
<Defs>

  <PawnKindDef ParentName="BaseYautjaPawnKind">
    <defName>StrangerInBlackYautja_RRY</defName>
    <label>stranger in black</label>
    <labelMale>man in black</labelMale>
    <labelFemale>woman in black</labelFemale>
    <labelPlural>strangers in black</labelPlural>
    <combatPower>140</combatPower>
    <minGenerationAge>20</minGenerationAge>
    <maxGenerationAge>300</maxGenerationAge>
    <isFighter>true</isFighter>
    <race>RRY_Alien_Yautja</race>
    <chemicalAddictionChance>0.05</chemicalAddictionChance>
    <backstoryCryptosleepCommonality>0.05</backstoryCryptosleepCommonality>
    <invNutrition>10.0</invNutrition>
    <inventoryOptions>
      <subOptionsChooseOne>
        <li>
          <choiceChance>6</choiceChance>
          <thingDef>MedicineIndustrial</thingDef>
          <countRange>5</countRange>
        </li>
      </subOptionsChooseOne>
    </inventoryOptions>
    <gearHealthRange>
      <min>1</min>
      <max>1</max>
    </gearHealthRange>
    <itemQuality>Good</itemQuality>
    <weaponMoney>
      <min>1000</min>
      <max>5050</max>
    </weaponMoney>
    <weaponTags>
      <li>YautjaGun</li>
    </weaponTags>
	
    <apparelRequired>
      <li>RRY_Apparel_HunterLightArmourChestplate</li>
      <li>RRY_Apparel_HunterArmourGreaves</li>
      <li>RRY_Apparel_HunterVest</li>
		<li>RRY_Equipment_HunterGauntlet_TOGGLEDEF_RH</li>
    </apparelRequired>
	
    <apparelColor>(58,58,58)</apparelColor>
  </PawnKindDef>

</Defs>
