﻿<?xml version="1.0" encoding="utf-8" ?>
<Defs>

  <LifeStageDef>
    <defName>RRY_NeomorphBloodBursterBaby</defName>
    <label>newborn</label>
    <bodySizeFactor>0.2</bodySizeFactor>
	<foodMaxFactor>5</foodMaxFactor>
	<healthScaleFactor>1</healthScaleFactor>
    <hungerRateFactor>5.0</hungerRateFactor>
    <marketValueFactor>0.5</marketValueFactor>
    <meleeDamageFactor>0.5</meleeDamageFactor>
    <statFactors>
      <MoveSpeed>2</MoveSpeed>
      <EatingSpeed>0.25</EatingSpeed>
    </statFactors>
  </LifeStageDef>

  <LifeStageDef>
    <defName>RRY_NeomorphBloodBursterBig</defName>
    <label>shedling</label>
    <bodySizeFactor>0.32</bodySizeFactor>
	<foodMaxFactor>4</foodMaxFactor>
	<healthScaleFactor>1</healthScaleFactor>
    <hungerRateFactor>4.0</hungerRateFactor>
    <marketValueFactor>0.7</marketValueFactor>
    <meleeDamageFactor>0.6</meleeDamageFactor>
    <statFactors>
      <MoveSpeed>2</MoveSpeed>
      <EatingSpeed>0.25</EatingSpeed>
    </statFactors>
  </LifeStageDef>

  <LifeStageDef>
    <defName>RRY_NeomorphFormedBaby</defName>
    <label>young</label>
    <bodySizeFactor>0.5</bodySizeFactor>
	<foodMaxFactor>3</foodMaxFactor>
    <healthScaleFactor>1</healthScaleFactor>
    <hungerRateFactor>3.0</hungerRateFactor>
    <marketValueFactor>0.9</marketValueFactor>
    <meleeDamageFactor>0.7</meleeDamageFactor>
    <statFactors>
      <MoveSpeed>0.65</MoveSpeed>
      <EatingSpeed>0.25</EatingSpeed>
    </statFactors>
  </LifeStageDef>

  <LifeStageDef>
    <defName>RRY_NeomorphFormedMid</defName>
    <label>adolecant</label>
    <adjective>teenage</adjective>
    <bodySizeFactor>0.85</bodySizeFactor>
	<foodMaxFactor>2</foodMaxFactor>
    <healthScaleFactor>1</healthScaleFactor>
    <hungerRateFactor>2.0</hungerRateFactor>
    <meleeDamageFactor>0.75</meleeDamageFactor>
    <statFactors>
      <MoveSpeed>0.95</MoveSpeed>
      <EatingSpeed>0.5</EatingSpeed>
    </statFactors>
  </LifeStageDef>
  
  <LifeStageDef>
    <defName>RRY_NeomorphFullyFormed</defName>
    <label>adult</label>
    <visible>false</visible>
    <reproductive>false</reproductive>
	<foodMaxFactor>1</foodMaxFactor>
    <hungerRateFactor>1.50</hungerRateFactor>
    <milkable>false</milkable>
  </LifeStageDef>

</Defs>
