﻿<?xml version="1.0" encoding="utf-8" ?>
<Defs>

  <LifeStageDef>
    <defName>RRY_XFacehuggerFullyFormed</defName>
    <label>fully-formed</label>
    <visible>false</visible>
  </LifeStageDef>

  <LifeStageDef>
    <defName>RRY_XenomorphChestBursterBaby</defName>
    <label>newborn</label>
    <bodySizeFactor>0.2</bodySizeFactor>
		<foodMaxFactor>1.5</foodMaxFactor>
		<healthScaleFactor>1</healthScaleFactor>
    <hungerRateFactor>0.0</hungerRateFactor>
    <marketValueFactor>0.5</marketValueFactor>
    <meleeDamageFactor>0.5</meleeDamageFactor>
    <statFactors>
      <MoveSpeed>2</MoveSpeed>
    </statFactors>
  </LifeStageDef>

  <LifeStageDef>
    <defName>RRY_XenomorphChestBursterBig</defName>
    <label>shedling</label>
    <bodySizeFactor>0.32</bodySizeFactor>
		<foodMaxFactor>1.5</foodMaxFactor>
		<healthScaleFactor>1</healthScaleFactor>
    <hungerRateFactor>0.4</hungerRateFactor>
    <marketValueFactor>0.7</marketValueFactor>
    <meleeDamageFactor>0.6</meleeDamageFactor>
    <statFactors>
      <MoveSpeed>2</MoveSpeed>
    </statFactors>
  </LifeStageDef>

  <LifeStageDef>
    <defName>RRY_XenomorphFormedBaby</defName>
    <label>young</label>
    <bodySizeFactor>0.5</bodySizeFactor>
    <healthScaleFactor>1</healthScaleFactor>
    <hungerRateFactor>0.6</hungerRateFactor>
    <marketValueFactor>0.9</marketValueFactor>
    <meleeDamageFactor>0.7</meleeDamageFactor>
    <statFactors>
      <MoveSpeed>0.65</MoveSpeed>
    </statFactors>
  </LifeStageDef>

  <LifeStageDef>
    <defName>RRY_XenomorphFormedMid</defName>
    <label>adolecant</label>
    <adjective>teenage</adjective>
    <reproductive>true</reproductive>
    <bodySizeFactor>0.85</bodySizeFactor>
    <healthScaleFactor>1</healthScaleFactor>
    <meleeDamageFactor>0.75</meleeDamageFactor>
    <statFactors>
      <MoveSpeed>0.95</MoveSpeed>
    </statFactors>
  </LifeStageDef>
  
  <LifeStageDef>
    <defName>RRY_XenomorphFullyFormed</defName>
    <label>adult</label>
    <visible>false</visible>
    <reproductive>true</reproductive>
    <milkable>true</milkable>
  </LifeStageDef>

</Defs>
