﻿<?xml version="1.0" encoding="utf-8" ?>
<Defs>

  <LifeStageDef>
    <defName>RRY_Yautja_Baby</defName>
    <label>baby</label>
    <bodySizeFactor>0.2</bodySizeFactor>
		<foodMaxFactor>1.5</foodMaxFactor>
		<healthScaleFactor>0.2</healthScaleFactor>
    <hungerRateFactor>0.2</hungerRateFactor>
    <marketValueFactor>0.5</marketValueFactor>
    <meleeDamageFactor>0.5</meleeDamageFactor>
    <statFactors>
      <MoveSpeed>0.2</MoveSpeed>
    </statFactors>
  </LifeStageDef>

  <LifeStageDef>
    <defName>RRY_Yautja_Toddler</defName>
    <label>toddler</label>
    <bodySizeFactor>0.32</bodySizeFactor>
		<foodMaxFactor>1.5</foodMaxFactor>
		<healthScaleFactor>0.4</healthScaleFactor>
    <hungerRateFactor>0.4</hungerRateFactor>
    <marketValueFactor>0.7</marketValueFactor>
    <meleeDamageFactor>0.6</meleeDamageFactor>
    <statFactors>
      <MoveSpeed>0.3</MoveSpeed>
    </statFactors>
  </LifeStageDef>

  <LifeStageDef>
    <defName>RRY_Yautja_Child</defName>
    <label>child</label>
    <bodySizeFactor>0.5</bodySizeFactor>
    <healthScaleFactor>0.5</healthScaleFactor>
    <hungerRateFactor>0.6</hungerRateFactor>
    <marketValueFactor>0.9</marketValueFactor>
    <meleeDamageFactor>0.7</meleeDamageFactor>
    <statFactors>
      <MoveSpeed>0.65</MoveSpeed>
    </statFactors>
  </LifeStageDef>

  <LifeStageDef>
    <defName>RRY_Yautja_Teenager</defName>
    <label>teenager</label>
    <adjective>teenage</adjective>
    <reproductive>true</reproductive>
    <bodySizeFactor>0.85</bodySizeFactor>
    <healthScaleFactor>0.90</healthScaleFactor>
    <meleeDamageFactor>0.75</meleeDamageFactor>
    <statFactors>
      <MoveSpeed>0.95</MoveSpeed>
    </statFactors>
  </LifeStageDef>
  
  <LifeStageDef>
    <defName>RRY_Yautja_Adult</defName>
    <label>adult</label>
    <visible>false</visible>
    <reproductive>true</reproductive>
  </LifeStageDef>

</Defs>
