<?xml version="1.0" encoding="utf-8"?>
<Defs>
<!-- ================================ Yautja - Childhood ================================ -->
<!-- ================================ Yautja - Unblooded ================================ -->
  <AlienRace.BackstoryDef>
    <defName>RRY_Yautja_Unblooded</defName>
    <title>Unblooded</title>
    <baseDescription>[PAWN_nameDef] is an Unblooded, the un-refined hunters of the future, Unblooded [PAWN_alienRace] are young predators who haven't completed basic training. They are, or are close to, physically mature adults.
	</baseDescription>

    <bodyTypeMale>Male</bodyTypeMale>
    <bodyTypeFemale>Female</bodyTypeFemale>
	<slot>Childhood</slot>
    <workDisables>
	
    </workDisables>
	<disallowedTraits>
		<li>
			<defName>Wimp</defName>
		</li>	
    </disallowedTraits>
    <skillGains>
      <li>
        <defName>Shooting</defName>
        <amount>2</amount>
      </li>
      <li>
        <defName>Melee</defName>
        <amount>2</amount>
      </li>
      <li>
        <defName>Cooking</defName>
        <amount>1</amount>
      </li>
      <li>
        <defName>Plants</defName>
        <amount>1</amount>
      </li>
      <li>
        <defName>Animals</defName>
        <amount>1</amount>
      </li>
      <li>
        <defName>Medicine</defName>
        <amount>1</amount>
      </li>
      
    </skillGains>
	<forcedHediffs>
       
    </forcedHediffs>
    <spawnCategories>
      <li>RRY_Yautja_Standard</li>
      <li>RRY_Yautja_Unblooded</li>
      <li>RRY_Yautja_BadBlood</li>
      <li>RRY_Yautja_Blooded</li>
      <li>RRY_Yautja_Adult</li>
      <li>RRY_Yautja_Hunter</li>
      <li>RRY_Yautja_YoungBlood</li>
      <li>RRY_Yautja_Unblooded</li>
      <li>RRY_Yautja_Ancient</li>
      <li>RRY_Yautja_Elder</li>
      <li>RRY_Yautja_Elite</li>
    </spawnCategories>
  </AlienRace.BackstoryDef>

<!-- ================================ Yautja - Gutter Pup ================================ -->
  
  <AlienRace.BackstoryDef>
    <defName>RRY_Yautja_Unblooded_GutterPup</defName>
    <title>Unblooded Gutter Pup</title>
    <baseDescription>[PAWN_nameDef] is part of the trash of [PAWN_possessive] race. Growing in the low pits is no easy task. You have to toughen yourself and learn to survive on nothing. [PAWN_pronoun] learned to get the maximum out of nothing, moving during the night to not be caught.</baseDescription>

    <bodyTypeMale>Male</bodyTypeMale>
    <bodyTypeFemale>Female</bodyTypeFemale>
	<slot>Childhood</slot>
    <workDisables>
	
    </workDisables>
	<forcedTraits>
		<li>
			<defName>Tough</defName>
			<chance>50</chance>
		</li>
		<li>
			<defName>Undergrounder</defName>
			<chance>35</chance>
		</li>
	</forcedTraits>	
	<disallowedTraits>
		<li>
			<defName>Immunity</defName>
			<degree>-1</degree>
		</li>	
    </disallowedTraits>
    
	<skillGains>
      <li>
        <defName>Melee</defName>
        <amount>2</amount>
      </li>
      <li>
        <defName>Cooking</defName>
        <amount>2</amount>
      </li>
     <li>
        <defName>Crafting</defName>
        <amount>3</amount>
      </li>
      <li>
        <defName>Medicine</defName>
        <amount>1</amount>
      </li>
      
    </skillGains>
	<forcedHediffs>
       
    </forcedHediffs>
    <spawnCategories>
      <li>RRY_Yautja_Standard</li>
      <li>RRY_Yautja_Unblooded</li>
      <li>RRY_Yautja_BadBlood</li>
      <li>RRY_Yautja_Blooded</li>
      <li>RRY_Yautja_Adult</li>
      <li>RRY_Yautja_Hunter</li>
      <li>RRY_Yautja_YoungBlood</li>
      <li>RRY_Yautja_Ancient</li>
      <li>RRY_Yautja_Elder</li>
      <li>RRY_Yautja_Elite</li>
    </spawnCategories>
  </AlienRace.BackstoryDef>

<!-- ================================ Yautja - Highborn ================================ -->
  
  <AlienRace.BackstoryDef>
    <defName>RRY_Yautja_Unblooded_Highborn</defName>
    <title>Unblooded Highborn</title>
    <baseDescription>[PAWN_nameDef] is the child of one of the most prolific hunters of the Clan. [PAWN_possessive] mother raised [PAWN_objective] that [PAWN_pronoun] is gonna be the next Clan Leader.</baseDescription>

    <bodyTypeMale>Male</bodyTypeMale>
    <bodyTypeFemale>Female</bodyTypeFemale>
	<slot>Childhood</slot>
    <workDisables>
	
    </workDisables>
	<disallowedTraits>
			
    </disallowedTraits>
    <skillGains>
		<li>
			<defName>Shooting</defName>
			<amount>3</amount>
		</li>
		<li>
			<defName>Social</defName>
			<amount>4</amount>
		</li>
		<li>
        <defName>Intellectual</defName>
        <amount>3</amount>
      </li>
    </skillGains>
	<forcedHediffs>
       
    </forcedHediffs>
    <spawnCategories>
      <li>RRY_Yautja_Standard</li>
      <li>RRY_Yautja_Unblooded</li>
      <li>RRY_Yautja_BadBlood</li>
      <li>RRY_Yautja_Blooded</li>
      <li>RRY_Yautja_Adult</li>
      <li>RRY_Yautja_Hunter</li>
      <li>RRY_Yautja_YoungBlood</li>
      <li>RRY_Yautja_Ancient</li>
      <li>RRY_Yautja_Elder</li>
      <li>RRY_Yautja_Elite</li>
    </spawnCategories>
  </AlienRace.BackstoryDef>

<!-- ================================ Yautja - Adulthood ================================ -->

<!-- ================================ Yautja - Young Blood ================================ -->
  
  <AlienRace.BackstoryDef>
    <defName>RRY_Yautja_YoungBlood</defName>
    <title>Young blood</title>
    <baseDescription>[PAWN_nameDef] is a Young adult [PAWN_alienRace] who yet to be seen as "true hunters" in the eyes of [PAWN_possessive] clanmates. These hunters are refined enough to overpower a skilled human fighter, however their skill against a Xenomorph varies. Once they kill one, [PAWN_alienRace] mark themselves with Xenomorph blood, completing their initiation into Adulthood.</baseDescription>
    <bodyTypeMale>Male</bodyTypeMale>
    <bodyTypeFemale>Female</bodyTypeFemale>
	<slot>Adulthood</slot>
    <maleCommonality>150</maleCommonality>
    <femaleCommonality>150</femaleCommonality>
    
	<workDisables>
	</workDisables>
	
	<disallowedTraits>
	</disallowedTraits>
    
	<skillGains>
		<li>
			<defName>Melee</defName>
			<amount>2</amount>
		</li>
		<li>
			<defName>Crafting</defName>
			<amount>2</amount>
		</li>
    </skillGains>
	<forcedHediffs>
    </forcedHediffs>
    <spawnCategories>
      <li>RRY_Yautja_Standard</li>
      <li>RRY_Yautja_Adult</li>
      <li>RRY_Yautja_Hunter</li>
      <li>RRY_Yautja_YoungBlood</li>
      <li>RRY_Yautja_Unblooded</li>
    </spawnCategories>
  </AlienRace.BackstoryDef>

<!-- ================================ Yautja - Blooded ================================ -->

  <AlienRace.BackstoryDef>
    <defName>RRY_Yautja_Blooded</defName>
    <title>Blooded Hunter</title>
    <titleShort>Blooded</titleShort>
	
    <baseDescription>[PAWN_nameDef] is Blooded. These [PAWN_alienRace] have successfully killed their first Xenomorph and given this broad title. Once a [PAWN_alienRace] is blooded, [PAWN_possessive] clan will take notice of [PAWN_objective].</baseDescription>
    <bodyTypeMale>Male</bodyTypeMale>
    <bodyTypeFemale>Female</bodyTypeFemale>
    <slot>Adulthood</slot>
    <workDisables>
    </workDisables>
    <skillGains>
      <li>
        <defName>Shooting</defName>
        <amount>4</amount>
      </li>
	  <li>
        <defName>Melee</defName>
        <amount>4</amount>
      </li>
      <li>
        <defName>Social</defName>
        <amount>-1</amount>
      </li>
    </skillGains>
    <spawnCategories>
      <li>RRY_Yautja_Standard</li>
      <li>RRY_Yautja_Adult</li>
      <li>RRY_Yautja_Hunter</li>
      <li>RRY_Yautja_Blooded</li>
    </spawnCategories>
  </AlienRace.BackstoryDef>
  
<!-- ================================ Yautja - Elite ================================ -->
  <AlienRace.BackstoryDef>
    <defName>RRY_Yautja_Elite</defName>
    <title>Yautja Elite</title>
    <titleShort>Elite</titleShort>
	
    <baseDescription>[PAWN_nameDef] is a [PAWN_alienRace] Elite, these encompass the more dangerous of the [PAWN_alienRace] race. They have the skill to take on several Xenomorph at once, including large, dangerous castes such as Praetorians, Predaliens and even Queens. Elites seem to take on some of the more nuanced, lengthy, and taxing problems and missions in the [PAWN_alienRace] world.</baseDescription>
    <bodyTypeMale>Male</bodyTypeMale>
    <bodyTypeFemale>Female</bodyTypeFemale>
    <slot>Adulthood</slot>
    <workDisables>
    </workDisables>
    <skillGains>
      <li>
        <defName>Shooting</defName>
        <amount>7</amount>
      </li>
      <li>
        <defName>Melee</defName>
        <amount>6</amount>
      </li>
      <li>
        <defName>Social</defName>
        <amount>-4</amount>
      </li>
    </skillGains>
    <spawnCategories>
      <li>RRY_Yautja_Standard</li>
      <li>RRY_Yautja_Adult</li>
      <li>RRY_Yautja_Hunter</li>
      <li>RRY_Yautja_Elite</li>
      <li>RRY_Yautja_Blooded</li>
    </spawnCategories>
  </AlienRace.BackstoryDef>
  
<!-- ================================ Yautja - Elder ================================ -->
  <AlienRace.BackstoryDef>
    <defName>RRY_Yautja_Elder</defName>
    <title>Yautja Elder</title>
    <titleShort>Elder</titleShort>
	
    <baseDescription>[PAWN_nameDef] is a [PAWN_alienRace] Elder, these [PAWN_alienRace] warriors who have distinguished themselves in battle or by their leadership. It can be assumed that they are skilled in the way of the [PAWN_alienRace] hunter. They have notably more dreadlocks, and have small horns on the top of their heads.</baseDescription>
    <bodyTypeGlobal>Male</bodyTypeGlobal>
    <bodyTypeMale>Male</bodyTypeMale>
    <bodyTypeFemale>Female</bodyTypeFemale>
    <slot>Adulthood</slot>
    <bioAgeRange>
        <min>300</min>
        <max>1000</max>
    </bioAgeRange>
    <workDisables>
    </workDisables>
    <skillGains>
      <li>
        <defName>Shooting</defName>
        <amount>5</amount>
      </li>
      <li>
        <defName>Melee</defName>
        <amount>4</amount>
      </li>
      <li>
        <defName>Social</defName>
        <amount>3</amount>
      </li>
    </skillGains>
    <spawnCategories>
      <li>RRY_Yautja_Standard</li>
      <li>RRY_Yautja_Adult</li>
      <li>RRY_Yautja_Hunter</li>
      <li>RRY_Yautja_Elder</li>
      <li>RRY_Yautja_Blooded</li>
    </spawnCategories>
  </AlienRace.BackstoryDef>
  
<!-- ================================ Yautja - Ancient ================================ -->
  <AlienRace.BackstoryDef>
    <defName>RRY_Yautja_Ancient</defName>
    <title>Yautja Ancient</title>
    <titleShort>Ancient</titleShort>
	
    <baseDescription>[PAWN_nameDef] is an Ancient, these [PAWN_alienRace] differ from an Elder in not only in age, but status. Though too old to participate (still considerably more formidable than humans) in Hunts or battles, Ancients are referred to for counsel and wisdom gathered from their many years of life.</baseDescription>
    <bodyTypeGlobal>Male</bodyTypeGlobal>
    <bodyTypeMale>Male</bodyTypeMale>
    <bodyTypeFemale>Female</bodyTypeFemale>
    <slot>Adulthood</slot>
    <workDisables>
    </workDisables>
    <skillGains>
      <li>
        <defName>Shooting</defName>
        <amount>6</amount>
      </li>
      <li>
        <defName>Melee</defName>
        <amount>5</amount>
      </li>
	  <li>
        <defName>Social</defName>
        <amount>1</amount>
      </li>
    </skillGains>
    <spawnCategories>
      <li>RRY_Yautja_Standard</li>
      <li>RRY_Yautja_Adult</li>
      <li>RRY_Yautja_Ancient</li>
      <li>RRY_Yautja_Blooded</li>
    </spawnCategories>
  </AlienRace.BackstoryDef>
  
  <!-- ================================ Yautja - Houndmaster ================================ -->
  <AlienRace.BackstoryDef>
    <defName>RRY_Yautja_Houndmaster</defName>
    <title>Houndmaster</title>
    <titleShort>Houndmaster</titleShort>
	<baseDescription>[PAWN_nameDef] spent [PAWN_possessive] Blooded life hounding animals and learning how to control them. Instead of outright hunt [PAWN_possessive] targets, [PAWN_nameDef] will prefer to flush them using animals.</baseDescription>
    <bodyTypeGlobal>Male</bodyTypeGlobal>
    <bodyTypeMale>Male</bodyTypeMale>
    <bodyTypeFemale>Female</bodyTypeFemale>
    <slot>Adulthood</slot>
    <bioAgeRange>
        <min>300</min>
        <max>1000</max>
    </bioAgeRange>
    <workDisables>
    </workDisables>
    <skillGains>
    <li>
        <defName>Shooting</defName>
        <amount>4</amount>
    </li>
   <li>
        <defName>Animals</defName>
        <amount>6</amount>
    </li>
	<li>
		<defName>Plants</defName>
		<amount>2</amount>
	</li>
    </skillGains>
    <spawnCategories>
      <li>RRY_Yautja_Standard</li>
      <li>RRY_Yautja_Adult</li>
      <li>RRY_Yautja_Hunter</li>
      <li>RRY_Yautja_Elder</li>
      <li>RRY_Yautja_Blooded</li>
    </spawnCategories>
  </AlienRace.BackstoryDef>
  
    <!-- ================================ Yautja - Pit Fighter ================================ -->
  
  <AlienRace.BackstoryDef>
    <defName>RRY_Yautja_PitChampion</defName>
    <title>Pit Fighter</title>
    <titleShort>Fighter</titleShort>
	
    <baseDescription>In [PAWN_alienRace] culture, you can either be chosen to go hunt or challenge someone for its place on a hunt in a pit fight. [PAWN_nameDef] always fought [PAWN_possessive] way to the hunts. [PAWN_pronoun] may not have been the smartest, but [PAWN_pronoun] never lost in the pit.</baseDescription>
    <bodyTypeMale>Male</bodyTypeMale>
    <bodyTypeFemale>Female</bodyTypeFemale>
    <slot>Adulthood</slot>
    <workDisables>
		<li>Intellectual</li>
	</workDisables>
	<forcedTraits>
		<li>
			<defName>Bloodlust</defName>
			<chance>30</chance>
		</li>
		<li>
			<defName>Tough</defName>
			<chance>50</chance>
		</li>
		<li>
			<defName>Brawler</defName>
			<chance>50</chance>
		</li>
	</forcedTraits>	
    <skillGains>
    <li>
        <defName>Melee</defName>
        <amount>9</amount>
    </li>
      
    </skillGains>
    <spawnCategories>
      <li>RRY_Yautja_Standard</li>
      <li>RRY_Yautja_Adult</li>
      <li>RRY_Yautja_Hunter</li>
      <li>RRY_Yautja_Elder</li>
      <li>RRY_Yautja_Blooded</li>
    </spawnCategories>
  </AlienRace.BackstoryDef>
  
      <!-- ================================ Yautja - ETA ================================ -->
  
  <AlienRace.BackstoryDef>
    <defName>RRY_Yautja_ETA</defName>
    <title>ETA</title>
    <titleShort>ETA</titleShort>
	
    <baseDescription>The untouchables of the [PAWN_alienRace]. Mostly they are the lame or the crippled, who are unable (or too cowardly) to join the hunt. Instead, they serve as slaves and do menial jobs for the hunters. They are ridiculed and humiliated on a daily basis by the other [PAWN_alienRace].</baseDescription>
    <bodyTypeMale>Male</bodyTypeMale>
    <bodyTypeFemale>Female</bodyTypeFemale>
    <slot>Adulthood</slot>
    <workDisables>
		<li>Violent</li>
	</workDisables>
	<forcedTraits>
		<li>
			<defName>Industriousness</defName>
			<degree>1</degree>
			<chance>30</chance>
		</li>
		<li>
			<defName>Industriousness</defName>
			<degree>2</degree>
			<chance>15</chance>
		</li>
		<li>
			<defName>Wimp</defName>
			<chance>45</chance>
		</li>
		
	</forcedTraits>
    <skillGains>
        <li>
			<defName>Crafting</defName>
			<amount>2</amount>
		</li>
		<li>
			<defName>Mining</defName>
			<amount>4</amount>
		</li>
		<li>
			<defName>Plants</defName>
			<amount>3</amount>
		</li>
		<li>
			<defName>Artistic</defName>
			<amount>2</amount>
		</li>
    </skillGains>
    <spawnCategories>
      <li>RRY_Yautja_Standard</li>
      <li>RRY_Yautja_Adult</li>
      <li>RRY_Yautja_Hunter</li>
      <li>RRY_Yautja_Elder</li>
      <li>RRY_Yautja_Blooded</li>
    </spawnCategories>
  </AlienRace.BackstoryDef>
  
        <!-- ================================ Yautja - Smith ================================ -->
  
  <AlienRace.BackstoryDef>
    <defName>RRY_Yautja_BlackSmith</defName>
    <title>Black Smith</title>
    <titleShort>Smith</titleShort>
	
    <baseDescription>Hunters are nothing without their tools. [PAWN_nameDef] is one of those rare [PAWN_alienRace] who create those tools. [PAWN_pronoun] takes pride in [PAWN_possessive] work and the other Hunters give [PAWN_objective] respect for it.</baseDescription>
    <bodyTypeMale>Male</bodyTypeMale>
    <bodyTypeFemale>Female</bodyTypeFemale>
    <slot>Adulthood</slot>
    <workDisables>
		
	</workDisables>
	<forcedTraits>
		<li>
			<defName>Industriousness</defName>
			<degree>1</degree>
			<chance>30</chance>
		</li>
		<li>
			<defName>Industriousness</defName>
			<degree>2</degree>
			<chance>15</chance>
		</li>
		<li>
			<defName>Neurotic</defName>
			<degree>1</degree>
			<chance>45</chance>
		</li>
		<li>
			<defName>Neurotic</defName>
			<degree>2</degree>
			<chance>20</chance>
		</li>
	</forcedTraits>
    <skillGains>
    <li>
        <defName>Shooting</defName>
        <amount>3</amount>
    </li>
    <li>
        <defName>Crafting</defName>
        <amount>5</amount>
    </li>
	<li>
        <defName>Intellectual</defName>
        <amount>3</amount>
    </li>
	<li>
        <defName>Artistic</defName>
        <amount>1</amount>
    </li>
    </skillGains>
    <spawnCategories>
      <li>RRY_Yautja_Standard</li>
      <li>RRY_Yautja_Adult</li>
      <li>RRY_Yautja_Hunter</li>
      <li>RRY_Yautja_Elder</li>
      <li>RRY_Yautja_Blooded</li>
    </spawnCategories>
  </AlienRace.BackstoryDef>
  
   <!-- ================================ Yautja - Widow ================================ -->
  
  <AlienRace.BackstoryDef>
    <defName>RRY_Yautja_Widow</defName>
    <title>Widow</title>
    <titleShort>Widow</titleShort>
	<baseDescription>[PAWN_nameDef] lost [PAWN_possessive] mate. [PAWN_pronoun] chose the best, raised [PAWN_objective] mate's Suckling. All [PAWN_pronoun] got for it is pain. The grief process was long and arduous. Many [PAWN_alienRace] become crazy after this. [PAWN_nameDef] swore vengeance and now hunts as brutally, if not more so, than the other Hunters.</baseDescription>
    <bodyTypeFemale>Female</bodyTypeFemale>
	<bodyTypeMale>Male</bodyTypeMale>
	<maleCommonality>0</maleCommonality>
    <femaleCommonality>100</femaleCommonality>
    <slot>Adulthood</slot>
    <workDisables>
		
	</workDisables>
	<forcedTraits>
		<li>
			<defName>Bloodlust</defName>
			<chance>60</chance>
		</li>
		<li>
			<defName>Industriousness</defName>
			<degree>2</degree>
			<chance>15</chance>
		</li>
		<li>
			<defName>Neurotic</defName>
			<degree>1</degree>
			<chance>45</chance>
		</li>
		
	</forcedTraits>
    <skillGains>
    <li>
        <defName>Shooting</defName>
        <amount>6</amount>
    </li>
    <li>
		<defName>Melee</defName>
		<amount>6</amount>
	</li>	
	<li>
        <defName>Crafting</defName>
        <amount>5</amount>
    </li>
	<li>
        <defName>Artistic</defName>
        <amount>4</amount>
    </li>
    </skillGains>
    <spawnCategories>
      <li>RRY_Yautja_Standard</li>
      <li>RRY_Yautja_Adult</li>
      <li>RRY_Yautja_Hunter</li>
      <li>RRY_Yautja_Elder</li>
      <li>RRY_Yautja_Blooded</li>
    </spawnCategories>
  </AlienRace.BackstoryDef>
  
  <!-- ================================ Yautja - Survivor ================================ -->
  
 <AlienRace.BackstoryDef>
    <defName>RRY_Yautja_Survivor</defName>
    <title>Blooded Survivor</title>
    <titleShort>Survivor</titleShort>
	
    <baseDescription>[PAWN_nameDef] was sent to a distant planet with [PAWN_possessive] clan members for a hunt, but after the ship crash landed, [PAWN_pronoun] was the only Yautja left alive and had to find a way to survive until [PAWN_pronoun] could get the ship's communications systems back up and running.</baseDescription>
    <bodyTypeMale>Male</bodyTypeMale>
    <bodyTypeFemale>Female</bodyTypeFemale>
    <slot>Adulthood</slot>
    <workDisables>
		
	</workDisables>
	<forcedTraits>
		<li>
			<defName>Industriousness</defName>
			<degree>1</degree>
			<chance>15</chance>
		</li>
		<li>
			<defName>Industriousness</defName>
			<degree>2</degree>
			<chance>5</chance>
		</li>
		<li>
			<defName>Neurotic</defName>
			<degree>1</degree>
			<chance>25</chance>
		</li>
		<li>
			<defName>Neurotic</defName>
			<degree>2</degree>
			<chance>10</chance>
		</li>
	</forcedTraits>
    <skillGains>
    <li>
        <defName>Cooking</defName>
        <amount>3</amount>
    </li>
    <li>
        <defName>Crafting</defName>
        <amount>3</amount>
    </li>
	<li>
        <defName>Intellectual</defName>
        <amount>2</amount>
    </li>
	<li>
        <defName>Medicine</defName>
        <amount>2</amount>
    </li>
    </skillGains>
	<!--<forcedHediffs>
		<li>Misc</li>
    </forcedHediffs>-->
    <spawnCategories>
      <li>RRY_Yautja_Standard</li>
      <li>RRY_Yautja_Adult</li>
      <li>RRY_Yautja_Hunter</li>
      <li>RRY_Yautja_Elder</li>
      <li>RRY_Yautja_Blooded</li>
    </spawnCategories>
  </AlienRace.BackstoryDef>
  
  <!-- ================================ Yautja - Bad Blood ================================ -->
  
  <AlienRace.BackstoryDef>
    <defName>RRY_Yautja_BadBloodA</defName>
    <title>Bad Blood</title>
    <titleShort>Bad Blood</titleShort>
	
    <baseDescription>[PAWN_nameDef] is a true Bad Blood and is seen as a more hostile and "mentally unstable" [PAWN_alienRace]. This sadistic hunter still uses skills taught to [PAWN_possessive] by their brothers, but use them dishonorably and purely for their own personal gain, there can be no forgiveness according to [PAWN_alienRace] tradition. Other [PAWN_alienRace] are allowed to eliminate the outcast on sight.</baseDescription>
    <bodyTypeMale>Male</bodyTypeMale>
    <bodyTypeFemale>Female</bodyTypeFemale>
    <slot>Adulthood</slot>
    <workDisables>
    </workDisables>
	<forcedTraits>
		<li>
			<defName>Bloodlust</defName>
			<chance>70</chance>
		</li>
		<li>
			<defName>Neurotic</defName>
			<degree>1</degree>
			<chance>50</chance>
		</li>
		<li>
			<defName>Neurotic</defName>
			<degree>2</degree>
			<chance>30</chance>
		</li>
		<li>
			<defName>Cannibal</defName>
			<chance>35</chance>
		</li>
		<li>
			<defName>Nerves</defName>
			<degree>-2</degree>
			<chance>30</chance>
		</li>
		<li>
			<defName>Nerves</defName>
			<degree>-1</degree>
			<chance>50</chance>
		</li>
	</forcedTraits>	
    <skillGains>
      <li>
        <defName>Shooting</defName>
        <amount>4</amount>
      </li>
	  <li>
        <defName>Melee</defName>
        <amount>6</amount>
      </li>
      <li>
        <defName>Social</defName>
        <amount>-5</amount>
      </li>
    </skillGains>
    <spawnCategories>
      <li>RRY_Yautja_BadBlood</li>
    </spawnCategories>
  </AlienRace.BackstoryDef>
 
 <!-- ================================ Yautja - Exile ================================ -->
  <AlienRace.BackstoryDef>
    <defName>RRY_Yautja_BadBloodB</defName>
    <title>Exile</title>
    <titleShort>Exile</titleShort>
	
    <baseDescription>[PAWN_nameDef] is an Exiled, although less hostile and "mentally unstable" than those [PAWN_alienRace] usually considered Bad Bloods. [PAWN_pronoun] brought dishonor to his people and fled before accepting punishment, there can be no forgiveness according to [PAWN_alienRace] tradition. Other [PAWN_alienRace] are allowed to eliminate the outcast on sight.</baseDescription>
    <bodyTypeMale>Male</bodyTypeMale>
    <bodyTypeFemale>Female</bodyTypeFemale>
    <slot>Adulthood</slot>
    <workDisables>
    </workDisables>
	<forcedTraits>
		<li>
			<defName>Neurotic</defName>
			<degree>1</degree>
			<chance>30</chance>
		</li>
		<li>
			<defName>Neurotic</defName>
			<degree>2</degree>
			<chance>10</chance>
		</li>
		<li>
			<defName>Nerves</defName>
			<degree>-1</degree>
			<chance>25</chance>
		</li>
		<li>
			<defName>Nerves</defName>
			<degree>-2</degree>
			<chance>10</chance>
		</li>
		<li>
			<defName>Cannibal</defName>
			<chance>40</chance>
		</li>
		<li>
			<defName>Bloodlust</defName>
			<chance>40</chance>
		</li>
	</forcedTraits>
    <skillGains>
      <li>
        <defName>Shooting</defName>
        <amount>4</amount>
      </li>
      <li>
        <defName>Melee</defName>
        <amount>4</amount>
      </li>
	  <li>
        <defName>Cooking</defName>
        <amount>1</amount>
      </li>
	  <li>
        <defName>Crafting</defName>
        <amount>1</amount>
      </li>
	  <li>
        <defName>Social</defName>
        <amount>-2</amount>
      </li>
    </skillGains>
    <spawnCategories>
      <li>RRY_Yautja_BadBlood</li>
    </spawnCategories>
  </AlienRace.BackstoryDef>

</Defs>