<?xml version="1.0" encoding="utf-8"?>
<Defs>

<!-- ================================ Artificial - Synth - Childhood ================================ -->
<!-- ================================ Synth - Medical ================================ -->
  
	<AlienRace.BackstoryDef>
		
		<defName>RRY_Synth_Medical</defName>
		<title>Medical Synth</title>
		<baseDescription>[PAWN_nameDef] is a medical unit.</baseDescription>
		<bodyTypeMale>Male</bodyTypeMale>
		<bodyTypeFemale>Female</bodyTypeFemale>
		<slot>Childhood</slot>
		<workDisables>
	
		</workDisables>
	
		<forcedTraits>
		
		</forcedTraits>	
		<disallowedTraits>
		
		</disallowedTraits>
    
		<skillGains>
      
			<li>
				<defName>Medicine</defName>
				<amount>8</amount>
			</li>
      
		</skillGains>
		<forcedHediffs>
       
		</forcedHediffs>
		<spawnCategories>
			<li>RRY_Synth_Backstories</li>
		</spawnCategories>
	
	</AlienRace.BackstoryDef>
	
	<!-- ================================ Synth - Farmhand ================================ -->
  
	<AlienRace.BackstoryDef>
		
		<defName>RRY_Synth_Farmhand</defName>
		<title>Farmhand Synth</title>
		<baseDescription>[PAWN_nameDef] is a farmhnad unit.</baseDescription>
		<bodyTypeMale>Male</bodyTypeMale>
		<bodyTypeFemale>Female</bodyTypeFemale>
		<slot>Childhood</slot>
		<workDisables>
			<li>Intellectual</li>
		</workDisables>
	
		<forcedTraits>
			<li>
				<defName>Industriousness</defName>
				<degree>1</degree>
				<chance>70</chance>
			</li>
			<li>
				<defName>Industriousness</defName>
				<degree>1</degree>
				<chance>30</chance>
			</li>
		</forcedTraits>	
		<disallowedTraits>
		
		</disallowedTraits>
    
		<skillGains>
      
			<li>
				<defName>Animals</defName>
				<amount>8</amount>
			</li>
			<li>
				<defName>Plants</defName>
				<amount>6</amount>
			</li>
		</skillGains>
		<forcedHediffs>
       
		</forcedHediffs>
		<spawnCategories>
			<li>RRY_Synth_Backstories</li>
		</spawnCategories>
	
	</AlienRace.BackstoryDef>
	
	<!-- ================================ Synth - Service ================================ -->
	<AlienRace.BackstoryDef>
		
		<defName>RRY_Synth_Service</defName>
		<title>Service Synth</title>
		<baseDescription>[PAWN_nameDef] is a service unit.</baseDescription>
		<bodyTypeMale>Male</bodyTypeMale>
		<bodyTypeFemale>Female</bodyTypeFemale>
		<slot>Childhood</slot>
		
		<workDisables>
		</workDisables>
		
		<forcedTraits>
			<li>
				<defName>Industriousness</defName>
				<degree>1</degree>
				<chance>80</chance>
			</li>
			<li>
				<defName>Industriousness</defName>
				<degree>1</degree>
				<chance>5</chance>
			</li>
		</forcedTraits>	
		
		<disallowedTraits>
		</disallowedTraits>
		
		<skillGains>
			<li>
				<defName>Cooking</defName>
				<amount>6</amount>
			</li>
			
		</skillGains>
		
		<forcedHediffs>
		</forcedHediffs>
		
		<spawnCategories>
			<li>RRY_Synth_Backstories</li>
		</spawnCategories>
	
	</AlienRace.BackstoryDef>	
	
<!-- ================================ Synth - Worker ================================ -->	
	<AlienRace.BackstoryDef>
		
		<defName>RRY_Synth_Worker</defName>
		<title>Worker Synth</title>
		<baseDescription>[PAWN_nameDef] is a worker unit.</baseDescription>
		<bodyTypeMale>Male</bodyTypeMale>
		<bodyTypeFemale>Female</bodyTypeFemale>
		<slot>Childhood</slot>
		
		<workDisables>
		</workDisables>
		
		<forcedTraits>
			<li>
				<defName>Industriousness</defName>
				<degree>1</degree>
				<chance>25</chance>
			</li>
			<li>
				<defName>Industriousness</defName>
				<degree>1</degree>
				<chance>1</chance>
			</li>
			<li>
				<defName>Tough</defName>
			</li>
		</forcedTraits>	
		
		<disallowedTraits>
		</disallowedTraits>
		
		<skillGains>
			<li>
				<defName>Mining</defName>
				<amount>5</amount>
			</li>
			<li>
				<defName>Crafting</defName>
				<amount>5</amount>
			</li>
		</skillGains>
		
		<forcedHediffs>
		</forcedHediffs>
		
		<spawnCategories>
			<li>RRY_Synth_Backstories</li>
		</spawnCategories>
	
	</AlienRace.BackstoryDef>
	
	<!-- ================================ Synth - Social ================================ -->
	<AlienRace.BackstoryDef>
		
		<defName>RRY_Synth_Social</defName>
		<title>Social Synth</title>
		<baseDescription>[PAWN_nameDef] is a social unit.</baseDescription>
		<bodyTypeMale>Male</bodyTypeMale>
		<bodyTypeFemale>Female</bodyTypeFemale>
		<slot>Childhood</slot>
    
		<workDisables>
		</workDisables>
	
		<forcedTraits>
			<li>
				<defName>Beauty</defName>
				<degree>1</degree>
				<chance>80</chance>
			</li>
			<li>
				<defName>Beauty</defName>
				<degree>2</degree>
				<chance>10</chance>
			</li>
		</forcedTraits>	
	
		<disallowedTraits>
		</disallowedTraits>
    
		<skillGains>
			<li>
				<defName>Social</defName>
				<amount>8</amount>
			</li>
			<li>
				<defName>Cooking</defName>
				<amount>2</amount>
			</li>
		</skillGains>
	
		<forcedHediffs>
		</forcedHediffs>
    
		<spawnCategories>
			<li>RRY_Synth_Backstories</li>
		</spawnCategories>
	
	</AlienRace.BackstoryDef>
  
	<!-- ================================ Artificial - Age-specific Backstories ================================ -->
	<!-- ================================ Synth - Refurbished ================================ -->
	<AlienRace.BackstoryDef>
		<defName>RRY_Artificials_Refurbished</defName>
		<title>Refurbished Synth</title>
		<baseDescription>[PAWN_nameDef] was sent for refurbishing. Over the years, [PAWN_nameDef] suffered lot of damages that left permanent flaws in this unit, along with unexpected behaviors and knowledges.</baseDescription>
		<bodyTypeMale>Male</bodyTypeMale>
		<bodyTypeFemale>Female</bodyTypeFemale>
		<slot>Childhood</slot>
    
		<workDisables>
		</workDisables>
	
		<forcedTraits>
		</forcedTraits>	
		
		<disallowedTraits>
		</disallowedTraits>
    
		<skillGains>
			<li>
				<defName>Shooting</defName>
				<amount>3</amount>
			</li>
			<li>
				<defName>Melee</defName>
				<amount>2</amount>
			</li>
			<li>
				<defName>Cooking</defName>
				<amount>4</amount>
			</li>
			<li>
				<defName>Crafting</defName>
				<amount>5</amount>
			</li>
			<li>
				<defName>Medicine</defName>
				<amount>5</amount>
			</li>
			<li>
				<defName>Intellectual</defName>
				<amount>6</amount>
			</li>
		</skillGains>
	
		<forcedHediffs>
			<li>RRY_Defective_Inhibitor</li>	
		</forcedHediffs>

		<spawnCategories>
			<li>RRY_Synth_Backstories</li>
		</spawnCategories>
		
		<bioAgeRange>
			<min>5</min>
			<max>20</max>
		</bioAgeRange>
	</AlienRace.BackstoryDef>
  
  <!-- ================================ Synth - Military ================================ -->
	<AlienRace.BackstoryDef>
		<defName>RRY_Artificials_Military</defName>
		<title>Military Synth</title>
		<baseDescription>[PAWN_nameDef] was sent to USCM conditioning department. [PAWN_pronoun] went through basic training and assigned to a squad.</baseDescription>
		<bodyTypeMale>Male</bodyTypeMale>
		<bodyTypeFemale>Female</bodyTypeFemale>
		<slot>Childhood</slot>
    
		<workDisables>
		</workDisables>
			
		<forcedTraits>
			<li>
				<defName>Tough</defName>
				<chance>60</chance>
			</li>
			<li>
				<defName>Nerves</defName>
				<degree>1</degree>
				<chance>33</chance>
			</li>
			<li>
				<defName>Nerves</defName>
				<degree>2</degree>
				<chance>12</chance>
			</li>
			<li>
				<defName>ShootingAccuracy</defName>
				<degree>1</degree>
				<chance>25</chance>
			</li>
			<li>
				<defName>ShootingAccuracy</defName>
				<degree>-1</degree>
				<chance>25</chance>
			</li>
		</forcedTraits>	
		
		<disallowedTraits>
		</disallowedTraits>
    
		<skillGains>
			<li>
				<defName>Shooting</defName>
				<amount>4</amount>
			</li>
			<li>
				<defName>Melee</defName>
				<amount>3</amount>
			</li>
			<li>
				<defName>Crafting</defName>
				<amount>2</amount>
			</li>
			<li>
				<defName>Medicine</defName>
				<amount>3</amount>
			</li>
		</skillGains>
	
		<forcedHediffs>
		</forcedHediffs>

		<spawnCategories>
			<li>RRY_Synth_Backstories</li>
		</spawnCategories>
		
		<bioAgeRange>
			<min>5</min>
			<max>20</max>
		</bioAgeRange>
	</AlienRace.BackstoryDef>
  
</Defs>