<?xml version="1.0" encoding="utf-8"?>
<Defs>
<AlienRace.PawnBioDef>
    <defName>RRY_USCM_Silentlord</defName>
    <childhoodDef>RRY_USCM_Silentlord_Child</childhoodDef>
    <adulthoodDef>RRY_USCM_Silentlord_Adult</adulthoodDef>
    <gender>Male</gender> <!-- other options are Male and Female -->
    <name>
      <first>Gary</first>
      <last>Farrington</last>
      <nick>Silentlord</nick>
    </name>
    <factionLeader>false</factionLeader>
    <validRaces>
      <li>Human</li>
    </validRaces>
</AlienRace.PawnBioDef>

  <!-- ================================ USCM - Childhood ================================ -->
  <AlienRace.BackstoryDef>
    <defName>RRY_USCM_Silentlord_Child</defName>
    <title>USCM Recruit</title>
    <baseDescription>[PAWN_nameDef] has always Dreamed of the stars and Colonial Marine Corp, wanting nothing but to join up as soon as possible. Learning and training as much as possible to get in.\nThis left little time or social interaction with other people bar the family animals.\nThis suited [PAWN_nameDef] as it gave more time to focus on coming a glorious Colonial Marine.</baseDescription>
    <bodyTypeMale>Male</bodyTypeMale>
    <bodyTypeFemale>Female</bodyTypeFemale>
    <linkedBackstory>RRY_USCM_Silentlord_Adult</linkedBackstory>
	<slot>Childhood</slot>
    <forcedTraits>
	</forcedTraits>	
    <workDisables>
      <li>Social</li>
    </workDisables>
	<skillGains>
      <li>
        <defName>Animals</defName>
        <amount>2</amount>
      </li>
    </skillGains>
	<spawnCategories>
      <li>RRY_USCM_Silentlord</li>
    </spawnCategories>
  </AlienRace.BackstoryDef>
  
  <!-- ================================ USCM - Adulthood ================================ -->
 <AlienRace.BackstoryDef>
    <defName>RRY_USCM_Silentlord_Adult</defName>
    <title>USCM Rifleman</title>
    <titleShort>USCM Recruit</titleShort>
    <baseDescription>[PAWN_nameDef] is a career Soldier, [PAWN_possessive] poor shooting and physical fittness barely a passing grade, [PAWN_possessive] technical skills and intellect making up for [PAWN_possessive] weaknesses.\njoining the USCM and MSF, has served a long time, an unfortunate encounter with a `Xenomorph` has however left its scars both physical and mental.</baseDescription>
	<bodyTypeMale>Male</bodyTypeMale>
    <bodyTypeFemale>Female</bodyTypeFemale>
    <linkedBackstory>RRY_USCM_Silentlord_Child</linkedBackstory>
	<slot>Adulthood</slot>
	<bioAgeRange>30~40</bioAgeRange>
	<chronoAgeRange>130~140</chronoAgeRange>
    <forcedTraits>
		<!--
		<li>
			<defName>Ascetic</defName>
			<chance>50</chance>
		</li>
		<li>
			<defName>Undergrounder</defName>
			<chance>35</chance>
		</li>
		-->
	</forcedTraits>	
    <workDisables>
      <li>PlantWork</li>
      <li>Artistic</li>
      <li>Cooking</li>
    </workDisables>
	<skillGains>
     <li>
        <defName>Crafting</defName>
        <amount>3</amount>
      </li>
      <li>
        <defName>Intellectual</defName>
        <amount>2</amount>
      </li>
    </skillGains>
    <forcedHediffs>
      <li>BadBack</li>
    </forcedHediffs>
    <spawnCategories>
      <li>RRY_USCM_Silentlord</li>
    </spawnCategories>
  </AlienRace.BackstoryDef>
  
</Defs>