<?xml version="1.0" encoding="utf-8" ?>
<Defs>

<!--============================================= Artificials Overheating - Copied heatstroke and gave bonus to move and maniplation instead and added one last step =============================================-->

<HediffDef  ParentName="RRY_SpecialBadHeDiff">
    <defName>RRY_Synth_Overheating</defName>
    <defaultLabelColor>(0.35, 0.5, 0.35)</defaultLabelColor>
    <label>overheating</label>
    <description>overheating</description>
    <lethalSeverity>1.5</lethalSeverity>
    <taleOnVisible>HeatstrokeRevealed</taleOnVisible>
    <stages>
      <li>
        <label>initial</label>
        <becomeVisible>false</becomeVisible>
      </li>
      <li>
        <label>initial</label>
        <minSeverity>0.04</minSeverity>
        <capMods>
          <li>
            <capacity>Manipulation</capacity>
            <offset>0.05</offset>
          </li>
		  <li>
			<capacity>Moving</capacity>
			<offset>0.05</offset>
		  </li>
        </capMods>
      </li>
      <li>
        <label>minor</label>
        <minSeverity>0.2</minSeverity>
        <capMods>
          <li>
            <capacity>Manipulation</capacity>
            <offset>0.1</offset>
          </li>
		  <li>
			<capacity>Moving</capacity>
			<offset>0.1</offset>
		  </li>
        </capMods>
      </li>
      <li>
        <label>serious</label>
        <minSeverity>0.35</minSeverity>
        <capMods>
          <li>
            <capacity>Manipulation</capacity>
            <offset>0.3</offset>
          </li>
		  <li>
			<capacity>Moving</capacity>
			<offset>0.3</offset>
		  </li>
        </capMods>
      </li>
      <li>
        <label>extreme</label>
        <minSeverity>0.62</minSeverity>
        <capMods>
          <li>
            <capacity>Manipulation</capacity>
            <offset>0.5</offset>
          </li>
		  <li>
			<capacity>Moving</capacity>
			<offset>0.5</offset>
		  </li>
        </capMods>
      </li>
	   <li>
        <label>dangerous</label>
        <minSeverity>0.85</minSeverity>
        <lifeThreatening>true</lifeThreatening>
        <capMods>
          <li>
            <capacity>Manipulation</capacity>
            <offset>0.5</offset>
          </li>
		  <li>
			<capacity>Moving</capacity>
			<offset>0.5</offset>
		  </li>
        </capMods>
      </li>
    </stages>
    <comps>
      <li Class="RRYautja.HediffCompProperties_Overheating">
      </li>
    </comps>
  </HediffDef>
  
  <!--============================================= Artificials Hypothermic Slowdown - Copied from the vanilla insect =============================================-->
  
  <HediffDef>
    <defName>RRY_Synth_HypothermicSlowdown</defName>
    <defaultLabelColor>(0.8, 0.8, 1)</defaultLabelColor>
    <label>hypothermic slowdown</label>
    <description>hypothermic slowdown</description>
    <stages>
      <li>
        <label>minor</label>
        <becomeVisible>false</becomeVisible>
      </li>
      <li>
        <label>minor</label>
        <minSeverity>0.08</minSeverity>
        <capMods>
          <li>
            <capacity>Moving</capacity>
            <offset>-0.08</offset>
          </li>
          <li>
            <capacity>Consciousness</capacity>
            <offset>-0.05</offset>
          </li>
        </capMods>
      </li>
      <li>
        <label>moderate</label>
        <minSeverity>0.3</minSeverity>
        <hungerRateFactorOffset>-0.1</hungerRateFactorOffset>
        <capMods>
          <li>
            <capacity>Moving</capacity>
            <offset>-0.2</offset>
          </li>
          <li>
            <capacity>Manipulation</capacity>
            <offset>-0.2</offset>
          </li>
          <li>
            <capacity>Consciousness</capacity>
            <offset>-0.2</offset>
          </li>
        </capMods>
      </li>
      <li>
        <label>serious</label>
        <minSeverity>0.50</minSeverity>
        <hungerRateFactorOffset>-0.4</hungerRateFactorOffset>
        <capMods>
          <li>
            <capacity>Moving</capacity>
            <offset>-0.4</offset>
          </li>
          <li>
            <capacity>Manipulation</capacity>
            <offset>-0.5</offset>
          </li>
          <li>
            <capacity>Consciousness</capacity>
            <offset>-0.4</offset>
          </li>
        </capMods>
      </li>
      <li>
        <label>extreme</label>
        <minSeverity>0.75</minSeverity>
        <hungerRateFactorOffset>-0.95</hungerRateFactorOffset>
        <capMods>
          <li>
            <capacity>Consciousness</capacity>
            <setMax>0.1</setMax>
          </li>
        </capMods>
      </li>
    </stages>
  </HediffDef>
  
  <!--============================================= Artificials Bleedout - Copied vanilla bleeding, removed consciousness max =============================================-->
  
  <HediffDef>
    <defName>RRY_Synth_BloodLoss</defName>
    <label>blood loss</label>
    <description>blood loss</description>
    <lethalSeverity>1</lethalSeverity>
    <stages>
      <li>
        <label>minor</label>
        <becomeVisible>false</becomeVisible>
      </li>
      <li>
        <minSeverity>0.15</minSeverity>
        <label>minor</label>
        <capMods>
        
        </capMods>
      </li>
      <li>
        <minSeverity>0.30</minSeverity>
        <label>moderate</label>
        <capMods>
          
        </capMods>
      </li>
      <li>
        <minSeverity>0.45</minSeverity>
        <label>severe</label>
        <capMods>
          
        </capMods>
      </li>
      <li>
        <minSeverity>0.60</minSeverity>
        <label>extreme</label>
        <lifeThreatening>true</lifeThreatening>
        <capMods>
         
        </capMods>
      </li>
    </stages>
  </HediffDef>

<!--============================================= Artificials Defective/Damaged inhibitor =============================================-->

	<HediffDef ParentName="DiseaseBase">
        <defName>RRY_Defective_Inhibitor</defName>
        <hediffClass>HediffWithComps</hediffClass>
        <label>defective inhibitor</label>
        <description>defective inhibitor</description>
        <labelNoun>trauma</labelNoun>
         <initialSeverity>0.01</initialSeverity>
        <comps>
        
		<li Class="HediffCompProperties_SeverityPerDay">
                    <severityPerDay>0.2</severityPerDay>
              </li>
        <li Class="RRYautja.HediffCompProperties_DefectiveInhibitor">
            <traitsToGive>
                    <li>
                        <defName>Bloodlust</defName>
                    </li>
                    <li>
                        <defName>Psychopath</defName>
                    </li>
                    <li>
                        <defName>Greedy</defName>
                    </li>
                    <li>
                        <defName>Jealous</defName>
                    </li>
                    <li>
                        <defName>Pyromaniac</defName>
                    </li>
                    <li>
                        <defName>DislikesMen</defName>
                    </li>
                    <li>
                        <defName>DislikesWomen</defName>
                    </li>
                    <li>
                        <defName>SpeedOffset</defName>
                        <degree>-1</degree>
                    </li>
                    <li>
                        <defName>NaturalMood</defName>
                        <degree>-1</degree>
                    </li>
                    <li>
                        <defName>Nerves</defName>
                        <degree>-1</degree>
                    </li>
                    <li>
                        <defName>Neurotic</defName>
                        <degree>1</degree>
                    </li>
                    <li>
                        <defName>Industriousness</defName>
                        <degree>-1</degree>
                    </li>
            </traitsToGive>
            <TraitGainMinIntervalTicks>30000</TraitGainMinIntervalTicks>
            <TraitGainMaxIntervalTicks>60000</TraitGainMaxIntervalTicks>
                </li>
        </comps>
        <stages>
            <li>
				<becomeVisible>false</becomeVisible>
                <opinionOfOthersFactor>0</opinionOfOthersFactor>
                <partIgnoreMissingHP>true</partIgnoreMissingHP> 
                <capMods>
                </capMods>
            </li>
            <li>
				<minSeverity>1</minSeverity>
				<becomeVisible>true</becomeVisible>
                <opinionOfOthersFactor>0</opinionOfOthersFactor>
                <partIgnoreMissingHP>true</partIgnoreMissingHP> 
                <capMods>
                </capMods>
            </li>
        </stages>
    </HediffDef>
	
	<HediffDef ParentName="DiseaseBase">
        <defName>RRY_Damaged_Inhibitor</defName>
        <hediffClass>HediffWithComps</hediffClass>
        <label>damaged inhibitor</label>
        <description>damaged inhibitor</description>
        <labelNoun>trauma</labelNoun>
        <comps>
        
		<li Class="RRYautja.HediffCompProperties_DefectiveInhibitor">
            <traitsToGive>
                    <li>
                        <defName>Bloodlust</defName>
                    </li>
                    <li>
                        <defName>Psychopath</defName>
                    </li>
                    <li>
                        <defName>Greedy</defName>
                    </li>
                    <li>
                        <defName>Jealous</defName>
                    </li>
                    <li>
                        <defName>Pyromaniac</defName>
                    </li>
                    <li>
                        <defName>DislikesMen</defName>
                    </li>
                    <li>
                        <defName>DislikesWomen</defName>
                    </li>
                    <li>
                        <defName>SpeedOffset</defName>
                        <degree>-1</degree>
                    </li>
                    <li>
                        <defName>NaturalMood</defName>
                        <degree>-1</degree>
                    </li>
                    <li>
                        <defName>Nerves</defName>
                        <degree>-1</degree>
                    </li>
                    <li>
                        <defName>Neurotic</defName>
                        <degree>1</degree>
                    </li>
                    <li>
                        <defName>Industriousness</defName>
                        <degree>-1</degree>
                    </li>
            </traitsToGive>
            <TraitGainMinIntervalTicks>30000</TraitGainMinIntervalTicks>
            <TraitGainMaxIntervalTicks>60000</TraitGainMaxIntervalTicks>
                </li>
        </comps>
        <stages>
            <li>
				<becomeVisible>true</becomeVisible>
                <opinionOfOthersFactor>0</opinionOfOthersFactor>
                <partIgnoreMissingHP>true</partIgnoreMissingHP> 
                <capMods>
                </capMods>
            </li>
        </stages>
    </HediffDef>

</Defs>