﻿<?xml version="1.0" encoding="utf-8" ?>
<Defs>

  <HediffDef ParentName="InjuryBase">
    <defName>RRY_XenoAcidBurn</defName>
    <label>acid burn</label>
    <description>acid burn</description>
    <labelNoun>an acid burn</labelNoun>
    <comps>
      <li Class="HediffCompProperties_TendDuration">
        <labelTendedWell>bandaged</labelTendedWell>
        <labelTendedWellInner>sutured</labelTendedWellInner>
        <labelSolidTendedWell>set</labelSolidTendedWell>
      </li>
      <li Class="HediffCompProperties_Infecter">
        <infectionChance>0.10</infectionChance>
      </li>
      <li Class="HediffCompProperties_GetsPermanent">
        <permanentLabel>acid burn scar</permanentLabel>
      </li>
      <li Class="RRYautja.HediffCompProperties_DamageOverTime">
        <cycleDamage>RRY_AcidBurn</cycleDamage>
        <maxCycleAmt>5</maxCycleAmt>
        <repeatChance>0.50</repeatChance>
      </li>
    </comps>
    <injuryProps>
      <painPerSeverity>0.02275</painPerSeverity>
      <averagePainPerSeverityPermanent>0.00325</averagePainPerSeverityPermanent>
      <canMerge>true</canMerge>
      <destroyedLabel>Burned off</destroyedLabel>
      <destroyedOutLabel>Burned out</destroyedOutLabel>
    </injuryProps>
  </HediffDef>

  <HediffDef ParentName="InjuryBase">
    <defName>RRY_Impaled</defName>
    <label>impaled</label>
    <description>impaled</description>
    <labelNoun>an impalement wound</labelNoun>
    <comps>
      <li Class="HediffCompProperties_TendDuration">
        <labelTendedWell>bandaged</labelTendedWell>
        <labelTendedWellInner>sutured</labelTendedWellInner>
        <labelSolidTendedWell>set</labelSolidTendedWell>
      </li>
      <li Class="HediffCompProperties_Infecter">
        <infectionChance>0.15</infectionChance>
      </li>
      <li Class="HediffCompProperties_GetsPermanent">
        <permanentLabel>stab scar</permanentLabel>
      </li>
    </comps>
    <injuryProps>
      <painPerSeverity>0.0125</painPerSeverity>
      <averagePainPerSeverityPermanent>0.00625</averagePainPerSeverityPermanent>
      <bleedRate>0.06</bleedRate>
      <canMerge>false</canMerge>
      <destroyedLabel>Cut off</destroyedLabel>
      <destroyedOutLabel>Cut out</destroyedOutLabel>
    </injuryProps>
  </HediffDef>

</Defs>
