﻿<?xml version="1.0" encoding="utf-8" ?>
<Defs>
<!-- ==================== Base HeDiffs ========================= -->
	<HediffDef Name="RRY_SpecialBadHeDiff" Abstract="True">
		<hediffClass>HediffWithComps</hediffClass>
		<defaultLabelColor>(0.8, 0.8, 0.35)</defaultLabelColor>
    <isBad>true</isBad>
	<makesAlert>false</makesAlert>
	<description>.</description>
	<makesSickThought>false</makesSickThought>
	</HediffDef>
	
	<HediffDef Name="RRY_SpecialGoodHeDiff" Abstract="True">
		<hediffClass>HediffWithComps</hediffClass>
    <defaultLabelColor>(0.5, 0.5, 0.9)</defaultLabelColor>
	<description>.</description>
    <isBad>false</isBad>
	<makesAlert>false</makesAlert>
	<makesSickThought>false</makesSickThought>
	</HediffDef>

	
  <HediffDef ParentName="RRY_SpecialGoodHeDiff">
    <defName>RRY_WristbladeHeDiff</defName>
    <label>wristblade</label>
    <description>wristblade</description>
    <labelNoun>a wristblade</labelNoun>
    <stages>
      <li>
        <label>initial</label>
        <becomeVisible>false</becomeVisible>
      </li>
    </stages>
    <comps>
      <li Class="HediffCompProperties_VerbGiver">
		<tools>
			<li>
				<label>wristblade</label>
				<capacities>
					<li>Cut</li>
					<li>Stab</li>
				</capacities>
				<power>28</power>
				<cooldownTime>1.8</cooldownTime>
				<chanceFactor>0.75</chanceFactor>
			</li>
		</tools>
      </li>
    </comps>
  </HediffDef>
  
  <HediffDef>
    <hediffClass>HediffWithComps</hediffClass>
    <defName>RRY_Hediff_PinnedCombistaff</defName>
    <label>pinned</label>
    <description>pinned</description>
    <labelNoun>horrified</labelNoun>
    <maxSeverity>1</maxSeverity>
    <stages>
      <li>
        <partEfficiencyOffset>-0.8</partEfficiencyOffset>
      </li>
    </stages>
    <comps>
      <li Class="HediffCompProperties_SelfHeal">
        <healAmount>0.005</healAmount>
      </li>
    </comps>
  </HediffDef>
  
  <HediffDef>
    <defName>RRY_Hediff_Cloaked</defName>
    <hediffClass>RRYautja.Hediff_Cloak</hediffClass>
    <initialSeverity>1</initialSeverity>
    <label>Stealth</label>
    <description>Stealth</description>
    <stages>
      <li>
        <label>hidden</label>
        <becomeVisible>false</becomeVisible>
      </li>
    </stages>
  </HediffDef>
  
  <HediffDef>
    <defName>RRY_Hediff_Xenomorph_Hidden</defName>
    <hediffClass>RRYautja.Hediff_Hidden_Xeno</hediffClass>
    <initialSeverity>1</initialSeverity>
    <label>hidden</label>
    <description>hidden</description>
    <stages>
      <li>
        <becomeVisible>false</becomeVisible>
      </li>
    </stages>
  </HediffDef>
  
  <HediffDef>
    <defName>RRY_Hediff_BouncedProjectile</defName>
    <hediffClass>RRYautja.Hediff_Bouncer</hediffClass>
    <initialSeverity>1</initialSeverity>
    <label>Stealth</label>
    <description>Stealth</description>
    <stages>
      <li>
        <label>hidden</label>
        <becomeVisible>false</becomeVisible>
      </li>
    </stages>
  </HediffDef>
  
    <HediffDef ParentName="RRY_SpecialBadHeDiff">
    <defName>RRY_Hediff_Cocooned</defName>
    <label>Cocooned</label>
    <description>Cocooned</description>
    <labelNoun>Cocooned by a Xenomorph</labelNoun>
    <stages>
      <li>
		<statOffsets>
			<MoveSpeed>-10</MoveSpeed>
		</statOffsets>
        <capMods>
          <li>
            <capacity>Moving</capacity>
            <setMax>0</setMax>
          </li>
        </capMods>
      </li>
    </stages>
    <comps> 
		  <li Class="RRYautja.HediffCompProperties_XenomorphCocoon">
      </li>
    </comps>
  </HediffDef>

  <HediffDef ParentName="DiseaseBase">
    <defName>RRY_Hediff_Anesthetic</defName>
    <label>deep sleep</label>
    <description>deep sleep</description>
    <isBad>false</isBad>
    <comps>
      <li Class="HediffCompProperties_Disappears">
        <disappearsAfterTicks>
          <min>6000</min>
          <max>12000</max>
        </disappearsAfterTicks>
      </li>
    </comps>
    <stages>
      <li>
        <capMods>
          <li>
            <capacity>Consciousness</capacity>
            <setMax>0.1</setMax>
          </li>
        </capMods>
      </li>
    </stages>
  </HediffDef>

    <HediffDef ParentName="RRY_SpecialBadHeDiff">
    <defName>RRY_Hediff_Pinned</defName>
    <label>Pinned</label>
    <description>Pinned</description>
    <labelNoun>Pinned in place </labelNoun>
    <stages>
      <li>
		<statOffsets>
			<MoveSpeed>-10</MoveSpeed>
		</statOffsets>
        <capMods>
          <li>
            <capacity>Moving</capacity>
            <setMax>0.2</setMax>
          </li>
        </capMods>
      </li>
    </stages>
    <comps> 
		  <li Class="RRYautja.HediffCompProperties_PinnedByWeapon">
      </li>
<!--
      <li>
        <compClass>RRYautja.HediffComp_Blur</compClass>
      </li>
      <li Class="JecsTools.HediffCompProperties_Knockback">
        <knockbackChance>0.8</knockbackChance>
		<stunChance>0.2</stunChance>
		<stunTicks>60</stunTicks>
		<knockDistance>
		  <min>2</min>
		  <max>3</max>
		</knockDistance>
		<explosiveKnockback>false</explosiveKnockback>
      </li>
-->
    </comps>
	
  </HediffDef>

</Defs>
