﻿<?xml version="1.0" encoding="utf-8" ?>
<Defs>
<!-- ==================== Base HeDiffs =========================
	<HediffDef Name="RRY_SpecialBadHeDiff" Abstract="True">
		<hediffClass>HediffWithComps</hediffClass>
		<defaultLabelColor>(0.8, 0.8, 0.35)</defaultLabelColor>
    <isBad>true</isBad>
	<makesAlert>false</makesAlert>
	<makesSickThought>false</makesSickThought>
	</HediffDef>
	
	<HediffDef Name="RRY_SpecialGoodHeDiff" Abstract="True">
		<hediffClass>HediffWithComps</hediffClass>
    <defaultLabelColor>(0.5, 0.5, 0.9)</defaultLabelColor>
    <isBad>false</isBad>
	<makesAlert>false</makesAlert>
	<makesSickThought>false</makesSickThought>
	</HediffDef>
-->
	
	<!-- Proto bodypart -->
	<HediffDef>
		<defName>RRY_Hediff_Xenomorph_ProtoBodypart</defName>
		<label>regrowing</label>
		<description>regrowing</description>
		<hediffClass>RRYautja.Xenomorph_Part_Hediff</hediffClass>
		<defaultLabelColor>(0.59, 0.92, 0.69)</defaultLabelColor>
		<isBad>false</isBad>
		<addedPartProps>
			<!-- solid>true</isSolid -->
			<partEfficiency>0.1</partEfficiency>
		</addedPartProps>
		<initialSeverity>0.0</initialSeverity>
		<maxSeverity>1.0</maxSeverity>
		<stages>
			<li>
				<minSeverity>0</minSeverity>
				<painOffset>0.2</painOffset>
			</li>
			<li>
				<minSeverity>0.3</minSeverity>
				<painOffset>0.15</painOffset>
			</li>
			<li>
				<minSeverity>0.6</minSeverity>
				<painOffset>0.1</painOffset>
			</li>
			<li>
				<minSeverity>0.9</minSeverity>
				<painOffset>0.05</painOffset>
			</li>
		</stages>
		<comps>
			<li Class="HediffCompProperties_Immunizable">
				<severityPerDayNotImmune>0.7</severityPerDayNotImmune> <!-- 0.07 is roughly a Quadrum (15 days) -->
			</li>
		</comps>
	</HediffDef>

	<!-- Dummy Hediff used to replace MissingPart Hediff -->
	<HediffDef>
		<defName>RRY_Hediff_Xenomorph_RestoredBodypart</defName>
		<label>restored bodypart</label>
		<description>restored bodypart</description>
		<hediffClass>RRYautja.Removable_Hediff</hediffClass>
		<defaultLabelColor>(1.0, 1.0, 1.0)</defaultLabelColor>
		<isBad>false</isBad>
		<initialSeverity>0.0</initialSeverity>
		<maxSeverity>1.0</maxSeverity>
		<stages>
			<li>
				<becomeVisible>false</becomeVisible>
			</li>
		</stages>
	</HediffDef>
	
  <HediffDef>
    <hediffClass>HediffWithComps</hediffClass>
    <defName>RRY_EmergingChestburster</defName>
    <label>horrified</label>
    <description>horrified</description>
    <labelNoun>horrified</labelNoun>
    <battleStateLabel>blind</battleStateLabel>
    <maxSeverity>1</maxSeverity>
    <stages>
      <li>
        <partEfficiencyOffset>-0.8</partEfficiencyOffset>
      </li>
    </stages>
    <comps>
      <li Class="HediffCompProperties_SelfHeal">
        <healAmount>0.005</healAmount>
      </li>
    </comps>
  </HediffDef>

</Defs>
