﻿<?xml version="1.0" encoding="utf-8" ?>
<Defs>
  <ThingDef ParentName="BuildingBase">
    <defName>RRY_TrapSpike</defName>
    <label>spike trap</label>
    <description>Five spikes under tension, connected to a touch-activated trigger. When the victim disturbs the trigger, the spikes spring forthm and strike the victim. Since it is hidden in the surrounding terrain, it cannot be placed adjacent to other traps. Animals can sense these when calm.</description>
    <thingClass>TrapsRearmable.Building_TrapRearmable</thingClass>
    <graphicData>
      <texPath>Things/Buildings/Traps/TrapSpikeArmed</texPath>
      <graphicClass>Graphic_Single</graphicClass>
      <damageData>
        <rect>(0,0,1,0.15)</rect>
      </damageData>
    </graphicData>
    <altitudeLayer>Building</altitudeLayer>
    <drawerType>RealtimeOnly</drawerType>
    <rotatable>false</rotatable>
    <tickerType>Normal</tickerType>
    <stealable>false</stealable>
    <minifiedDef>MinifiedThing</minifiedDef>
    <thingCategories>
      <li>BuildingsSecurity</li>
    </thingCategories>
    <statBases>
      <Mass>2.5</Mass>
      <MaxHitPoints>40</MaxHitPoints>
      <WorkToBuild>3200</WorkToBuild>
      <Flammability>1</Flammability>
      <Beauty>-18</Beauty>
      <Cleanliness>-5</Cleanliness>
      <TrapMeleeDamage>25</TrapMeleeDamage>
      <TrapSpringChance>1.0</TrapSpringChance>
    </statBases>
    <stuffCategories>
      <li>Metallic</li>
      <li>Woody</li>
      <li>Stony</li>
    </stuffCategories>
    <costStuffCount>90</costStuffCount>
    <designationCategory>Security</designationCategory>
    <designationHotKey>Misc6</designationHotKey>
    <building>
	  <trapUnarmedGraphicData>
	    <texPath>Things/Buildings/Traps/Trap_Active</texPath>
		<graphicClass>Graphic_Single</graphicClass>
        <shaderType>Cutout</shaderType>
	  </trapUnarmedGraphicData>
      <isTrap>true</isTrap>
      <trapDestroyOnSpring>false</trapDestroyOnSpring>
      <trapDamageCategory>Sharp</trapDamageCategory>
      <expandHomeArea>false</expandHomeArea>
	  <ai_chillDestination>false</ai_chillDestination>
    </building>
    <constructionSkillPrerequisite>3</constructionSkillPrerequisite>
    <placeWorkers>
      <li>PlaceWorker_NeverAdjacentTrap</li>
    </placeWorkers>
    <researchPrerequisites>
      <li>RRY_Yautja_Traps</li>
    </researchPrerequisites>
  </ThingDef>

  <DesignationDef>
		<defName>TR_RearmTrap</defName>
		<texturePath>UI/Designators/RearmTrap</texturePath>
		<targetType>Thing</targetType>
	</DesignationDef>
  
  <DesignationCategoryDef>
    <defName>Security</defName>
    <label>security</label>
    <order>300</order>
    <specialDesignatorClasses>
      <li>TrapsRearmable.Designator_Rearm</li>
    </specialDesignatorClasses>
  </DesignationCategoryDef>
  
  <WorkGiverDef>
    <defName>TR_RearmTraps</defName>
    <label>Rearm traps</label>
    <giverClass>TrapsRearmable.WorkGiver_RearmTraps</giverClass>
    <workType>BasicWorker</workType>
    <verb>Rearm</verb>
    <gerund>rearming</gerund>
    <priorityInType>50</priorityInType>
    <requiredCapacities>
      <li>Manipulation</li>
    </requiredCapacities>
  </WorkGiverDef>
  
  <!--WorkTypeDef>
		<defName>TR_Rearm</defName>
		<labelShort>Rearm</labelShort>
		<pawnLabel>Rearmer</pawnLabel>
		<gerundLabel>Rearming trap</gerundLabel>
		<description>Rearm used traps</description>
		<verb>Rearm</verb>
		<naturalPriority>1125</naturalPriority>
		<alwaysStartActive>true</alwaysStartActive>
	</WorkTypeDef-->

  
  <RecordDef>
    <defName>TR_TrapsRearmed</defName>
    <label>Traps Rearmed</label>
    <description>The number of traps I have rearmed.</description>
    <type>Int</type>
  </RecordDef>
  
   <JobDef>
    <defName>TR_RearmTrapJob</defName>
    <driverClass>TrapsRearmable.JobDriver_RearmTrap</driverClass>
    <reportString>rearming Target.</reportString>
  </JobDef>
</Defs>