﻿<?xml version="1.0" encoding="utf-8" ?>
<Defs>
  <ThingDef ParentName="BuildingBase" Name="RRY_ShipPartBase" Abstract="True">
	<thingClass>building_CrashedShipPart</thingClass>
	<altitudeLayer>Building</altitudeLayer>
    <pathCost>150</pathCost>
    <blockWind>true</blockWind>
    <passability>Impassable</passability>
    <fillPercent>1.0</fillPercent>
    <size>(6,3)</size>
    <statBases>
      <MaxHitPoints>1000</MaxHitPoints>
      <Flammability>0</Flammability>
      <Beauty>-200</Beauty>
    </statBases>
    <tickerType>Normal</tickerType>
		<leaveResourcesWhenKilled>false</leaveResourcesWhenKilled>
    <killedLeavings>
      <Steel>10</Steel>
      <Plasteel>25</Plasteel>
      <ChunkSlagSteel>4</ChunkSlagSteel>
      <ComponentIndustrial>2</ComponentIndustrial>
      <ComponentSpacer>1</ComponentSpacer>
    </killedLeavings>
    <rotatable>true</rotatable>
    <selectable>true</selectable>
    <neverMultiSelect>true</neverMultiSelect>
    <terrainAffordanceNeeded>Light</terrainAffordanceNeeded>
    <soundImpactDefault>BulletImpact_Metal</soundImpactDefault>
    <drawerType>MapMeshOnly</drawerType>
    <repairEffect>ConstructMetal</repairEffect>
    <forceDebugSpawnable>true</forceDebugSpawnable>
    <building>
			<claimable>false</claimable>
			<soundAmbient>CrashedShipPart_Ambience</soundAmbient>
      <roofCollapseDamageMultiplier>0.2</roofCollapseDamageMultiplier>
    </building>
    <comps>
	
    </comps>
  </ThingDef>
  
  <ThingDef ParentName="RRY_ShipPartBase">
    <defName>RRY_XenomorphCrashedShipPart</defName>
	<thingClass>Building_CrashedShipPart_CryptosleepCasket_Xenomorph</thingClass>
    <label>Unknown Crashed Ship</label>
    <description>A mysterious crashed piece of a spaceship. It may contain any manner of deadly defenders and exotic materials.</description>
    <size>(5,3)</size>
    <graphicData>
      <texPath>Things/Buildings/Exotic/EngineerCrashedShipPart</texPath>
      <graphicClass>Graphic_Single</graphicClass>
      <drawSize>(6,6)</drawSize>
			<shadowData>
				<volume>(5.5, 1.0, 2.45)</volume>
			</shadowData>
    </graphicData>
		<comps>
			<li Class="CompProperties_GooSpread">
				<radiusPerDayCurve>
					<points>
						<li>0,5</li>
						<li>1.5,18</li>
						<li>6,40</li>
						<li>20,100</li>
						<li>40,140</li>
						<li>60,160</li>
						<li>80,180</li>
						<li>200,200</li>
					</points>
				</radiusPerDayCurve>
			</li>
			<li Class="CompProperties_PlantConversionRadius">
				<!--
				<radiusPerDayCurve>
					<points>
						<li>0,5</li>
						<li>1.5,18</li>
						<li>6,40</li>
						<li>20,100</li>
						<li>40,140</li>
						<li>60,160</li>
						<li>80,180</li>
						<li>200,200</li>
					</points>
				</radiusPerDayCurve>
				-->
				<harmFrequencyPerArea>0.015</harmFrequencyPerArea>
			</li>
			<li Class="CompProperties_SpawnerPawnsOnDamaged"> 
			<Factions>
			<li>RRY_Xenomorph</li>
			</Factions>
			</li>
		</comps>
  </ThingDef>

</Defs>