﻿<?xml version="1.0" encoding="utf-8" ?>
<Defs>
  
  <!--============================== Cocoons ==============================-->
	<!--
  <ThingDef ParentName="BuildingBase">
    <defName>RRY_Xenomorph_Humanoid_Cocoon</defName>
    <label>humanoid cocoon</label>
    <description>Designates a spot on the ground where people should sleep. Not comfortable.</description>
    <thingClass>Building_XenomorphCocoon</thingClass>
    <graphicData>
      <texPath>Things/Buildings/Xenomorph/Cocoons/Xeno_Humanoid_Cocoon</texPath>
      <graphicClass>Graphic_Multi</graphicClass>
      <drawSize>(3,3)</drawSize>
    </graphicData>
    <altitudeLayer>Building</altitudeLayer>
    <statBases>
      <WorkToBuild>0</WorkToBuild>
      <Comfort>0.4</Comfort>
			<SurgerySuccessChanceFactor>0.7</SurgerySuccessChanceFactor>
    </statBases>
		<scatterableOnMapGen>false</scatterableOnMapGen>
    <useHitPoints>False</useHitPoints>
    <size>(1,1)</size>

    <passability>Standable</passability>
    <drawGUIOverlay>True</drawGUIOverlay>
    <defaultPlacingRot>South</defaultPlacingRot>
    <building>
      <bed_showSleeperBody>false</bed_showSleeperBody>
      <sowTag>SupportPlantsOnly</sowTag>
      <canPlaceOverImpassablePlant>false</canPlaceOverImpassablePlant>
      <ai_chillDestination>false</ai_chillDestination>
    </building>

		<comps>
		
		</comps>
		
  </ThingDef>
-->
		<!--
			<li Class="CompProperties_RoomIdentifier">
				<roomStat>Impressiveness</roomStat>
			</li>
			-->
			
  <ThingDef ParentName="BuildingBase">
    <defName>RRY_Xenomorph_Cocoon_Humanoid</defName>
    <label>humanoid cocoon</label>
    <description>Designates a spot on the ground where people should sleep. Not comfortable.</description>
    <thingClass>Building_XenomorphCocoon</thingClass>
    <tickerType>Normal</tickerType>
    <graphicData>
      <texPath>Things/Buildings/Xenomorph/Cocoons/Xeno_Humanoid_Cocoon</texPath>
      <graphicClass>Graphic_Multi</graphicClass>
      <shaderType>CutoutComplex</shaderType>
      <drawSize>(1,1.25)</drawSize>
    </graphicData>
    <castEdgeShadows>false</castEdgeShadows>
    <statBases>
      <MaxHitPoints>75</MaxHitPoints>
      <Flammability>1.0</Flammability>
      <Mass>2.5</Mass>
      <BedRestEffectiveness>0.5</BedRestEffectiveness>
      <ImmunityGainSpeedFactor>1.00</ImmunityGainSpeedFactor>
      <Comfort>0.0</Comfort>
      <WorkToBuild>600</WorkToBuild>
    </statBases>
    <comps>
      <li Class="CompProperties_UsableBuilding">
        <useJob>RRY_Job_DestroyCocoon</useJob>
        <useLabel>Release from cocoon</useLabel>
        <useDuration>450</useDuration>
      </li>
      <li Class="CompProperties_UseEffect">
        <compClass>CompUseEffect_Cocoon</compClass>
      </li>
      <li Class="CompProperties_AssignableToPawn">
        <drawAssignmentOverlay>false</drawAssignmentOverlay>
		
        <compClass>CompAssignableToPawn_Bed</compClass>
      </li>
	  
		<!--
      <li Class="CompProperties_UseEffect">
        <compClass>RRYautja.CompUseEffect_Cocoon</compClass>
      </li>
			<li Class="CompProperties_RoomIdentifier">
				<roomStat>Impressiveness</roomStat>
			</li>
			-->
      <li Class="CompProperties_SpawnerFilth">
        <filthDef>RRY_Filth_Slime</filthDef>
        <spawnCountOnSpawn>10</spawnCountOnSpawn>
        <spawnMtbHours>4</spawnMtbHours>
        <spawnRadius>1</spawnRadius>
      </li>
    </comps>
    <size>(1,1)</size>
    <building>
      <claimable>false</claimable>
      <bed_showSleeperBody>false</bed_showSleeperBody>
      <bed_healPerDay>0</bed_healPerDay>
      <bed_caravansCanUse>false</bed_caravansCanUse>
      <ai_chillDestination>false</ai_chillDestination>
    </building>
    <pathCost>5</pathCost>
    <passability>Standable</passability>
    <rotatable>true</rotatable>
    <defaultPlacingRot>South</defaultPlacingRot>
    <designationHotKey>Misc2</designationHotKey>
  </ThingDef>
  

  <ThingDef ParentName="BuildingBase">
    <defName>RRY_Xenomorph_Cocoon_Animal</defName>
    <label>cocoon</label>
    <description>Designates a spot on the ground where people should sleep. Not comfortable.</description>
    <thingClass>Building_XenomorphCocoon</thingClass>
    <tickerType>Normal</tickerType>
    <graphicData>
      <texPath>DummyTexture</texPath>
      <graphicClass>Graphic_Single</graphicClass>
      <drawSize>(0.25,1)</drawSize>
    </graphicData>
    <castEdgeShadows>false</castEdgeShadows>
    <statBases>
      <MaxHitPoints>75</MaxHitPoints>
      <Flammability>1.0</Flammability>
      <Mass>2.5</Mass>
      <BedRestEffectiveness>0.5</BedRestEffectiveness>
      <ImmunityGainSpeedFactor>1.00</ImmunityGainSpeedFactor>
      <Comfort>0.0</Comfort>
      <WorkToBuild>600</WorkToBuild>
    </statBases>
    <comps>
      <li Class="CompProperties_UsableBuilding">
        <useJob>RRY_Job_DestroyCocoon</useJob>
        <useLabel>Release from cocoon</useLabel>
        <useDuration>450</useDuration>
      </li>
      <li Class="CompProperties_AssignableToPawn">
        <drawAssignmentOverlay>false</drawAssignmentOverlay>
		
        <compClass>CompAssignableToPawn_Bed</compClass>
      </li>
	  
      <li Class="CompProperties_UseEffect">
        <compClass>CompUseEffect_Cocoon</compClass>
      </li>
      <li Class="CompProperties_SpawnerFilth">
        <filthDef>RRY_Filth_Slime</filthDef>
        <spawnCountOnSpawn>10</spawnCountOnSpawn>
        <spawnMtbHours>4</spawnMtbHours>
        <spawnRadius>1</spawnRadius>
      </li>
    </comps>
    <size>(1,1)</size>
    <building>
      <claimable>false</claimable>
	  <bed_humanlike>false</bed_humanlike>
      <bed_showSleeperBody>true</bed_showSleeperBody>
      <bed_healPerDay>0</bed_healPerDay>
      <bed_caravansCanUse>false</bed_caravansCanUse>
      <ai_chillDestination>false</ai_chillDestination>
    </building>
    <pathCost>5</pathCost>
    <passability>Standable</passability>
    <rotatable>true</rotatable>
    <defaultPlacingRot>South</defaultPlacingRot>
    <designationHotKey>Misc2</designationHotKey>
  </ThingDef>

	<JobDef>
		<defName>RRY_Job_DestroyCocoon</defName>
		<driverClass>JobDriver_DestroyCocoon</driverClass>
		<reportString>opening TargetA.</reportString>
		<allowOpportunisticPrefix>true</allowOpportunisticPrefix>
	</JobDef>
  
 </Defs>
