﻿<?xml version="1.0" encoding="utf-8" ?>
<Defs>
  <!--======================= Cryptosleep caskets ===========================-->
<!--
  <ThingDef ParentName="BuildingBase">
    <defName>CryptosleepCasket</defName>
    <label>cryptosleep casket</label>
    <description>A self-powered sarcophagus designed to keep a person in a state of suspended animation for many years.</description>
    <thingClass>Building_CryptosleepCasket</thingClass>
    <graphicData>
      <texPath>Things/Building/Ship/ShipCryptosleepCasket</texPath>
      <graphicClass>Graphic_Multi</graphicClass>
      <drawSize>(1, 2)</drawSize>
      <shadowData>
        <volume>(0.83, 0.3, 1.7)</volume>
      </shadowData>
    </graphicData>
    <researchPrerequisites><li>Cryptosleep</li></researchPrerequisites>
    <altitudeLayer>Building</altitudeLayer>
    <passability>PassThroughOnly</passability>
    <pathCost>70</pathCost>
    <blockWind>true</blockWind>
    <fillPercent>0.5</fillPercent>
    <canOverlapZones>false</canOverlapZones>
    <statBases>
      <WorkToBuild>3200</WorkToBuild>
      <MaxHitPoints>250</MaxHitPoints>
      <Flammability>0.5</Flammability>
    </statBases>
    <tickerType>Normal</tickerType>
    <size>(1,2)</size>
    <designationCategory>Misc</designationCategory>
    <hasInteractionCell>true</hasInteractionCell>
    <interactionCellOffset>(1,0,0)</interactionCellOffset>
    <defaultPlacingRot>South</defaultPlacingRot>
		<building>
			<ai_chillDestination>false</ai_chillDestination>
		</building>
    <costList>
      <Steel>180</Steel>
      <Uranium>5</Uranium>
      <ComponentIndustrial>4</ComponentIndustrial>
      <ComponentSpacer>1</ComponentSpacer>
    </costList>
    <comps>
      <li Class="CompProperties_Explosive">
        <explosiveRadius>2.66</explosiveRadius>
        <explosiveDamageType>Flame</explosiveDamageType>
      </li>
    </comps>
    <terrainAffordanceNeeded>Medium</terrainAffordanceNeeded>
    <constructionSkillPrerequisite>8</constructionSkillPrerequisite>
  </ThingDef>
-->

  <ThingDef Class="RRYautja.ThingDef_CryptosleepCasket" ParentName="BuildingBase">
    <defName>RRY_XenomorphCryptosleepCasket</defName>
    <label>ancient cryptosleep casket</label>
    <description>This cryptosleep casket looks like it has been here for a very long time. Who knows what it might contain?</description>
    <thingClass>RRYautja.Building_XenomorphCryptosleepCasket</thingClass>
    <graphicData>
      <texPath>Things/Building/Ship/ShipCryptosleepCasket</texPath>
      <graphicClass>Graphic_Multi</graphicClass>
      <drawSize>(1,2)</drawSize>
      <shadowData>
        <volume>(0.83, 0.3, 1.7)</volume>
      </shadowData>
    </graphicData>
    <minifiedDef>MinifiedThingNoBox</minifiedDef>
    <thingCategories>
      <li>BuildingsMisc</li>
    </thingCategories>
    <altitudeLayer>Building</altitudeLayer>
    <passability>PassThroughOnly</passability>
    <pathCost>70</pathCost>
    <blockWind>true</blockWind>
    <fillPercent>0.5</fillPercent>
    <canOverlapZones>false</canOverlapZones>
    <statBases>
      <Mass>50</Mass>
      <MaxHitPoints>250</MaxHitPoints>
      <Flammability>0</Flammability>
    </statBases>
    <tickerType>Normal</tickerType>
    <size>(1,2)</size>
    <hasInteractionCell>true</hasInteractionCell>
    <interactionCellOffset>(1,0,0)</interactionCellOffset>
    <costList>
      <Steel>180</Steel>
      <Uranium>5</Uranium>
    </costList>
    <killedLeavings>
      <ChunkSlagSteel>1</ChunkSlagSteel>
      <Steel>25</Steel>
      <Uranium>3</Uranium>
    </killedLeavings>
		<building>
			<ai_chillDestination>false</ai_chillDestination>
		</building>
    <comps>
      <li Class="CompProperties_Explosive">
        <explosiveRadius>2.66</explosiveRadius>
        <explosiveDamageType>Flame</explosiveDamageType>
      </li>
    </comps>
    <leaveResourcesWhenKilled>false</leaveResourcesWhenKilled>
    <terrainAffordanceNeeded>Medium</terrainAffordanceNeeded>
  </ThingDef>

  <ThingDef Class="RRYautja.ThingDef_CryptosleepCasket" ParentName="BuildingBase">
    <defName>RRY_Yautja_CryptosleepCasket_Tribute_XenoEgg</defName>
    <label>Yautja Blooding casket</label>
    <description>This cryptosleep casket contains a prospective Host and a Xenomorph Egg.</description>
    <thingClass>RRYautja.Building_XenomorphCryptosleepCasket</thingClass>
		<!-- <Faction>RRY_Xenomorph</Faction> -->
		<PawnKinds>
		  <li>WildMan</li>
		  <!-- <li>Slave</li> -->
		</PawnKinds>
		<!-- <infectionDef>RRY_FaceHuggerInfection</infectionDef> -->
		<spawnThing>RRY_EggXenomorphFertilized</spawnThing>
    <graphicData>
      <texPath>Things/Building/Ship/ShipCryptosleepCasket</texPath>
      <graphicClass>Graphic_Multi</graphicClass>
      <drawSize>(1,2)</drawSize>
      <shadowData>
        <volume>(0.83, 0.3, 1.7)</volume>
      </shadowData>
    </graphicData>
    <minifiedDef>MinifiedThingNoBox</minifiedDef>
    <thingCategories>
      <li>BuildingsMisc</li>
    </thingCategories>
    <altitudeLayer>Building</altitudeLayer>
    <passability>PassThroughOnly</passability>
    <pathCost>70</pathCost>
    <blockWind>true</blockWind>
    <fillPercent>0.5</fillPercent>
    <canOverlapZones>false</canOverlapZones>
    <statBases>
      <MarketValue>10000</MarketValue>
      <Mass>50</Mass>
      <MaxHitPoints>250</MaxHitPoints>
      <Flammability>0</Flammability>
    </statBases>
    <tickerType>Normal</tickerType>
    <size>(1,2)</size>
    <hasInteractionCell>true</hasInteractionCell>
    <interactionCellOffset>(1,0,0)</interactionCellOffset>
    <costList>
      <Steel>180</Steel>
      <Uranium>5</Uranium>
    </costList>
    <killedLeavings>
      <ChunkSlagSteel>1</ChunkSlagSteel>
      <Steel>25</Steel>
      <Uranium>3</Uranium>
    </killedLeavings>
		<building>
			<ai_chillDestination>false</ai_chillDestination>
		</building>
    <comps>
      <li Class="CompProperties_Explosive">
        <explosiveRadius>2.66</explosiveRadius>
        <explosiveDamageType>Flame</explosiveDamageType>
      </li>
    </comps>
    <leaveResourcesWhenKilled>false</leaveResourcesWhenKilled>
    <terrainAffordanceNeeded>Medium</terrainAffordanceNeeded>
  </ThingDef>

<!--<ThingDef Class="RRYautja.ThingDef_CryptosleepCasket" ParentName="BuildingBase">
    <defName>RRY_Yautja_CryptosleepCasket_Tribute_Rewards</defName>
    <label>Yautja Blooding reward casket</label>
    <description>This cryptosleep casket contains the rewards for a blooding.</description>
    <thingClass>RRYautja.Building_XenomorphCryptosleepCasket</thingClass>
	
	<spawnThing>RRY_Equipment_HunterShoulderCannon</spawnThing>
    	
	<graphicData>
      <texPath>Things/Building/Ship/ShipCryptosleepCasket</texPath>
      <graphicClass>Graphic_Multi</graphicClass>
      <drawSize>(1,2)</drawSize>
      <shadowData>
        <volume>(0.83, 0.3, 1.7)</volume>
      </shadowData>
    </graphicData>
    <minifiedDef>MinifiedThingNoBox</minifiedDef>
    <thingCategories>
      <li>BuildingsMisc</li>
    </thingCategories>
    <altitudeLayer>Building</altitudeLayer>
    <passability>PassThroughOnly</passability>
    <pathCost>70</pathCost>
    <blockWind>true</blockWind>
    <fillPercent>0.5</fillPercent>
    <canOverlapZones>false</canOverlapZones>
    <statBases>
      <Mass>50</Mass>
      <MaxHitPoints>250</MaxHitPoints>
      <Flammability>0</Flammability>
    </statBases>
    <tickerType>Normal</tickerType>
    <size>(1,2)</size>
    <hasInteractionCell>true</hasInteractionCell>
    <interactionCellOffset>(1,0,0)</interactionCellOffset>
    <costList>
      <Steel>180</Steel>
      <Uranium>5</Uranium>
    </costList>
    <killedLeavings>
      <ChunkSlagSteel>1</ChunkSlagSteel>
      <Steel>25</Steel>
      <Uranium>3</Uranium>
    </killedLeavings>
		<building>
			<ai_chillDestination>false</ai_chillDestination>
		</building>
    <comps>
      <li Class="CompProperties_Explosive">
        <explosiveRadius>2.66</explosiveRadius>
        <explosiveDamageType>Flame</explosiveDamageType>
      </li>
    </comps>
    <leaveResourcesWhenKilled>false</leaveResourcesWhenKilled>
    <terrainAffordanceNeeded>Medium</terrainAffordanceNeeded>
  </ThingDef> -->
  
  <!-- ======================= Minified things ========================= -->

  <ThingDef>
    <defName>MinifiedThingNoBox</defName>
	<ignoreConfigErrors>true</ignoreConfigErrors>
    <label>minified thing</label>
    <thingClass>RRYautja.MinifiedThingNoBox</thingClass>
    <category>Item</category>
    <useHitPoints>true</useHitPoints>
    <selectable>true</selectable>
    <altitudeLayer>Building</altitudeLayer>
    <scatterableOnMapGen>false</scatterableOnMapGen>
     <tickerType>Normal</tickerType> 
    <!-- for CompForbiddable -->
    <drawerType>RealtimeOnly</drawerType>
    <comps>
      <li Class="CompProperties_Forbiddable"/>
    </comps>
    <inspectorTabs>
       <li>ITab_Art</li> 
    </inspectorTabs>
    <alwaysHaulable>true</alwaysHaulable>
    <rotatable>false</rotatable>
    <pathCost>15</pathCost>
  </ThingDef>

</Defs>