﻿<?xml version="1.0" encoding="utf-8" ?>
<Defs>

	<ThingDef Name="RRY_BenchBase" ParentName="BuildingBase" Abstract="True">
		<castEdgeShadows>false</castEdgeShadows>
		<staticSunShadowHeight>0.00</staticSunShadowHeight>
		<thingCategories>
			<li>BuildingsProduction</li>
		</thingCategories>
		<statBases>
			<Mass>40.0</Mass>
		</statBases>
	<minifiedDef>MinifiedThing</minifiedDef>
	</ThingDef>

  <ThingDef ParentName="RRY_BenchBase">
    <defName>RRY_TableMachining</defName>
    <label>Yautja machining table</label>
    <description>A Yautja work station for assembling or breaking down machinery like components, armour, guns and ammunition, or dead mechanoids.</description>
    <thingClass>Building_WorkTable</thingClass>
    <graphicData>
      <texPath>Things/Buildings/Yautja/TableMachining</texPath>
      <graphicClass>Graphic_Multi</graphicClass>
      <drawSize>(4,3)</drawSize>
	  <!--
      <damageData>
        <cornerTL>Damage/Corner</cornerTL>
        <cornerTR>Damage/Corner</cornerTR>
        <cornerBL>Damage/Corner</cornerBL>
        <cornerBR>Damage/Corner</cornerBR>
      </damageData>
	  -->
    </graphicData>
    <costList>
      <Steel>150</Steel>
      <ComponentIndustrial>5</ComponentIndustrial>
    </costList>
    <altitudeLayer>Building</altitudeLayer>
    <fillPercent>0.5</fillPercent>
    <useHitPoints>True</useHitPoints>
    <statBases>
      <WorkToBuild>3000</WorkToBuild>
      <MaxHitPoints>180</MaxHitPoints>
      <Flammability>1.0</Flammability>
      <Cleanliness>-2</Cleanliness>
    </statBases>
    <size>(3,2)</size>
    <designationCategory>Production</designationCategory>
    <passability>PassThroughOnly</passability>
    <pathCost>70</pathCost>
    <hasInteractionCell>True</hasInteractionCell>
    <interactionCellOffset>(0,0,-1)</interactionCellOffset>
	<surfaceType>Item</surfaceType>
    <constructionSkillPrerequisite>8</constructionSkillPrerequisite>
    <recipes>
      <li>ButcherCorpseMechanoid</li>
    </recipes>
    <inspectorTabs>
      <li>ITab_Bills</li>
    </inspectorTabs>
    <comps>
      <li Class="CompProperties_Power">
        <compClass>CompPowerTrader</compClass>
        <shortCircuitInRain>true</shortCircuitInRain>
        <basePowerConsumption>350</basePowerConsumption>
      </li>
      <li Class="CompProperties_Flickable"/>
      <li Class="CompProperties_Glower">
        <glowRadius>5</glowRadius>
        <glowColor>(73,123,138,0)</glowColor>
      </li>
      <li Class="CompProperties_AffectedByFacilities">
        <linkableFacilities>
          <li>ToolCabinet</li>
        </linkableFacilities>
      </li>
      <li Class="CompProperties_Breakdownable"/>
    </comps>
    <building>
      <spawnedConceptLearnOpportunity>BillsTab</spawnedConceptLearnOpportunity>
    </building>
    <constructEffect>ConstructMetal</constructEffect>
    <researchPrerequisites>
      <li>RRY_YautjaTechBase</li>
    </researchPrerequisites>
    <designationHotKey>Misc7</designationHotKey>
    <placeWorkers>
      <li>PlaceWorker_ShowFacilitiesConnections</li>
    </placeWorkers>
  </ThingDef>

</Defs>
