﻿<?xml version="1.0" encoding="utf-8" ?>
<Defs>

  <ThingDef Name="RRY_Building_Hive_Base" Abstract="True">
    <category>Building</category>
    <selectable>true</selectable>
    <drawerType>MapMeshOnly</drawerType>
    <filthLeaving>Filth_RubbleRock</filthLeaving>
		<scatterableOnMapGen>false</scatterableOnMapGen>
	</ThingDef>

  <ThingDef Class="ThingDef_HiveLike" ParentName="RRY_Building_Hive_Base" Abstract="True">
    <label>hivelike</label>
    <description>If activated, it will spawn additional pawns and hivelikes over time.</description>
    <thingClass>HiveLike</thingClass>
		<Faction>Mechanoid</Faction>
		<TunnelDef>TunnelHiveLikeSpawner</TunnelDef>
    <graphicData>
      <texPath>Things/Special/HiveNode</texPath>
      <graphicClass>Graphic_Single</graphicClass>
      <shaderType>CutoutComplex</shaderType>
      <drawSize>2.6</drawSize>
    </graphicData>
    <altitudeLayer>Building</altitudeLayer>
    <rotatable>false</rotatable>
    <fillPercent>0.5</fillPercent>
    <statBases>
      <MaxHitPoints>130</MaxHitPoints>
      <Flammability>0.0</Flammability>
    </statBases>
    <pathCost>50</pathCost>
    <blockWind>true</blockWind>
    <tickerType>Normal</tickerType>
    <passability>PassThroughOnly</passability>
    <drawerType>RealtimeOnly</drawerType>
    <killedLeavings>
      <InsectJelly>30</InsectJelly>
    </killedLeavings>
    <placeWorkers>
      <li>PlaceWorker_Heater</li>
    </placeWorkers>
    <comps>
	  <!--
      <li Class="CompProperties_SpawnerHiveLikes" />
      <li Class="CompProperties_Spawner">
        <thingToSpawn>InsectJelly</thingToSpawn>
        <spawnCount>5</spawnCount>
        <spawnIntervalRange>
          <min>13000</min>
          <max>15000</max>
        </spawnIntervalRange>
      </li>
      <li Class="CompProperties_Spawner">
        <thingToSpawn>GlowPod</thingToSpawn>
        <spawnCount>1</spawnCount>
        <spawnIntervalRange>
          <min>30000</min>
          <max>60000</max>
        </spawnIntervalRange>
        <spawnMaxAdjacent>1</spawnMaxAdjacent>
        <saveKeysPrefix>pod</saveKeysPrefix>
        <inheritFaction>true</inheritFaction>
      </li>
      <li Class="CompProperties_HeatPusher">
        <heatPerSecond>6</heatPerSecond>
        <heatPushMaxTemperature>38</heatPushMaxTemperature>
      </li>
      <li Class="CompProperties_SpawnerFilth">
        <filthDef>Filth_Slime</filthDef>
        <spawnCountOnSpawn>10</spawnCountOnSpawn>
        <spawnMtbHours>4</spawnMtbHours>
        <spawnRadius>5</spawnRadius>
      </li>
      <li Class="CompProperties_MaintainableLike">
        <ticksHealthy>60000</ticksHealthy>
        <ticksNeedsMaintenance>40000</ticksNeedsMaintenance>
        <damagePerTickRare>10</damagePerTickRare>
      </li>
	  -->
    </comps>
  </ThingDef>
  
  <ThingDef Class="ThingDef_HiveLike" ParentName="RRY_Building_Hive_Base">
    <defName>RRY_Xenomorph_Hive</defName>
    <label>large xenomorph tunnel</label>
    <description>If activated, it will spawn additional pawns and hive over time.</description>
    <thingClass>HiveLike</thingClass>
		<Faction>RRY_Xenomorph</Faction>
		<TunnelDef>TunnelHiveLikeSpawner</TunnelDef>
		<TunnelDefchild>TunnelHiveLikeChildSpawner</TunnelDefchild>
		<HiveDefchild>RRY_Xenomorph_Hive_Child</HiveDefchild>
		<PawnKinds>
		  <!-- <li>RRY_Xenomorph_FaceHugger</li> -->
		  <!-- <li>RRY_Xenomorph_Queen</li> -->
		  <!-- <li>RRY_Xenomorph_Predalien</li> -->
		  <!-- <li>RRY_Xenomorph_Neomorph</li> -->
		  <li>RRY_Xenomorph_Warrior</li>
		  <li>RRY_Xenomorph_Drone</li>
		  <li>RRY_Xenomorph_Runner</li>
		</PawnKinds>
    <graphicData>
      <texPath>Things/Special/HiveNode</texPath>
      <graphicClass>Graphic_Single</graphicClass>
      <shaderType>CutoutComplex</shaderType>
      <drawSize>2.6</drawSize>
    </graphicData>
    <altitudeLayer>Building</altitudeLayer>
    <rotatable>false</rotatable>
    <fillPercent>0.5</fillPercent>
    <statBases>
      <MaxHitPoints>500</MaxHitPoints>
      <Flammability>0.0</Flammability>
    </statBases>
    <pathCost>50</pathCost>
    <blockWind>true</blockWind>
    <tickerType>Normal</tickerType>
    <passability>PassThroughOnly</passability>
    <drawerType>RealtimeOnly</drawerType>
    <receivesSignals>true</receivesSignals>
    <killedLeavings>
		<RRY_Xenomorph_Hive_Slime>1</RRY_Xenomorph_Hive_Slime> 
    </killedLeavings>
    <placeWorkers>
      <li>PlaceWorker_Heater</li>
    </placeWorkers>
    <comps>
      <li Class="CompProperties_SpawnerHiveLikes" />
      <li Class="CompProperties_Xenomorph_SpawnerLike">
        <thingToSpawn>RRY_EggXenomorphFertilized</thingToSpawn>
        <spawnCount>1</spawnCount>
        <spawnIntervalRange>
          <min>1000</min>
          <max>6000</max>
        </spawnIntervalRange>
      </li>
	  <!--
      <li Class="CompProperties_Spawner">
        <thingToSpawn>GlowPod</thingToSpawn>
        <spawnCount>1</spawnCount>
        <spawnIntervalRange>
          <min>30000</min>
          <max>60000</max>
        </spawnIntervalRange>
        <spawnMaxAdjacent>1</spawnMaxAdjacent>
        <saveKeysPrefix>pod</saveKeysPrefix>
        <inheritFaction>true</inheritFaction>
      </li>
      <li Class="CompProperties_HeatPusher">
        <heatPerSecond>6</heatPerSecond>
        <heatPushMaxTemperature>38</heatPushMaxTemperature>
      </li>
      <li Class="CompProperties_MaintainableLike">
        <ticksHealthy>60000</ticksHealthy>
        <ticksNeedsMaintenance>40000</ticksNeedsMaintenance>
        <damagePerTickRare>10</damagePerTickRare>
      </li>
	  -->
      <li Class="CompProperties_SelfhealHitpoints">
        <ticksPerHeal>3000</ticksPerHeal> <!-- 60k ticks = 1 day, 20 hp per day -->
      </li>
      <li Class="CompProperties_SpawnerFilth">
        <filthDef>RRY_Filth_Slime</filthDef>
        <spawnCountOnSpawn>10</spawnCountOnSpawn>
        <spawnMtbHours>4</spawnMtbHours>
        <spawnRadius>5</spawnRadius>
      </li>
    <!--  <li Class="CompProperties_HiveExpand" /> -->
      <li Class="CompProperties_HiveCreep" />
      <li Class="CompProperties_HiveConversionRadius">
		<radiusPerDayCurve>
			<points>
				<li>0,5</li>
				<li>1.5,18</li>
				<li>6,40</li>
				<li>20,100</li>
			</points>
		</radiusPerDayCurve>
		<harmFrequencyPerArea>0.015</harmFrequencyPerArea>
      </li>
    </comps>
  </ThingDef>

  <ThingDef Class="ThingDef_HiveLike" ParentName="RRY_Building_Hive_Base">
    <defName>RRY_Xenomorph_Hive_Child</defName>
    <label>small xenomorph tunnel</label>
    <description>If activated, it will spawn additional pawns and hive over time.</description>
    <thingClass>HiveLike</thingClass>
		<Faction>RRY_Xenomorph</Faction>
		<TunnelDef>TunnelHiveLikeChildSpawner</TunnelDef>
		<PawnKinds>
		  <!-- <li>RRY_Xenomorph_FaceHugger</li> -->
		  <!-- <li>RRY_Xenomorph_Queen</li> -->
		  <!-- <li>RRY_Xenomorph_Predalien</li> -->
		  <!-- <li>RRY_Xenomorph_Neomorph</li> -->
		  <li>RRY_Xenomorph_Warrior</li>
		  <li>RRY_Xenomorph_Drone</li>
		  <li>RRY_Xenomorph_Runner</li>
		</PawnKinds>
    <graphicData>
      <texPath>Things/Special/TunnelExit</texPath>
      <graphicClass>Graphic_Single</graphicClass>
      <shaderType>CutoutComplex</shaderType>
      <drawSize>2.6</drawSize>
    </graphicData>
    <altitudeLayer>Building</altitudeLayer>
    <rotatable>false</rotatable>
    <fillPercent>0.5</fillPercent>
    <statBases>
      <MaxHitPoints>500</MaxHitPoints>
      <Flammability>0.0</Flammability>
    </statBases>
    <pathCost>50</pathCost>
    <blockWind>true</blockWind>
    <tickerType>Normal</tickerType>
    <passability>PassThroughOnly</passability>
    <drawerType>RealtimeOnly</drawerType>
    <killedLeavings>
      <!-- <InsectJelly>30</InsectJelly> -->
    </killedLeavings>
    <placeWorkers>
      <li>PlaceWorker_Heater</li>
    </placeWorkers>
    <comps>
	  <!--
      <li Class="CompProperties_Spawner">
        <thingToSpawn>RRY_EggXenomorphFertilized</thingToSpawn>
        <spawnCount>5</spawnCount>
        <spawnIntervalRange>
          <min>13000</min>
          <max>15000</max>
        </spawnIntervalRange>
      </li>
      <li Class="CompProperties_Spawner">
        <thingToSpawn>GlowPod</thingToSpawn>
        <spawnCount>1</spawnCount>
        <spawnIntervalRange>
          <min>30000</min>
          <max>60000</max>
        </spawnIntervalRange>
        <spawnMaxAdjacent>1</spawnMaxAdjacent>
        <saveKeysPrefix>pod</saveKeysPrefix>
        <inheritFaction>true</inheritFaction>
      </li>
      <li Class="CompProperties_HeatPusher">
        <heatPerSecond>6</heatPerSecond>
        <heatPushMaxTemperature>38</heatPushMaxTemperature>
      </li>
      <li Class="CompProperties_MaintainableLike">
        <ticksHealthy>60000</ticksHealthy>
        <ticksNeedsMaintenance>40000</ticksNeedsMaintenance>
        <damagePerTickRare>10</damagePerTickRare>
      </li>
      <li Class="CompProperties_MaintainableLike">
        <ticksHealthy>60000</ticksHealthy>
        <ticksNeedsMaintenance>40000</ticksNeedsMaintenance>
        <damagePerTickRare>10</damagePerTickRare>
      </li>
      <li Class="CompProperties_MaintainableLike">
        <ticksHealthy>60000</ticksHealthy>
        <ticksNeedsMaintenance>40000</ticksNeedsMaintenance>
        <damagePerTickRare>10</damagePerTickRare>
      </li>
	  -->
      <li Class="CompProperties_SpawnerFilth">
        <filthDef>RRY_Filth_Slime</filthDef>
        <spawnCountOnSpawn>10</spawnCountOnSpawn>
        <spawnMtbHours>4</spawnMtbHours>
        <spawnRadius>5</spawnRadius>
      </li>
    </comps>
  </ThingDef>

  <ThingDef Class="ThingDef_TunnelHiveLikeSpawner"  ParentName="EtherealThingBase">
    <defName>TunnelHiveLikeSpawner</defName>
    <label>xenomorph hive main</label>
    <thingClass>TunnelHiveLikeSpawner</thingClass>
		<HiveDef>RRY_Xenomorph_Hive</HiveDef>
		<!--
		<Faction>OGChaosDeamonFaction</Faction>
		<strikespreexplode>true</strikespreexplode>
		<explodesprespawn>true</explodesprespawn>
		<damageDef>EMP</damageDef>
		<blastradius>5</blastradius>
		-->
    <tickerType>Normal</tickerType>
    <drawerType>RealtimeOnly</drawerType>
    <alwaysFlee>true</alwaysFlee>
  </ThingDef>
  
  <ThingDef Class="ThingDef_TunnelHiveLikeSpawner"  ParentName="EtherealThingBase">
    <defName>TunnelHiveLikeChildSpawner</defName>
    <label>xenomorph hive child</label>
    <thingClass>TunnelHiveLikeSpawner</thingClass>
		<HiveDef>RRY_Xenomorph_Hive_Child</HiveDef>
		<!--
		<Faction>OGChaosDeamonFaction</Faction>
		<strikespreexplode>true</strikespreexplode>
		<explodesprespawn>true</explodesprespawn>
		<damageDef>EMP</damageDef>
		<blastradius>5</blastradius>
		-->
    <tickerType>Normal</tickerType>
    <drawerType>RealtimeOnly</drawerType>
    <alwaysFlee>true</alwaysFlee>
  </ThingDef>
  
  <ThingDef ParentName="RockBase">
    <defName>RRY_Xenomorph_Hive_Wall</defName>
    <label>resin wall</label>
    <description>Rock and other debries, packed tightly enough and bound in resin strong enough to hold up a roof.</description>
    <graphicData>
      <texPath>Things/Buildings/Xenomorph/Linked/XenoResinWall_Atlas</texPath>
      <graphicClass>Graphic_Single</graphicClass>
      <shaderType>CutoutComplex</shaderType>
    </graphicData>
    <statBases>
      <MaxHitPoints>300</MaxHitPoints>
    </statBases>
		<rotatable>true</rotatable>
    <building>
      <isNaturalRock>false</isNaturalRock>
      <claimable>false</claimable>
    </building>
    <comps>
	
      <li Class="CompProperties_MaintainableLike">
        <ticksHealthy>60000</ticksHealthy>
        <ticksNeedsMaintenance>40000</ticksNeedsMaintenance>
        <damagePerTickRare>10</damagePerTickRare>
      </li>
    </comps>
  </ThingDef>
  
  <ThingDef ParentName="BaseFilth">
    <defName>RRY_Filth_Slime</defName>
    <label>xenomorph slime</label>
    <statBases>
      <Beauty>-25</Beauty>
      <Cleanliness>-5</Cleanliness>
    </statBases>
    <graphicData>
      <texPath>Things/Filth/Spatter</texPath>
      <color>(130, 142, 120, 170)</color>
    </graphicData>
    <filth>
      <rainWashes>false</rainWashes>
      <cleaningWorkToReduceThickness>70</cleaningWorkToReduceThickness>
      <canFilthAttach>true</canFilthAttach>
    </filth>
  </ThingDef>

  <ThingDef ParentName="BaseFilth">
    <defName>RRY_Xenomorph_Hive_Slime</defName>
    <label>xenomorph hive slime</label>
    <statBases>
      <Beauty>-25</Beauty>
      <Cleanliness>-5</Cleanliness>
    </statBases>
    <graphicData>
      <texPath>Things/Filth/Spatter</texPath>
      <color>(130, 142, 120, 170)</color>
    </graphicData>
    <filth>
      <rainWashes>false</rainWashes>
      <cleaningWorkToReduceThickness>10000</cleaningWorkToReduceThickness>
      <canFilthAttach>true</canFilthAttach>
    </filth>
  </ThingDef>

</Defs>
