﻿<?xml version="1.0" encoding="utf-8" ?>
<Defs>

  <ThingDef ParentName="BuildingBase">
    <defName>RRY_USCM_DropshipUD4L</defName>
    <label>UD-4L Cheyenne Dropship</label>
    <description>The UD-4 Utility Dropship, better known colloquially as the "Cheyenne", is a type of combat utility spacecraft manufactured by UA Northridge and primarily used by the United States Colonial Marine Corps. The Cheyenne is designed for rapid troop deployment, dropping from the belly of USCM spacecraft in orbit and delivering Marines and equipment quickly to a planet's surface. They typically carry the M577 Armored Personnel Carrier, although they can also be used to transport other equipment and even Marines directly in the field.</description>
    <altitudeLayer>PawnUnused</altitudeLayer>
    <pathCost>150</pathCost>
    <blockWind>true</blockWind>
    <passability>Impassable</passability>
    <fillPercent>1.0</fillPercent>
    <size>(7,5)</size>
    <graphicData>
      <texPath>Things/Buildings/USCM/Dropship/UD4L</texPath>
      <graphicClass>Graphic_Single</graphicClass>
      <drawSize>(11,6)</drawSize>
      <!-- <color>(162,164,149)</color> -->
      <shadowData>
        <volume>(4.1, 1.0, 1.8)</volume>
        <offset>(0, 0, -0.1)</offset>
      </shadowData>
    </graphicData>
    <statBases>
      <MaxHitPoints>1000</MaxHitPoints>
      <Mass>1000</Mass>
      <Flammability>1</Flammability>
    </statBases>
    <tickerType>Normal</tickerType>
    <killedLeavings>
      <Steel>100</Steel>
      <Plasteel>35</Plasteel>
      <ChunkSlagSteel>8</ChunkSlagSteel>
      <ComponentIndustrial>4</ComponentIndustrial>
      <ComponentSpacer>1</ComponentSpacer>
    </killedLeavings>
    <rotatable>false</rotatable>
    <selectable>true</selectable>
    <terrainAffordanceNeeded>Light</terrainAffordanceNeeded>
    <soundImpactDefault>BulletImpact_Metal</soundImpactDefault>
    <drawerType>MapMeshOnly</drawerType>
    <repairEffect>ConstructMetal</repairEffect>
    <forceDebugSpawnable>true</forceDebugSpawnable>
    <building>
      <claimable>false</claimable>
    </building>
    <inspectorTabs>
      <li>ITab_ContentsTransporter</li>
    </inspectorTabs>
    <comps>
      <li Class="RRYautja.CompProperties_USCMDropship" />
      <li Class="CompProperties_Transporter">
        <massCapacity>999999</massCapacity>
        <max1PerGroup>true</max1PerGroup>
        <canChangeAssignedThingsAfterStarting>true</canChangeAssignedThingsAfterStarting>
        <showOverallStats>false</showOverallStats>
        <pawnLoadedSound>Shuttle_PawnLoaded</pawnLoadedSound>
      </li>
      <li Class="CompProperties_Refuelable">
        <fuelCapacity>550.0</fuelCapacity>
        <targetFuelLevelConfigurable>true</targetFuelLevelConfigurable>
        <initialConfigurableTargetFuelLevel>200</initialConfigurableTargetFuelLevel>
        <fuelFilter>
          <thingDefs>
            <li>Chemfuel</li>
          </thingDefs>
        </fuelFilter>
        <consumeFuelOnlyWhenUsed>true</consumeFuelOnlyWhenUsed>
        <autoRefuelPercent>1</autoRefuelPercent>
        <showFuelGizmo>true</showFuelGizmo>
        <drawOutOfFuelOverlay>false</drawOutOfFuelOverlay>
        <drawFuelGaugeInMap>true</drawFuelGaugeInMap>
        <showAllowAutoRefuelToggle>true</showAllowAutoRefuelToggle>
    </li>
    </comps>
    <placeWorkers>
      <li>PlaceWorker_NotUnderRoof</li>
    </placeWorkers>
  </ThingDef>

  <ThingDef>
    <defName>RRY_USCM_ActiveDropshipUD4L</defName>
    <label>UD-4L Cheyenne Dropship(Active)</label>
    <category>Item</category>
    <thingClass>ActiveDropShip</thingClass>
    <scatterableOnMapGen>false</scatterableOnMapGen>
    <tickerType>Normal</tickerType>
    <size>(7,5)</size>
    <graphicData>
      <texPath>Things/Buildings/USCM/Dropship/UD4L</texPath>
      <graphicClass>Graphic_Single</graphicClass>
      <drawSize>(11,6)</drawSize>
      <!-- <color>(162,164,149)</color> -->
      <shadowData>
        <volume>(4.1, 1.0, 1.8)</volume>
        <offset>(0, 0, -0.1)</offset>
      </shadowData>
    </graphicData>
    <altitudeLayer>Building</altitudeLayer>
    <blockWind>true</blockWind>
    <useHitPoints>true</useHitPoints>
    <statBases>
      <MaxHitPoints>500</MaxHitPoints>
      <Flammability>0</Flammability>
    </statBases>
    <selectable>true</selectable>
  </ThingDef>
  
  <WorldObjectDef>
    <defName>RRY_USCM_TravelingDropshipUD4L</defName>
    <label>UD-4L Cheyenne Dropship</label>
    <description>Dropships in flight.</description>
    <worldObjectClass>TravelingTransportPods</worldObjectClass>
    <texture>World/WorldObjects/TravelingUD4L</texture>
    <useDynamicDrawer>true</useDynamicDrawer>
    <expandingIcon>true</expandingIcon>
    <expandingIconTexture>World/WorldObjects/WorldOBJUD4L</expandingIconTexture>
    <expandingIconPriority>30</expandingIconPriority>
    <expandMore>true</expandMore>
    <allowCaravanIncidentsWhichGenerateMap>true</allowCaravanIncidentsWhichGenerateMap>
  </WorldObjectDef>

</Defs>