<?xml version="1.0" encoding="utf-8" ?>
<Defs>
<!--=============== USCM Self-Sufficient Mini-turret ===============-->
  
  <ThingDef ParentName="BuildingBase">
    <defName>RRY_USCM_UA571C_Turret</defName>
	<label>UA 571-C automated sentry gun</label>
    <description>The UA 571-C Automated Sentry Gun, known colloquially as the "Robot Sentry", is a tripod-mounted automated perimeter defense system employed by the United States Colonial Marine Corps to deliver pre-set automatic fire to any hostile within range or area targets. They are equipped with M30 Autocannons and automatic thermal and movement actuated AI targeting capabilities.</description>
    <thingClass>Building_TurretGun</thingClass>
    <graphicData>
		<texPath>Things/Buildings/USCM/Security/Turret/UA571C</texPath>
		<graphicClass>Graphic_Single</graphicClass>
		<shaderType>CutoutComplex</shaderType>
		<drawSize>(2,2)</drawSize>
		<damageData>
			<rect>(0.2,0.2,0.6,0.6)</rect>
		</damageData>
		<shadowData>
			<volume>(0.27,0.25,0.27)</volume>
			<offset>(0,0,0)</offset>
		</shadowData>
    </graphicData>
    <uiIconPath>Things/Building/Security/TurretMini_MenuIcon</uiIconPath>
    <uiIconScale>0.90</uiIconScale>
    <minifiedDef>MinifiedThing</minifiedDef>
    <altitudeLayer>WorldClipper</altitudeLayer>
    <stealable>false</stealable>
    <rotatable>false</rotatable>
    <thingCategories>
		<li>BuildingsSecurity</li>
    </thingCategories>
    <statBases>
		<MaxHitPoints>180</MaxHitPoints>
		<Flammability>1.0</Flammability>
		<WorkToMake>500</WorkToMake>
		<Beauty>-60</Beauty>
		<Mass>30</Mass>
		<MarketValue>20000</MarketValue>
		<ShootingAccuracyTurret>0.96</ShootingAccuracyTurret>
    </statBases>
    <tickerType>Normal</tickerType>
    <comps>
      <li Class="CompProperties_Explosive">
        <explosiveRadius>3.9</explosiveRadius>
        <explosiveDamageType>Bomb</explosiveDamageType>
        <chanceNeverExplodeFromDamage>0.5</chanceNeverExplodeFromDamage>
      </li>
      <li Class="CompProperties_Forbiddable"/>
      <li Class="CompProperties_Power">
        <compClass>CompPowerTrader</compClass>
        <basePowerConsumption>80</basePowerConsumption>
      </li>
      <li Class="CompProperties_Flickable"/>
      <li Class="CompProperties_Breakdownable"/>
      <li Class="CompProperties_Refuelable">
		<fuelLabel>Shots until ammo depleted</fuelLabel>
		<fuelGizmoLabel>Ammunition remaining</fuelGizmoLabel>
		<fuelFilter>
			<thingDefs>
				<li>Steel</li>
			</thingDefs>
		</fuelFilter>
		<fuelCapacity>500</fuelCapacity>
		<initialFuelPercent>1</initialFuelPercent>
		<autoRefuelPercent>0.75</autoRefuelPercent>
		<showFuelGizmo>true</showFuelGizmo>
		<minimumFueledThreshold>1</minimumFueledThreshold>
		<fuelMultiplier>5</fuelMultiplier>
		<factorByDifficulty>true</factorByDifficulty>
		<consumeFuelOnlyWhenUsed>true</consumeFuelOnlyWhenUsed>
		<outOfFuelMessage>Cannot shoot: Needs reloading</outOfFuelMessage>
		<fuelIconPath>UI/Overlays/Barrel</fuelIconPath>
      </li>
    </comps>
    <passability>PassThroughOnly</passability>
    <pathCost>50</pathCost>
    <fillPercent>0.4</fillPercent>
    <hasTooltip>true</hasTooltip>
    <stuffCategories>
      <li>Metallic</li>
    </stuffCategories>
    <costStuffCount>60</costStuffCount>
    <costList>
      <Steel>40</Steel>
      <ComponentIndustrial>3</ComponentIndustrial>
	  <ComponentSpacer>1</ComponentSpacer>
    </costList>
    <terrainAffordanceNeeded>Light</terrainAffordanceNeeded>
    <designationCategory>Security</designationCategory>
    <constructionSkillPrerequisite>5</constructionSkillPrerequisite>
    <building>
      <combatPower>75</combatPower>   <!-- same as a scavenger -->
      <ai_combatDangerous>true</ai_combatDangerous>
      <turretGunDef>RRY_Gun_UA571C_USCM</turretGunDef>
      <turretBurstCooldownTime>4.8</turretBurstCooldownTime>
    </building>
    <placeWorkers>
      <li>PlaceWorker_TurretTop</li>
      <li>PlaceWorker_ShowTurretRadius</li>
    </placeWorkers>
    <designationHotKey>Misc2</designationHotKey>
    <researchPrerequisites>
      <li>GunTurrets</li>
    </researchPrerequisites>
  </ThingDef>

	<ThingDef ParentName="BaseBullet">
		<defName>RRY_Bullet_UA571C_USCM</defName>
		<label>10×28mm Caseless bullet</label>
		<graphicData>
		<texPath>Things/Projectile/Bullet_Small</texPath>
		<graphicClass>Graphic_Single</graphicClass>
		</graphicData>
		<projectile>
			<flyOverhead>false</flyOverhead>
			<damageDef>Bullet</damageDef>
			<damageAmountBase>15</damageAmountBase>
			<speed>110</speed>
		</projectile>
    </ThingDef>
	

	<ThingDef ParentName="BaseWeaponTurret">
		<defName>RRY_Gun_UA571C_USCM</defName>
		<label>UA 571-C canon</label>
		<description>The UA 571-C Automated Sentry Gun, known colloquially as the "Robot Sentry", is a tripod-mounted automated perimeter defense system employed by the United States Colonial Marine Corps to deliver pre-set automatic fire to any hostile within range or area targets. They are equipped with M30 Autocannons and automatic thermal and movement actuated AI targeting capabilities.</description>
		<graphicData>
			<texPath>Things/Buildings/USCM/Security/Turret/UA571CGun11</texPath>
			<graphicClass>Graphic_Single</graphicClass>
			<shaderType>CutoutComplex</shaderType>
			<drawSize>(2,2)</drawSize>
		</graphicData>		
		<menuHidden>true</menuHidden>
		<soundInteract>Interact_Rifle</soundInteract>
		<tradeability>None</tradeability>
		<passability>Impassable</passability>
		<castEdgeShadows>true</castEdgeShadows>
		<destroyOnDrop>true</destroyOnDrop>
		<fillPercent>0.4</fillPercent>
		<hasTooltip>true</hasTooltip>		
		<statBases>
			<AccuracyTouch>0.98</AccuracyTouch>
			<AccuracyShort>0.88</AccuracyShort>
			<AccuracyMedium>0.78</AccuracyMedium>
			<AccuracyLong>0.62</AccuracyLong>
			<RangedWeapon_Cooldown>1.0</RangedWeapon_Cooldown>
			<Mass>30</Mass>
		</statBases>		
		<weaponTags>
		  <li>USCMTurret</li>
		</weaponTags>
		<verbs>
			<li>
				<verbClass>Verb_Shoot</verbClass>
				<hasStandardCommand>true</hasStandardCommand>
				<defaultProjectile>RRY_Bullet_UA571C_USCM</defaultProjectile>
				<warmupTime>120</warmupTime>
				<range>34</range>
				<burstShotCount>15</burstShotCount>
				<ticksBetweenBurstShots>7</ticksBetweenBurstShots>
				<soundCast>RRY_UA571C_Shot</soundCast>
				<soundCastTail>GunTail_Light</soundCastTail>
        		<muzzleFlashScale>14</muzzleFlashScale>
				<consumeFuelPerShot>1</consumeFuelPerShot>
			</li>
		</verbs>
	</ThingDef>

  </Defs>