﻿<?xml version="1.0" encoding="utf-8" ?>

<Defs>


	<ThingDef Name="RRY_WallBuildingBase" Abstract="True">
		<category>Building</category>
		<thingClass>Building</thingClass>
		<soundImpactDefault>BulletImpact_Metal</soundImpactDefault>
		<selectable>true</selectable>
		<drawerType>MapMeshAndRealTime</drawerType>
		<terrainAffordanceNeeded>Light</terrainAffordanceNeeded>
		<repairEffect>Repair</repairEffect>
		<leaveResourcesWhenKilled>true</leaveResourcesWhenKilled>
		<filthLeaving>Filth_RubbleBuilding</filthLeaving>
	</ThingDef>
<!-- Commented out until we find a use for those and have a texture worth using, Also removed from research. - acide_bob - 2019/05/29
	<ThingDef ParentName="RRY_WallBuildingBase">
    <defName>RRY_YautjaWall</defName>
    <label>Yautja Wall</label>
    <description>A wall worthy of the Yautja.</description>
    <thingClass>Building</thingClass>
    <category>Building</category>
    <graphicData>
      <texPath>Things/Buildings/Yautja/Linked/Yautja_Wall_Atlas</texPath>
      <graphicClass>Graphic_Single</graphicClass>
      <linkType>CornerFiller</linkType>
      <linkFlags>
        <li>Wall</li>
        <li>Rock</li>
      </linkFlags>
      <damageData>
        <cornerTL>Damage/Corner</cornerTL>
        <cornerTR>Damage/Corner</cornerTR>
        <cornerBL>Damage/Corner</cornerBL>
        <cornerBR>Damage/Corner</cornerBR>
        <edgeTop>Damage/Edge</edgeTop>
        <edgeBot>Damage/Edge</edgeBot>
        <edgeLeft>Damage/Edge</edgeLeft>
        <edgeRight>Damage/Edge</edgeRight>
      </damageData>
    </graphicData>
    <uiIconPath>Things/Buildings/Yautja/Linked/Yautja_WallmenuIcon</uiIconPath>
    <statBases>
      <MaxHitPoints>500</MaxHitPoints>
      <WorkToBuild>550</WorkToBuild>
	  <Beauty>3</Beauty>
      <Cleanliness>0.6</Cleanliness>
      <Flammability>0.0</Flammability>
    </statBases>
    <leaveResourcesWhenKilled>false</leaveResourcesWhenKilled>
    <altitudeLayer>Building</altitudeLayer>
    <passability>Impassable</passability>
    <blockWind>true</blockWind>
    <castEdgeShadows>true</castEdgeShadows>
    <fillPercent>1</fillPercent>
    <coversFloor>true</coversFloor>
    <placingDraggableDimensions>1</placingDraggableDimensions>
    <tickerType>Never</tickerType>
    <rotatable>false</rotatable>
    <selectable>true</selectable>
    <neverMultiSelect>true</neverMultiSelect>
    <terrainAffordanceNeeded>Medium</terrainAffordanceNeeded>
    <holdsRoof>true</holdsRoof>
    <designationCategory>Structure</designationCategory>
    <constructionSkillPrerequisite>8</constructionSkillPrerequisite>
    <researchPrerequisites>
      <li>RRY_YautjaTechBase</li>
    </researchPrerequisites>
    <stuffCategories>
      <li>Metallic</li>
      <li>Stony</li>
    </stuffCategories>
    <costStuffCount>5</costStuffCount>
    <staticSunShadowHeight>1.0</staticSunShadowHeight>
    <blockLight>true</blockLight>
    <canOverlapZones>false</canOverlapZones>
    <building>
      <isInert>true</isInert>
      <ai_chillDestination>false</ai_chillDestination>
      <blueprintGraphicData>
        <texPath>Things/Building/Linked/Wall_Blueprint_Atlas</texPath>
      </blueprintGraphicData>
    </building>
    <damageMultipliers>
      <li>
        <damageDef>Bomb</damageDef>
        <multiplier>1.5</multiplier>
      </li>
    </damageMultipliers>
    <designationHotKey>Misc3</designationHotKey>
  </ThingDef>-->
	
	

</Defs>