﻿<?xml version="1.0" encoding="utf-8" ?>
<Defs>
  <ThingDef Name="RRY_TurretBase" Abstract="True">
    <tickerType>Normal</tickerType>
    <category>Building</category>
    <thingClass>Building</thingClass>
    <useHitPoints>false</useHitPoints>
    <soundImpactDefault>BulletImpact_Metal</soundImpactDefault>
    <selectable>false</selectable>
    <drawerType>MapMeshAndRealTime</drawerType>
    <terrainAffordanceNeeded>Light</terrainAffordanceNeeded>
    <repairEffect>Repair</repairEffect>
    <leaveResourcesWhenKilled>false</leaveResourcesWhenKilled>
    <filthLeaving>Filth_RubbleBuilding</filthLeaving>
		<statBases>
			<SellPriceFactor>0.00</SellPriceFactor>
		</statBases>
  </ThingDef>

    <ThingDef ParentName="RRY_TurretBase">
    <defName>RRY_EquippableTurret</defName>
    <label>shoulder-mounted plasma caster</label>
    <description>A shoulder-mounted automatic plasma caster turret. Its dumb AI brain can't be directly controlled, so beware of friendly fire.</description>
	
	<thingClass>RRYautja.Building_Turret_Shoulder</thingClass>
    <!--
	<thingClass>Building_TurretGun</thingClass>
    -->
    <graphicData>
      <texPath>Things/Buildings/DummyTexture</texPath>
      <graphicClass>Graphic_Single</graphicClass>
    </graphicData>
    <stealable>false</stealable>
    <rotatable>false</rotatable>
    <selectable>false</selectable>
    <statBases>
      <ShootingAccuracyTurret>0.96</ShootingAccuracyTurret>
    </statBases>
    <tickerType>Normal</tickerType>
    <comps>
	
    </comps>
    <passability>Standable</passability>
    <terrainAffordanceNeeded>Light</terrainAffordanceNeeded>
    <building>
	  <ai_combatDangerous>false</ai_combatDangerous>
      <turretGunDef>RRY_Gun_ShoulderCannon</turretGunDef>
      <turretBurstCooldownTime>3.0</turretBurstCooldownTime>
	  
	  <isInert>true</isInert>
      <isEdifice>false</isEdifice>
      <deconstructible>false</deconstructible>
    </building>
    <placeWorkers>
      <li>PlaceWorker_TurretTop</li>
    </placeWorkers>
  </ThingDef>

  <ThingDef ParentName="BaseBullet">
    <defName>RRY_Bullet_PlasmaCaster</defName>
    <label>Plasma Cast</label>
    <graphicData>
      <texPath>Things/Projectile/Shoulder_Cannon_Projectile</texPath>
      <graphicClass>Graphic_Single</graphicClass>
    </graphicData>
    <projectile>
      <damageDef>Bullet</damageDef>
      <damageAmountBase>30</damageAmountBase>
      <speed>70</speed>
    </projectile>
  </ThingDef>
  
  <ThingDef ParentName="BaseWeaponTurret">
    <defName>RRY_Gun_ShoulderCannon</defName>
    <label>mini-plasma gun</label>
    <description>A simple automatic gun made to be mounted on a turret.</description>
    <graphicData>
      <texPath>DummyTexture</texPath>
      <graphicClass>Graphic_Single</graphicClass>
    </graphicData>
    <soundInteract>Interact_Rifle</soundInteract>
    <menuHidden>true</menuHidden>
    <destroyOnDrop>true</destroyOnDrop>
    <tradeability>None</tradeability>
    <useHitPoints>false</useHitPoints>
    <statBases>
      <AccuracyTouch>0.70</AccuracyTouch>
      <AccuracyShort>0.64</AccuracyShort>
      <AccuracyMedium>0.41</AccuracyMedium>
      <AccuracyLong>0.22</AccuracyLong>
      <RangedWeapon_Cooldown>1.0</RangedWeapon_Cooldown>
      <DeteriorationRate>0</DeteriorationRate>
      <Mass>5</Mass>
      <Flammability>0</Flammability>
    </statBases>
    <weaponTags Inherit="false">
      <li>TurretGun</li>
    </weaponTags>
    <verbs>
      <li>
        <verbClass>Verb_Shoot</verbClass>
        <hasStandardCommand>true</hasStandardCommand>
        <defaultProjectile>RRY_Bullet_PlasmaCaster</defaultProjectile>
        <warmupTime>0.5</warmupTime>
        <range>24.9</range>
        <ticksBetweenBurstShots>8</ticksBetweenBurstShots>
        <burstShotCount>1</burstShotCount>
        <soundCast>RRY_Shot_ShoulderCannon</soundCast>
        <soundCastTail>GunTail_Light</soundCastTail>
        <muzzleFlashScale>9</muzzleFlashScale>
        <consumeFuelPerShot>1</consumeFuelPerShot>
      </li>
    </verbs>
  </ThingDef>

  <!--

  <ThingDef ParentName="BaseHumanMakeableGun">
    <defName>Gun_MiniTurret</defName>
    <label>mini-turret gun</label>
    <description>A simple automatic gun made to be mounted on a turret.</description>
    <graphicData>
      <texPath>Things/Item/Equipment/WeaponRanged/ChargeRifle</texPath>
      <graphicClass>Graphic_Single</graphicClass>
    </graphicData>
    <soundInteract>Interact_Rifle</soundInteract>
    <menuHidden>true</menuHidden>
    <destroyOnDrop>true</destroyOnDrop>
    <tradeability>None</tradeability>
    <useHitPoints>false</useHitPoints>
    <statBases>
      <AccuracyTouch>0.70</AccuracyTouch>
      <AccuracyShort>0.64</AccuracyShort>
      <AccuracyMedium>0.41</AccuracyMedium>
      <AccuracyLong>0.22</AccuracyLong>
      <RangedWeapon_Cooldown>4.8</RangedWeapon_Cooldown>
      <DeteriorationRate>0</DeteriorationRate>
      <Mass>5</Mass>
      <Flammability>0</Flammability>
    </statBases>
    <weaponTags Inherit="false">
      <li>TurretGun</li>
    </weaponTags>
    <verbs>
      <li>
        <verbClass>Verb_Shoot</verbClass>
        <hasStandardCommand>true</hasStandardCommand>
        <defaultProjectile>Bullet_MiniTurret</defaultProjectile>
        <warmupTime>0</warmupTime>
        <range>24.9</range>
        <ticksBetweenBurstShots>8</ticksBetweenBurstShots>
        <burstShotCount>3</burstShotCount>
        <soundCast>GunShotA</soundCast>
        <soundCastTail>GunTail_Light</soundCastTail>
        <muzzleFlashScale>9</muzzleFlashScale>
        <consumeFuelPerShot>1</consumeFuelPerShot>
      </li>
    </verbs>
  </ThingDef>

  -->
</Defs>