<Defs>

  <ConceptDef>
    <defName>RRY_Concept_Gauntlet</defName>
    <label>AvP: Gauntlet</label>
    <needsOpportunity>True</needsOpportunity>
    <priority>50</priority>
    <highlightTags>
      
    </highlightTags>
    <helpText>Basic Equipment taken into the field by almost all Yautja when hunting.\n\nthe most basic versions of which contain just the Wristblade and Self Destruct decive carried by all hunters, it can only be removed by the wearer willfully.\n\nIt can be upgraded via reseach to also contain the MediComp, Shard Injector and Cloaking Device.</helpText>
  </ConceptDef>  
  
  <ConceptDef>
    <defName>RRY_Concept_Wistblade</defName>
    <label>AvP: Gauntlet - Wristblade</label>
    <needsOpportunity>True</needsOpportunity>
    <priority>50</priority>
    <highlightTags>
      
    </highlightTags>
    <helpText>One of the most Iconic peices of Yautja equipment, it is rare indeed to see a hunter without one.\n\nWhile the Hunter Gauntlet is equipped, the wearer gains an extra melee attack.</helpText>
  </ConceptDef>  
  
  <ConceptDef>
    <defName>RRY_Concept_SelfDestruct</defName>
    <label>AvP: Gauntlet - Self Destruct</label>
    <needsOpportunity>True</needsOpportunity>
    <priority>50</priority>
    <highlightTags>
      
    </highlightTags>
    <helpText>Yautja will go to extreme lengths to prevent their technology being scavenged by 'lesser' races, this device is one of the most extreme solutions.\n\nThe Device has two modes, a ten second timer and an instant trigger.\n\nThe Timer button acts as a toggle, so you can disarm it by clicking it again.\n\n WARNING!! There is No safty on the instant detonation trigger!.</helpText>
  </ConceptDef>  
  
  <ConceptDef>
    <defName>RRY_Concept_MediComp</defName>
    <label>AvP: Gauntlet - MediComp</label>
    <needsOpportunity>True</needsOpportunity>
    <priority>50</priority>
    <highlightTags>
      
    </highlightTags>
    <helpText>With the MediComp Upgrade.\n\nallows the wearer to tend to his own wounds in the field.\n\nThe tend quaility is the same as herbal medice.\n\nThere are no limits to how many time this can be used.</helpText>
  </ConceptDef>  
  
  <ConceptDef>
    <defName>RRY_Concept_ShardInjector</defName>
    <label>AvP: Gauntlet - Health Shards</label>
    <needsOpportunity>True</needsOpportunity>
    <priority>50</priority>
    <highlightTags>
      
    </highlightTags>
    <helpText>With the Shard Injector Upgrade.\n\nAllows the wearer to store and ustilize Health Shards to inject themself.\n\nWhen used, a Health Shard heals one of the worst untended wounds on the pawn, but it will not replace lost or destroyed parts.\n\nIt can store a naximum of three Health Shards.</helpText>
  </ConceptDef>  
  
  <ConceptDef>
    <defName>RRY_Concept_Cloak</defName>
    <label>AvP: Gauntlet - Cloaking Device</label>
    <needsOpportunity>True</needsOpportunity>
    <priority>50</priority>
    <highlightTags>
      
    </highlightTags>
    <helpText>One of the most well known and coverted peices of Yautja technology, Active Optical Cammoflage, it bends light around the user rendering them invisible.\n\nWhen active, the cloaking device renders the user almost perfectly invisible.\n\nHowever it can be disrupted by the wearer taking sufficent damage and rain can give away the wearers position.\n\n Rain and water Disruption planned but not yet implemented.</helpText>
  </ConceptDef>  
  
  <ConceptDef>
    <defName>RRY_Concept_Plasmacaster</defName>
    <label>AvP: Plasmacaster</label>
    <needsOpportunity>True</needsOpportunity>
    <priority>50</priority>
    <highlightTags>
      
    </highlightTags>
    <helpText>Another iconic peice of Yautja technology the plasmacaster offers a hands free ranged weapon.\n\nWhen active it will automaticlly target enemies in range, prioritizing the wearers target.</helpText>
  </ConceptDef>  
  
  <ConceptDef>
    <defName>RRY_Concept_SmartDisk</defName>
    <label>AvP: Smart Disk</label>
    <needsOpportunity>True</needsOpportunity>
    <priority>50</priority>
    <highlightTags>
      
    </highlightTags>
    <helpText>When a Yautja kill a worthy prey, they will have the option to mark themself with the blood of the kill.\n\nFind the creature the pawn killed in its health tab. Then right-click the creature and choose the option to mark yourself with it. Once done, the Yautja will get a permanent boost to mood.\n\n As the Yautja kill stronger games, they will be able to mark themsleves again and get a better permanent mood bonus.\n\n If the creature the Yautja killed is accidently destroyed before they can amrk themself, you can use the blood of a similar prey to mark the Yautja.</helpText>
  </ConceptDef>  
  
  <ConceptDef>
    <defName>RRY_Concept_CombiStaff</defName>
    <label>AvP: Combistaff</label>
    <needsOpportunity>True</needsOpportunity>
    <priority>50</priority>
    <highlightTags>
      
    </highlightTags>
    <helpText>When a Yautja kill a worthy prey, they will have the option to mark themself with the blood of the kill.\n\nFind the creature the pawn killed in its health tab. Then right-click the creature and choose the option to mark yourself with it. Once done, the Yautja will get a permanent boost to mood.\n\n As the Yautja kill stronger games, they will be able to mark themsleves again and get a better permanent mood bonus.\n\n If the creature the Yautja killed is accidently destroyed before they can amrk themself, you can use the blood of a similar prey to mark the Yautja.</helpText>
  </ConceptDef>  
  
 </Defs>  