<Defs>
  <ConceptDef>
    <defName>RRY_Concept_Cocoons</defName>
    <label>AvP: Cocoons</label>
    <needsOpportunity>True</needsOpportunity>
    <priority>50</priority>
    <highlightTags>
      <li>SidearmPrimary</li>
    </highlightTags>
    <!-- <helpText>Xenomorphs will kidnap downed pawn and bring them back to a safe place and cocoon them.\n\n The cocoon will keep the pawn alive and healthy until a Facehugger can impregnate the pawn. You can save the pawn by right-clicking the cocoon and selecting the option.\n\n If no Facehugger can impregnate the pawn, after a while the cocoon will disolve the colonist and transform into an egg.</helpText> -->
    <helpText>Xenomorphs will kidnap downed pawn and bring them back to a safe place and cocoon them.\n\n The cocoon will keep the pawn alive and healthy until a Facehugger can impregnate the pawn. You can save the pawn by selecting the cocoon and clicking the deconstruct button.\n\n If no Facehugger can impregnate the pawn, after a while the cocoon will disolve the colonist and transform into an egg.</helpText>
  </ConceptDef>
  
  <ConceptDef>
    <defName>RRY_Concept_Eggs</defName>
    <label>AvP: Ovomorph (Eggs)</label>
    <needsOpportunity>True</needsOpportunity>
    <priority>50</priority>
    <highlightTags>
      <li>SidearmPrimary</li>
    </highlightTags>
    <!-- <helpText>Xenomorphs will kidnap downed pawn and bring them back to a safe place and cocoon them.\n\n The cocoon will keep the pawn alive and healthy until a Facehugger can impregnate the pawn. You can save the pawn by right-clicking the cocoon and selecting the option.\n\n If no Facehugger can impregnate the pawn, after a while the cocoon will disolve the colonist and transform into an egg.</helpText> -->
    <helpText>Ovomorphs are the inital stage of a Xenomorphs lifecycle.\n\nThey will only hatch if there is an acceptable host nearby.\n\nIf no Queens, Royal Facehuggers, Embryos or eggs exsist on the map, it will slowly morph into a royal egg.\n\nOnly one Royal should exist on any map at any given time</helpText>
  </ConceptDef>
  
  <ConceptDef>
    <defName>RRY_Concept_Facehuggers</defName>
    <label>AvP: Facehuggers</label>
    <needsOpportunity>True</needsOpportunity>
    <priority>50</priority>
    <highlightTags>
      
    </highlightTags>
    <helpText>Facehuggers will attach themselves to pawns and any animal larger than a labradour in order to reproduce. It is possible to remove a Facehugger through a very risky surgery.\n\n Do so at your own risk!</helpText>
  </ConceptDef>
  
  <ConceptDef>
    <defName>RRY_Concept_Royalehuggers</defName>
    <label>AvP: Royal Facehuggers</label>
    <needsOpportunity>True</needsOpportunity>
    <priority>50</priority>
    <highlightTags>
      
    </highlightTags>
    <helpText>Royal Facehuggers differ from their more common kin in two ways.\n\n They have two embryos, and the first impregnation will Always be a Royal Embryo</helpText>
  </ConceptDef>
  
  <ConceptDef>
    <defName>RRY_Concept_Embryo</defName>
    <label>AvP: Xenomorph Embryos</label>
    <needsOpportunity>True</needsOpportunity>
    <priority>50</priority>
    <highlightTags>
      <li></li>
    </highlightTags>
    <helpText>Once impregnated, a pawn lives on borrowed time.\n\n It is possible to remove the Embryo through surgery.\n\n Do so at your own risk!</helpText>
  </ConceptDef>
  
  <ConceptDef>
    <defName>RRY_Concept_Chestbursters</defName>
    <label>AvP: Xenomorph Chestbursters</label>
    <needsOpportunity>True</needsOpportunity>
    <priority>50</priority>
    <highlightTags>
      <li></li>
    </highlightTags>
    <helpText>When a Chestburster bursts, it will flee any hostile presences. As soon as it reaches a certain distance, he will disappear in the surrounding, becoming completely invisible unless a hostile pawn is inside 6 squares of the Chestburster.</helpText>
  </ConceptDef>	
  
  <ConceptDef>
    <defName>RRY_Concept_Runners</defName>
    <label>AvP: Xenomorph Runners</label>
    <needsOpportunity>True</needsOpportunity>
    <priority>50</priority>
    <highlightTags>
      <li></li>
    </highlightTags>
    <helpText>Runners are the lowest castes of Xenomorph.\n\nUsually the product of a smaller inhuman host, usually quadrepedal and less intelligent as a side effect of the combination of Xenomorph and host DNA.</helpText>
  </ConceptDef>	
  
  <ConceptDef>
    <defName>RRY_Concept_Drones</defName>
    <label>AvP: Xenomorph Drones</label>
    <needsOpportunity>True</needsOpportunity>
    <priority>50</priority>
    <highlightTags>
      <li></li>
    </highlightTags>
    <helpText>Drones are the most common castes of xenomorph and spawned when a facehugger impregnates a humanlike or human sized host.\n\nThey posses the abbility to spit acid a short distance, they are also the main worker for a Xenomorph hive.</helpText>
  </ConceptDef>	
  
  <ConceptDef>
    <defName>RRY_Concept_Warriors</defName>
    <label>AvP: Xenomorph Warriors</label>
    <needsOpportunity>True</needsOpportunity>
    <priority>50</priority>
    <highlightTags>
      <li></li>
    </highlightTags>
    <helpText>Warriors are the second most common caste of Xenomorph spawned from a humanoid host.\n\nFaster, Stronger and harder to kill than drones, warriors are the mainstay of a hives forces.</helpText>
  </ConceptDef>	
  
  <ConceptDef>
    <defName>RRY_Concept_Predaliens</defName>
    <label>AvP: Xenomorph Predaliens</label>
    <needsOpportunity>True</needsOpportunity>
    <priority>50</priority>
    <highlightTags>
      <li></li>
    </highlightTags>
    <helpText>Predaliens only spawn when a facehugger impregnates a yautja, when fully grown they can impregnate female pawns.\n\nAnother side effect of the combination of Xenomorph and Yautja DNA is that the Predalien impregnations mature faster and can yield more than a single Xenomorph, a side effect of this is that it tends to only produce runners or drones.</helpText>
  </ConceptDef>	
  
  <ConceptDef>
    <defName>RRY_Concept_Queens</defName>
    <label>AvP: Xenomorph Queens</label>
    <needsOpportunity>True</needsOpportunity>
    <priority>50</priority>
    <highlightTags>
      <li></li>
    </highlightTags>
    <helpText>Queens only spawn from a royal facehuggers first impregnation, which will always spawn a queen regardless of the host.(Unless its a yautja, then a predalien is spawned instead).\n\nQueens are Tough as nails and pack a hell of a punch, a signle queen can take on two thrumbos at once and come out on top.\n\nQueens will lay eggs</helpText>
  </ConceptDef>
  
  <ConceptDef>
    <defName>RRY_Concept_Neomorphs</defName>
    <label>AvP: Neomorph</label>
    <needsOpportunity>True</needsOpportunity>
    <priority>50</priority>
    <highlightTags>
      <li></li>
    </highlightTags>
    <helpText>Neomorphs are the result of exsposure to an unknown spore like pathogen from a strange fungal growth.\n\nThey are weaker than most 'normal' xenomorphs, not possesing the spiked tail, but have a shorter gestation time.</helpText>
  </ConceptDef>
  
  <!--
  <ConceptDef>
    <defName>RRY_Concept_/defName>
    <label>AvP: Xenomorph </label>
    <needsOpportunity>True</needsOpportunity>
    <priority>50</priority>
    <highlightTags>
      <li></li>
    </highlightTags>
    <helpText>Predaliens only spawn when a facehugger impregnates a yautja, when fully grown they can impregnate female pawns.\n\nAnother side effect of the combination of Xenomorph and Yautja DNA is that the Predalien impregnations mature faster and can yield more than a single Xenomorph, a side effect of this is that it tends to only produce runners or drones.</helpText>
  </ConceptDef>	
  -->
  
  <ConceptDef>
    <defName>RRY_Concept_HiveLike</defName>
    <label>AvP: Tunnels</label>
    <needsOpportunity>True</needsOpportunity>
    <priority>50</priority>
    <highlightTags>
      <li>SidearmPrimary</li>
    </highlightTags>
    <helpText>Xenomorph Tunnels are similar to vanilla insect hives.\n\n Large tunnels serve as a hub, this is where potential hosts will be taken and will produce eggs and small tunnels.\n\n Small Tunnels are points from which they will attack from.</helpText>
  </ConceptDef>	
  
  <ConceptDef>
    <defName>RRY_Concept_ShipPart</defName>
    <label>AvP: Ship Parts</label>
    <needsOpportunity>True</needsOpportunity>
    <priority>50</priority>
    <highlightTags>
      <li>SidearmPrimary</li>
    </highlightTags>
    <helpText>Xenomorph Ship Parts are similar to vanilla Ship Parts.\n\n However their contents is different.\n\n They can drop Cryptotubes on destruction.</helpText>
  </ConceptDef>
  
  <ConceptDef>
    <defName>RRY_Concept_Fungus</defName>
    <label>AvP: Neo Fungus</label>
    <needsOpportunity>True</needsOpportunity>
    <priority>50</priority>
    <highlightTags>
      <li>SidearmPrimary</li>
    </highlightTags>
    <helpText>Neo Fungus is an agressive plant speicies and is the result of exsposure to the 'Black Goo' used by the Engineers.\n\nwhen fully grown it will .\n\n If no Facehugger can impregnate the pawn, after a while the cocoon will disolve the colonist and transform into an egg.</helpText>
  </ConceptDef>
  
 </Defs>  