﻿<?xml version="1.0" encoding="utf-8" ?>
<Defs>
  <!-- affecting opinion -->
	<ThoughtDef>
		<defName>RRY_HonourableVsBadBlood</defName>
		<thoughtClass>Thought_SituationalSocial</thoughtClass>
		<workerClass>ThoughtWorker_HonourableVsBadBlood</workerClass>
    <validWhileDespawned>true</validWhileDespawned>
		<stages>
			<li>
				<label>Honourable vs Bad Blood</label>
				<baseOpinionOffset>-50</baseOpinionOffset>
			</li>
		</stages>
	</ThoughtDef>

	<ThoughtDef>
		<defName>RRY_BadBloodVsHonourable</defName>
		<thoughtClass>Thought_SituationalSocial</thoughtClass>
		<workerClass>ThoughtWorker_BadBloodVsHonourable</workerClass>
    <validWhileDespawned>true</validWhileDespawned>
		<stages>
			<li>
				<label>Bad Blood vs Honourable</label>
				<baseOpinionOffset>-50</baseOpinionOffset>
			</li>
		</stages>
	</ThoughtDef>

<!--
	<ThoughtDef>
		<defName>YautjaVsOther</defName>
		<thoughtClass>Thought_SituationalSocial</thoughtClass>
		<workerClass>ThoughtWorker_BadBloodVsHonourable</workerClass>
    <validWhileDespawned>true</validWhileDespawned>
		<stages>
			<li>
				<label>Bad Blood vs Honourable</label>
				<baseOpinionOffset>-50</baseOpinionOffset>
			</li>
		</stages>
	</ThoughtDef>
-->
	
</Defs>
