﻿<?xml version="1.0" encoding="utf-8" ?>
<Defs>

	<ThoughtDef>
		<defName>RRY_Observed_Xenomorph</defName>
		<thoughtClass>Thought_MemoryObservation</thoughtClass>
		<durationDays>0.5</durationDays>
		<stackedEffectMultiplier>0.75</stackedEffectMultiplier>
		<stackLimit>100</stackLimit>
		<nullifyingTraits>
			<li>Psychopath</li>
			<li>Bloodlust</li>
		</nullifyingTraits>
		<stages>
			<li>
				<label>observed Xenomorph</label>
				<description>I saw an aggressive alien species. It was horrifying.</description>
				<baseMoodEffect>-4</baseMoodEffect>
			</li>
		</stages>
	</ThoughtDef>

</Defs>
