﻿<?xml version="1.0" encoding="utf-8" ?>
<Defs>
 <ThoughtDef>
    <defName>RRY_Disfigured</defName>
    <thoughtClass>Thought_SituationalSocial</thoughtClass>
    <workerClass>ThoughtWorker_Disfigured</workerClass>
    <validWhileDespawned>true</validWhileDespawned>
    <stages>
      <li>
        <label>scarred</label>
        <baseOpinionOffset>5</baseOpinionOffset>
      </li>
    </stages>
  </ThoughtDef>
  
  <ThoughtDef>
    <defName>RRY_Facehugged</defName>
    <workerClass>ThoughtWorker_RRY_Facehugger</workerClass>
    <hediff>RRY_FaceHuggerInfection</hediff>
    <validWhileDespawned>true</validWhileDespawned>
    <stages>
      <li>
        <label>parasite</label>
        <description>I dont kown what happened.....all i remember are nightmares about suffocating.</description>
        <baseMoodEffect>-20</baseMoodEffect>
      </li>
    </stages>
  </ThoughtDef>

  <ThoughtDef>
    <defName>RRY_Impregnated</defName>
    <workerClass>ThoughtWorker_RRY_Chestburster</workerClass>
    <hediff>RRY_XenomorphImpregnation</hediff>
    <validWhileDespawned>true</validWhileDespawned>
    <stages>
      <li>
        <label>Impregnated</label>
        <description>Its hopeless....theres nothing that can save me......</description>
        <baseMoodEffect>-30</baseMoodEffect>
      </li>
    </stages>
  </ThoughtDef>

</Defs>
