<?xml version="1.0" encoding="utf-8" ?>
<Defs>

  <DamageDef Name="BluntBase">
    <defName>RRY_XenoTailWhipBlunt</defName>
    <label>blunt</label>
    <workerClass>DamageWorker_Blunt</workerClass>
    <externalViolence>true</externalViolence>
    <deathMessage>{0} has been beaten to death.</deathMessage>
    <hediff>Crush</hediff>
    <hediffSkin>Bruise</hediffSkin>
    <hediffSolid>Crack</hediffSolid>
    <harmAllLayersUntilOutside>true</harmAllLayersUntilOutside>
    <impactSoundType>Blunt</impactSoundType>
    <armorCategory>Blunt</armorCategory>
    <overkillPctToDestroyPart>0.4~1.0</overkillPctToDestroyPart>
    <buildingDamageFactor>1.5</buildingDamageFactor>
    <bluntStunDuration>2.0</bluntStunDuration>
    <bluntInnerHitChance>0.4</bluntInnerHitChance>
    <bluntInnerHitDamageFractionToConvert>
      <min>0.1</min>
      <max>0.2</max>
    </bluntInnerHitDamageFractionToConvert>
    <bluntInnerHitDamageFractionToAdd>
      <min>0.2</min>
      <max>0.35</max>
    </bluntInnerHitDamageFractionToAdd>
    <bluntStunChancePerDamagePctOfCorePartToHeadCurve>
      <points>
        <li>(0.04, 0.20)</li>
        <li>(0.5, 1)</li>
      </points>
    </bluntStunChancePerDamagePctOfCorePartToHeadCurve>
    <bluntStunChancePerDamagePctOfCorePartToBodyCurve>
      <points>
        <li>(0.4, 0)</li>
        <li>(0.9, 0.15)</li>
      </points>
    </bluntStunChancePerDamagePctOfCorePartToBodyCurve>
  </DamageDef>

</Defs>
