<?xml version="1.0" encoding="utf-8" ?>
<Defs>
	<!--==================== Base Damage Type - STD =========================-->
	<DamageDef Name="RRY_LocalRangedInjuryBase" Abstract="True">
		<workerClass>DamageWorker_AddInjury</workerClass>
		<harmsHealth>true</harmsHealth>
		<isRanged>true</isRanged>
	</DamageDef>
	
	
  <DamageDef Name="BombBase">
    <defName>RRY_Bomb</defName>
    <label>bomb</label>
    <workerClass>DamageWorker_AddInjury</workerClass>
    <externalViolence>true</externalViolence>
    <isExplosive>true</isExplosive>
    <deathMessage>{0} has died in an explosion.</deathMessage>
    <hediff>Shredded</hediff>
    <hediffSolid>Crack</hediffSolid>
    <harmAllLayersUntilOutside>true</harmAllLayersUntilOutside>
    <impactSoundType>Blunt</impactSoundType>
    <armorCategory>Sharp</armorCategory>
    <minDamageToFragment>15</minDamageToFragment>
    <defaultDamage>50</defaultDamage>
    <defaultStoppingPower>0.5</defaultStoppingPower>
    <defaultArmorPenetration>0.10</defaultArmorPenetration>
    <buildingDamageFactor>4</buildingDamageFactor>
    <plantDamageFactor>4</plantDamageFactor>
    <explosionAffectOutsidePartsOnly>false</explosionAffectOutsidePartsOnly>
    <explosionHeatEnergyPerCell>5</explosionHeatEnergyPerCell>
    <explosionCellMote>Mote_BlastDry</explosionCellMote>
    <explosionColorCenter>(0.188,0.392,0.604)</explosionColorCenter>
    <explosionColorEdge>(0.8,0.898,1)</explosionColorEdge>
    <soundExplosion>Explosion_Bomb</soundExplosion>
    <combatLogRules>Damage_Bomb</combatLogRules>
  </DamageDef>

    <DamageDef ParentName="BombBase">
    <defName>RRY_BombSuper</defName>
    <defaultDamage>550</defaultDamage>
    <defaultStoppingPower>2.0</defaultStoppingPower>
    <defaultArmorPenetration>1.30</defaultArmorPenetration>
  </DamageDef>
	
	<DamageDef Name="RRY_PlasmaInjuryBase" ParentName="RRY_LocalRangedInjuryBase" Abstract="True">
		<externalViolence>true</externalViolence>
		<isExplosive>true</isExplosive>
		<hediff>Burn</hediff>
		<hediffSolid>Crack</hediffSolid>
		<harmAllLayersUntilOutside>true</harmAllLayersUntilOutside>
		<impactSoundType>Blunt</impactSoundType>
		<armorCategory>Heat</armorCategory>
		<combatLogRules>Damage_Bomb</combatLogRules>
	</DamageDef>
	
	<!--==================== Plasma Damage Type =========================-->
	<DamageDef ParentName="RRY_PlasmaInjuryBase">
		<defName>RRY_Plasma</defName>
		<label>plasma</label>
		<deathMessage>{0} caught a plasma bolt.</deathMessage>
		<defaultDamage>10</defaultDamage>
		<buildingDamageFactor>1</buildingDamageFactor>
	</DamageDef>
	
	<!--==================== Plasma Damage Type =========================-->
  <DamageDef>
    <defName>RRY_RangedCut</defName>
    <label>cut</label>
    <workerClass>DamageWorker_AddInjury</workerClass>
    <externalViolence>true</externalViolence>
    <deathMessage>{0} has been cut to death.</deathMessage>
    <hediff>Cut</hediff>
    <hediffSolid>Crack</hediffSolid>
    <impactSoundType>Slice</impactSoundType>
    <armorCategory>Sharp</armorCategory>
    <overkillPctToDestroyPart>0~0.7</overkillPctToDestroyPart>	
	<harmsHealth>true</harmsHealth>
	<isRanged>true</isRanged>
    <makesAnimalsFlee>true</makesAnimalsFlee>
  </DamageDef>
  
  <DamageDef>
    <defName>RRY_RangedStab</defName>
    <label>stab</label>
    <workerClass>DamageWorker_AddInjury</workerClass>
    <externalViolence>true</externalViolence>
    <deathMessage>{0} has been stabbed to death.</deathMessage>
    <hediff>Stab</hediff>
    <hediffSolid>Crack</hediffSolid>
    <impactSoundType>Slice</impactSoundType>
    <armorCategory>Sharp</armorCategory>
    <overkillPctToDestroyPart>0~0.7</overkillPctToDestroyPart>
	<harmsHealth>true</harmsHealth>
	<isRanged>true</isRanged>
    <makesAnimalsFlee>true</makesAnimalsFlee>
    <additionalHediffs>
	
    </additionalHediffs>
  </DamageDef>

  <DamageDef>
    <defName>RRY_RangedStab_Combi</defName>
    <label>stab</label>
    <workerClass>DamageWorker_AddInjury</workerClass>
    <!-- <workerClass>RRYautja.DamageWorker_CombiPin</workerClass> -->
    <externalViolence>true</externalViolence>
    <deathMessage>{0} has been fatally impaled.</deathMessage>
    <hediff>RRY_Impaled</hediff>
    <hediffSolid>Crack</hediffSolid>
    <impactSoundType>Slice</impactSoundType>
    <armorCategory>Sharp</armorCategory>
    <overkillPctToDestroyPart>0~0.7</overkillPctToDestroyPart>
    <isRanged>true</isRanged>
    <makesAnimalsFlee>true</makesAnimalsFlee>
    <additionalHediffs>
      <li>
        <hediff>RRY_Hediff_Pinned</hediff>
        <severityPerDamageDealt>1</severityPerDamageDealt>
        <!-- <victimSeverityScaling>PainShockThreshold</victimSeverityScaling> -->
      </li>
    </additionalHediffs>
  </DamageDef>

</Defs>