<?xml version="1.0" encoding="utf-8" ?>
<Defs>

<!--==================== Base Damage Type - No Camera Shake =========================-->	
	<DamageDef Name="RRYLocalRangedInjuryBaseFlameNoCamShake" Abstract="True">
		<workerClass>RRYautja.DamageWorker_FlameNoCamShake</workerClass>
	</DamageDef>
	
<!--==================== Flamer Damage Type =========================-->
	<DamageDef ParentName="RRYLocalRangedInjuryBaseFlameNoCamShake">
    <defName>RRY_Flamer</defName>
    <label>flame</label>
    <hasForcefulImpact>false</hasForcefulImpact>
    <makesBlood>false</makesBlood>
    <canInterruptJobs>false</canInterruptJobs>
    <externalViolence>true</externalViolence>
    <deathMessage>{0} has burned to death.</deathMessage>
    <hediff>Burn</hediff>
    <armorCategory>Heat</armorCategory>
    <minDamageToFragment>15</minDamageToFragment>
    <defaultDamage>10</defaultDamage>
    <defaultArmorPenetration>0</defaultArmorPenetration>
    <explosionHeatEnergyPerCell>15</explosionHeatEnergyPerCell>
    <explosionCellMote>Mote_BlastFlame</explosionCellMote>
    <explosionColorCenter>(1, 0.7, 0.7)</explosionColorCenter>
    <explosionColorEdge>(1, 1, 0.7)</explosionColorEdge>
    <soundExplosion>Explosion_Flame</soundExplosion>
    <combatLogRules>Damage_Flame</combatLogRules>
    <canUseDeflectMetalEffect>false</canUseDeflectMetalEffect>
  </DamageDef>
	
	
	</Defs>