﻿<?xml version="1.0" encoding="utf-8" ?>

<Defs>
  <BodyTypeDef>
    <defName>RRYYautjaMale</defName>
    <headOffset>(0.04, 0.34)</headOffset>
    <bodyNakedGraphicPath>Things/Pawn/Yautja/Bodies/Naked_Male</bodyNakedGraphicPath>
    <bodyDessicatedGraphicPath>Things/Pawn/Yautja/Dessicated/Dessicated_Male</bodyDessicatedGraphicPath>
  </BodyTypeDef>

  <BodyTypeDef>
    <defName>RRYYautjaFemale</defName>
    <headOffset>(0.10, 0.34)</headOffset>
    <bodyNakedGraphicPath>Things/Pawn/Yautja/Bodies/Naked_Female</bodyNakedGraphicPath>
    <bodyDessicatedGraphicPath>Things/Pawn/Yautja/Dessicated/Dessicated_Male</bodyDessicatedGraphicPath>
  </BodyTypeDef>
<!--  
  <BodyTypeDef>
    <defName>YautjaMale</defName>
    <headOffset>(0.04, 0.34)</headOffset>
    <bodyNakedGraphicPath>Things/Pawn/Humanlike/Bodies/Naked_Male</bodyNakedGraphicPath>
    <bodyDessicatedGraphicPath>Things/Pawn/Humanlike/Bodies/Dessicated/Dessicated_Male</bodyDessicatedGraphicPath>
  </BodyTypeDef>

  <BodyTypeDef>
    <defName>YautjaFemale</defName>
    <headOffset>(0.10, 0.34)</headOffset>
    <bodyNakedGraphicPath>Things/Pawn/Humanlike/Bodies/Naked_Female</bodyNakedGraphicPath>
    <bodyDessicatedGraphicPath>Things/Pawn/Humanlike/Bodies/Dessicated/Dessicated_Thin</bodyDessicatedGraphicPath>
  </BodyTypeDef>
-->
</Defs>
