﻿<?xml version="1.0" encoding="utf-8" ?>
<Defs>
  <ManeuverDef>
    <defName>RRY_TailWhip</defName>
    <requiredCapacity>RRY_TailWhip</requiredCapacity>
    <verb>
      <verbClass>RRYautja.Verb_MeleeAttackKnockback</verbClass>
      <meleeDamageDef>RRY_XenoTailWhipBlunt</meleeDamageDef>
    </verb>
    <logEntryDef>MeleeAttack</logEntryDef>
    <combatLogRulesHit>Maneuver_Smash_MeleeHit</combatLogRulesHit>
    <combatLogRulesDeflect>Maneuver_Smash_MeleeDeflect</combatLogRulesDeflect>
    <combatLogRulesMiss>Maneuver_Smash_MeleeMiss</combatLogRulesMiss>
    <combatLogRulesDodge>Maneuver_Smash_MeleeDodge</combatLogRulesDodge>
  </ManeuverDef>
<!--
  <ManeuverDef>
    <defName>ToxicBite</defName>
    <requiredCapacity>ToxicBite</requiredCapacity>
    <verb>
      <verbClass>Verb_MeleeAttackDamage</verbClass>
      <meleeDamageDef>ToxicBite</meleeDamageDef>
    </verb>
    <logEntryDef>MeleeAttack</logEntryDef>
    <combatLogRulesHit>Maneuver_Bite_MeleeHit</combatLogRulesHit>
    <combatLogRulesDeflect>Maneuver_Bite_MeleeDeflect</combatLogRulesDeflect>
    <combatLogRulesMiss>Maneuver_Bite_MeleeMiss</combatLogRulesMiss>
    <combatLogRulesDodge>Maneuver_Bite_MeleeDodge</combatLogRulesDodge>
  </ManeuverDef>
-->
</Defs>
