﻿<?xml version="1.0" encoding="utf-8" ?>
<Defs>
	<!--OG==================== Rebelrot's Yautja Mod - Research Tech =========================OG-->
	<ResearchProjectDef>
		<tab>RRY_RTab</tab>
		<defName>RRY_XenomorphCrafting</defName>
		<label>Xenomorph Crafting</label>
		<description>Allows you to create basic Weapons and Armours out of parts of Xenomorphs</description>
		<baseCost>1500</baseCost>
		<prerequisites>
			<!-- <li>BasicYautjaConstruction</li> -->
		</prerequisites>
		<techLevel>Industrial</techLevel> 
		<!-- <requiredResearchBuilding>HiTechResearchBench</requiredResearchBuilding> -->
		<researchViewX>0</researchViewX>
		<researchViewY>0</researchViewY>
	</ResearchProjectDef>
	
	<!-- Commented out in case we ever want to revert back to Armour and Wapon Crafting later - acide_bob
	
	<ResearchProjectDef>
		<tab>RRY_RTab</tab>
		<defName>RRY_XenomorphArmour</defName>
		<label>Xenomorph Armour</label>
		<description>Allows you to create basic Armour out of parts of Xenomorphs</description>
		<baseCost>1000</baseCost>
		<prerequisites>
			 <li>BasicYautjaConstruction</li> 
		</prerequisites>
		<techLevel>Industrial</techLevel> 
		 <requiredResearchBuilding>HiTechResearchBench</requiredResearchBuilding> 
		<researchViewX>0</researchViewX>
		<researchViewY>0.5</researchViewY>
	</ResearchProjectDef>
	-->
	
	<!--OG==================== Rebelrot's Yautja Mod - Research Tech =========================OG-->
	<ResearchProjectDef>
		<tab>RRY_RTab</tab>
		<defName>RRY_YautjaTechBase</defName>
		<label>Yautja Basic tech</label>
		<description>Allows you to create basic level Yautja tech</description>
		<baseCost>1000</baseCost>
		<prerequisites>
			<!-- <li>BasicYautjaConstruction</li> -->
		</prerequisites>
		<techLevel>Industrial</techLevel> 
		<!-- <requiredResearchBuilding>HiTechResearchBench</requiredResearchBuilding> -->
		<researchViewX>0</researchViewX>
		<researchViewY>2</researchViewY>
	</ResearchProjectDef>
	
	<ResearchProjectDef>
		<tab>RRY_RTab</tab>
		<defName>RRY_YautjaTechMid</defName>
		<label>Yautja Common tech</label>
		<description>Allows you to create mid level Yautja tech</description>
		<baseCost>2000</baseCost>
		<prerequisites>
			<li>RRY_YautjaTechBase</li>
		</prerequisites>
		<techLevel>Industrial</techLevel>
		<requiredResearchBuilding>HiTechResearchBench</requiredResearchBuilding>
		<researchViewX>1.3</researchViewX>
		<researchViewY>2.0</researchViewY>
	</ResearchProjectDef>
	
	<ResearchProjectDef>
		<tab>RRY_RTab</tab>
		<defName>RRY_YautjaTechHigh</defName>
		<label>Yautja Advanced tech</label>
		<description>Allows you to create high level Yautja tech</description>
		<baseCost>4000</baseCost>
		<prerequisites>
			<li>RRY_YautjaTechMid</li>
		</prerequisites>
		<techLevel>Industrial</techLevel>
		<requiredResearchBuilding>HiTechResearchBench</requiredResearchBuilding>
    <requiredResearchFacilities>
      <li>MultiAnalyzer</li>
    </requiredResearchFacilities>
		<researchViewX>2.3</researchViewX>
		<researchViewY>2.0</researchViewY>
	</ResearchProjectDef>

	<!--OG==================== Rebelrot's Yautja Mod - Research Weapons =========================OG-->
	<!--OG==================== Rebelrot's Yautja Mod - Melee Weapons =========================OG-->
	<ResearchProjectDef>
		<tab>RRY_RTab</tab>
		<defName>RRY_YautjaMelee_Basic</defName>
		<label>Simple Melee Weapons</label>
		<description>Allows you to create basic Yautja Melee Weapons</description>
		<baseCost>500</baseCost>
		<prerequisites>
			<li>RRY_YautjaTechBase</li>
		</prerequisites>
		<techLevel>Industrial</techLevel>
		<requiredResearchBuilding>HiTechResearchBench</requiredResearchBuilding>
		<researchViewX>1.00</researchViewX>
		<researchViewY>2.75</researchViewY>
	</ResearchProjectDef>

	<ResearchProjectDef>
		<tab>RRY_RTab</tab>
		<defName>RRY_YautjaMelee_Special</defName>
		<label>Special Melee Weapons</label>
		<description>Allows you to create Special Yautja Melee Weapons</description>
		<baseCost>1000</baseCost>
		<prerequisites>
			<li>RRY_YautjaTechMid</li>
			<li>RRY_YautjaMelee_Basic</li>
		</prerequisites>
		<techLevel>Industrial</techLevel>
		<requiredResearchBuilding>HiTechResearchBench</requiredResearchBuilding>
		<researchViewX>2.15</researchViewX>
		<researchViewY>2.75</researchViewY>
	</ResearchProjectDef>
	
	<!--OG==================== Rebelrot's Yautja Mod - Ranged Weapons =========================OG-->
	<ResearchProjectDef>
		<tab>RRY_RTab</tab>
		<defName>RRY_YautjaRanged_Basic</defName>
		<label>Simple Ranged Weapons</label>
		<description>Allows you to create basic Yautja Ranged Weapons</description>
		<baseCost>500</baseCost>
		<prerequisites>
			<li>RRY_YautjaTechBase</li>
		</prerequisites>
		<techLevel>Industrial</techLevel>
		<researchViewX>1</researchViewX>
		<researchViewY>1</researchViewY>
	</ResearchProjectDef>
	
	<ResearchProjectDef>
		<tab>RRY_RTab</tab>
		<defName>RRY_YautjaRanged_Med</defName>
		<label>Ranged Weapons</label>
		<description>Allows you to create common Yautja Ranged Weapons</description>
		<baseCost>1000</baseCost>
		<prerequisites>
			<li>RRY_YautjaTechMid</li>
			<li>RRY_YautjaRanged_Basic</li>
		</prerequisites>
		<techLevel>Industrial</techLevel>
		<requiredResearchBuilding>HiTechResearchBench</requiredResearchBuilding>
		<researchViewX>2.15</researchViewX>
		<researchViewY>1</researchViewY>
	</ResearchProjectDef>
	
	<ResearchProjectDef>
		<tab>RRY_RTab</tab>
		<defName>RRY_YautjaRanged_Adv</defName>
		<label>Advanced Ranged Weapons</label>
		<description>Allows you to create advanced Yautja Ranged Weapons</description>
		<baseCost>2000</baseCost>
		<prerequisites>
			<li>RRY_YautjaTechHigh</li>
			<li>RRY_YautjaRanged_Med</li>
		</prerequisites>
		<techLevel>Industrial</techLevel>
		<requiredResearchBuilding>HiTechResearchBench</requiredResearchBuilding>
    <requiredResearchFacilities>
      <li>MultiAnalyzer</li>
    </requiredResearchFacilities>
		<researchViewX>3.20</researchViewX>
		<researchViewY>1</researchViewY>
	</ResearchProjectDef>
	
	<!--OG==================== Rebelrot's Yautja Mod - Research Upgrades =========================OG-->
	<ResearchProjectDef>
		<tab>RRY_RTab</tab>
		<defName>RRY_YautjaMediComp</defName>
		<label>Medi Comp</label>
		<description>Adds a Medi Comp to the Wristblade Gauntlet</description>
		<baseCost>1000</baseCost>
		<prerequisites>
			<li>RRY_YautjaTechMid</li>
			<!-- <li>RRY_YautjaMelee_Special</li> -->
		</prerequisites>
		<techLevel>Industrial</techLevel>
		<requiredResearchBuilding>HiTechResearchBench</requiredResearchBuilding>
		<researchViewX>2</researchViewX>
		<researchViewY>3.5</researchViewY>
	</ResearchProjectDef>	
	
	<ResearchProjectDef>
		<tab>RRY_RTab</tab>
		<defName>RRY_YautjaHealthShard</defName>
		<label>Shard Injector</label>
		<description>Adds a Shard Injector to the Wristblade Gauntlet's Medicomp</description>
		<baseCost>2000</baseCost>
		<prerequisites>
			<li>RRY_YautjaTechHigh</li>
			<li>RRY_YautjaMediComp</li>
			<li>RRY_YautjaMelee_Special</li>
		</prerequisites>
		<techLevel>Industrial</techLevel>
		<requiredResearchBuilding>HiTechResearchBench</requiredResearchBuilding>
		<requiredResearchFacilities>
		  <li>MultiAnalyzer</li>
		</requiredResearchFacilities>
		<researchViewX>3.20</researchViewX>
		<researchViewY>3.5</researchViewY>
	</ResearchProjectDef>	
	
	<ResearchProjectDef>
		<tab>RRY_RTab</tab>
		<defName>RRY_YautjaCloakGenerator</defName>
		<label>Cloaking Generator</label>
		<description>Adds a Cloaking Generator to the Wristblade Gauntlet</description>
		<baseCost>4000</baseCost>
		<prerequisites>
			<li>RRY_YautjaTechHigh</li>
			<li>RRY_YautjaMelee_Special</li>
		</prerequisites>
		<techLevel>Industrial</techLevel>
		<requiredResearchBuilding>HiTechResearchBench</requiredResearchBuilding>
    <requiredResearchFacilities>
      <li>MultiAnalyzer</li>
    </requiredResearchFacilities>
		<researchViewX>3.20</researchViewX>
		<researchViewY>2.75</researchViewY>
	</ResearchProjectDef>	
	
	<!--OG==================== Rebelrot's Yautja Mod - Rearmable Traps =========================OG-->
	<ResearchProjectDef>
		<tab>RRY_RTab</tab>
		<defName>RRY_Yautja_Traps</defName>
		<label>Basic Yautja Traps</label>
		<description>Allows you to create basic (Rearmable) Yautja Traps</description>
		<baseCost>1500</baseCost>
		<prerequisites>
			<li>RRY_YautjaTechMid</li>
		</prerequisites>
		<techLevel>Industrial</techLevel>
		<researchViewX>1.75</researchViewX>
		<researchViewY>4.25</researchViewY>
	</ResearchProjectDef>

	<!--OG==================== Rebelrot's Yautja Mod - Carapace Armours =========================OG-->

	<ResearchProjectDef>
		<tab>Main</tab>
		<defName>RRY_USCM_CarapaceArmor</defName>
		<label>Carapace Armours</label>
		<description>Allows you to create advanced personal armours.</description>
		<baseCost>1750</baseCost>
		<prerequisites>
			<li>MicroelectronicsBasics</li>
			<li>FlakArmor</li>
		</prerequisites>
		<techLevel>Spacer</techLevel>
		<researchViewX>9.5</researchViewX>
		<researchViewY>5.0</researchViewY>
	</ResearchProjectDef>

</Defs>