﻿<?xml version="1.0" encoding="utf-8" ?>
<Defs>
<!--
  <DutyDef>
    <defName>RRY_Xenomorph_Escort</defName>
    <alwaysShowWeapon>true</alwaysShowWeapon>
    <thinkNode Class="ThinkNode_Priority">
      <subNodes>
        <li Class="JobGiver_AIDefendEscortee">
          <targetAcquireRadius>65</targetAcquireRadius>
          <targetKeepRadius>72</targetKeepRadius>
        </li>
        <li Class="JobGiver_AIFollowEscortee"/>
        <li Class="ThinkNode_Subtree">
          <treeDef>SatisfyVeryUrgentNeeds</treeDef>
        </li> 
        <li Class="JobGiver_WanderNearDutyLocation">
          <wanderRadius>8</wanderRadius>
        </li>
      </subNodes>
    </thinkNode>
  </DutyDef>
  
  <DutyDef>
    <defName>RRY_Xenomorph_HuntEnemiesIndividual</defName>
    <alwaysShowWeapon>true</alwaysShowWeapon>
    <thinkNode Class="ThinkNode_Priority">
      <subNodes>
        <li Class="JobGiver_TakeCombatEnhancingDrug" />
        <li Class="JobGiver_XenomorphFightEnemies">
          <targetAcquireRadius>65</targetAcquireRadius>
          <targetKeepRadius>72</targetKeepRadius>
        </li>
        <li Class="JobGiver_AITrashColonyClose" />
        <li Class="JobGiver_AITrashBuildingsDistant" />
        <li Class="JobGiver_AIGotoNearestHostile" />
      </subNodes>
    </thinkNode>
  </DutyDef>
  <DutyDef>
    <defName>Kidnap</defName>
    <thinkNode Class="ThinkNode_Priority">
      <subNodes>
        <li Class="JobGiver_XenosKidnap" />
        <li Class="JobGiver_ExitMapBest">
          <defaultLocomotion>Jog</defaultLocomotion>
          <jobMaxDuration>200</jobMaxDuration>
          <forceCanDig>true</forceCanDig>
        </li>
      </subNodes>
    </thinkNode>
  </DutyDef>

  <DutyDef>
    <defName>RRY_Xenomorph_TakeWoundedGuest</defName>
    <thinkNode Class="ThinkNode_Priority">
      <subNodes>
        <li Class="JobGiver_TakeWoundedGuest" />
        <li Class="JobGiver_ExitMapBest">
          <defaultLocomotion>Jog</defaultLocomotion>
          <jobMaxDuration>500</jobMaxDuration>
          <forceCanDigIfAnyHostileActiveThreat>true</forceCanDigIfAnyHostileActiveThreat>
          <forceCanDigIfCantReachMapEdge>true</forceCanDigIfCantReachMapEdge>
        </li>
      </subNodes>
    </thinkNode>
  </DutyDef>
  
-->

  <DutyDef>
    <defName>RRY_Xenomorph_AssaultColony</defName>
    <alwaysShowWeapon>true</alwaysShowWeapon>
    <thinkNode Class="ThinkNode_Priority">
      <subNodes>
        <!-- <li Class="JobGiver_TakeCombatEnhancingDrug" /> -->
        <li Class="JobGiver_AIFightEnemies">
          <targetAcquireRadius>65</targetAcquireRadius>
          <targetKeepRadius>72</targetKeepRadius>
        </li>
      <!--  <li Class="JobGiver_AITrashColonyClose" />
        <li Class="JobGiver_AITrashBuildingsDistant" /> -->
        <li Class="JobGiver_AIGotoNearestHostile" /> 
        <!-- <li Class="JobGiver_AITrashBuildingsDistant">
          <attackAllInert>true</attackAllInert>
        </li>
        <li Class="JobGiver_AISapper">
          <canMineNonMineables>false</canMineNonMineables>
        </li> 
		-->
      </subNodes>
    </thinkNode>
  </DutyDef>

  <DutyDef>
    <defName>RRY_Xenomorph_HuntEnemiesIndividual</defName>
    <alwaysShowWeapon>true</alwaysShowWeapon>
    <thinkNode Class="ThinkNode_Priority">
      <subNodes>
        <li Class="JobGiver_AIFightEnemies">
          <targetAcquireRadius>65</targetAcquireRadius>
          <targetKeepRadius>72</targetKeepRadius>
        </li>
        <li Class="JobGiver_AIGotoNearestHostile" />
      </subNodes>
    </thinkNode>
  </DutyDef>

  <DutyDef>
    <defName>RRY_Xenomorph_AssaultColony_CutPower</defName>
    <alwaysShowWeapon>true</alwaysShowWeapon>
    <thinkNode Class="ThinkNode_Priority">
      <subNodes>
        <li Class="JobGiver_AICutColonyPowerClose" />
        <li Class="JobGiver_AIFightEnemies">
          <targetAcquireRadius>65</targetAcquireRadius>
          <targetKeepRadius>72</targetKeepRadius>
        </li>
        <li Class="JobGiver_AIGotoNearestHostile" />
        <li Class="JobGiver_AISapper">
          <canMineNonMineables>false</canMineNonMineables>
        </li>
      </subNodes>
    </thinkNode>
  </DutyDef>
  
  <DutyDef>
    <defName>RRY_Xenomorph_Kidnap</defName>
    <thinkNode Class="ThinkNode_Priority">
      <subNodes>
        <li Class="JobGiver_XenosKidnap" />
		<!--
        <li Class="JobGiver_ExitMapBest">
          <defaultLocomotion>Jog</defaultLocomotion>
          <jobMaxDuration>200</jobMaxDuration>
          <forceCanDig>true</forceCanDig>
        </li>
		-->
      </subNodes>
    </thinkNode>
  </DutyDef>
  
  <DutyDef>
    <defName>RRY_Xenomorph_DefendHiveLoc</defName>
    <alwaysShowWeapon>true</alwaysShowWeapon>
    <thinkNode Class="ThinkNode_Priority">
      <!-- Todo here - if outside of duty radius, go to within duty radius-->
      <!-- Currently this is handled by a hack in JobGiver_AIFightBase-->
      <subNodes>
        <li Class="JobGiver_AIDefendPoint">
          <targetAcquireRadius>65</targetAcquireRadius>
          <targetKeepRadius>72</targetKeepRadius>
        </li>
        <li Class="ThinkNode_ForbidOutsideFlagRadius">
          <maxDistToSquadFlag>16</maxDistToSquadFlag>
          <subNodes>
            <li Class="ThinkNode_Subtree">
              <treeDef>SatisfyBasicNeedsAndWork</treeDef>
            </li>
          </subNodes>
        </li>
        <li Class="JobGiver_WanderNearDutyLocation">
          <wanderRadius>8</wanderRadius>
        </li>
      </subNodes>
    </thinkNode>
  </DutyDef>

  <DutyDef>
    <defName>RRY_Xenomorph_DefendAndExpandHive</defName> 
    <thinkNode Class="ThinkNode_Priority">
      <subNodes>
	  
		<li Class="ThinkNode_ConditionalXenomorphCannotReachHive">
		  <subNodes>
			<li Class="JobGiver_XenomorphForceGoToHive">
				<forceCanDig>true</forceCanDig>
			</li>
		  </subNodes>
		</li>	
		
		<li Class="JobGiver_MineOutHive"> 
		</li>
		<li Class="JobGiver_ClearHiveEggZone" />
		<!-- Drone -->
		<li Class="ThinkNode_ConditionalPawnKind">
		  <pawnKind>RRY_Xenomorph_Drone</pawnKind>
		  <subNodes>
			<li Class="JobGiver_ConstructHive"> 
			</li>
			<!--
			<li Class="JobGiver_AISapper">
			  <canMineNonMineables>false</canMineNonMineables>
			</li>
			-->
		  </subNodes>
		</li>
		
        <li Class="JobGiver_MaintainHiveLikes">
          <onlyIfDamagingState>true</onlyIfDamagingState>
        </li>
		
		<li Class="JobGiver_XenosKidnap"> 
          <HuntingRange>12</HuntingRange>
          <allowHosts>true</allowHosts>
        </li>
		
		<li Class="ThinkNode_Conditional_UnderHealth">
		  <pawnHealth>0.25</pawnHealth>
		  <subNodes>
			<li Class="JobGiver_MaintainHiveLikes">
			  <onlyIfDamagingState>true</onlyIfDamagingState>
			</li>
			
			<!-- Lay eggs you need to -->
			<li Class="JobGiver_LayXenoEgg" />
			
			<li Class="JobGiver_Xenomorph_GetFood"> 
			  <minCategory>Fed</minCategory>
			</li>
			
			<li Class="JobGiver_ClearHiveEggZone"> 
			  <ClearingRange>2</ClearingRange>
			</li>
			
			<li Class="JobGiver_WanderHiveLike">
			  <maxDanger>Deadly</maxDanger>
			</li>
			  
		  </subNodes>
		</li>
		
		<!-- Queen -->
		<li Class="ThinkNode_ConditionalPawnKind">
		  <pawnKind>RRY_Xenomorph_Queen</pawnKind>
		  <subNodes>
			<li Class="JobGiver_HiveLikeDefense">
			  <needLOSToAcquireNonPawnTargets>true</needLOSToAcquireNonPawnTargets>
			  <targetAcquireRadius>10</targetAcquireRadius>
			  <chaseTarget>false</chaseTarget>
			</li>
			
			<li Class="JobGiver_ClearHiveEggZone"> 
			  <ClearingRange>2</ClearingRange>
			</li>
			
			<!-- Lay eggs you need to -->
			<li Class="JobGiver_LayXenoEgg" />
			
			<li Class="JobGiver_ConstructHive"> 
			</li>
			
			<!-- Under Half HP -->
			<li Class="ThinkNode_Conditional_UnderHealth">
			  <pawnHealth>0.5</pawnHealth>
			  <subNodes>
				<li Class="JobGiver_MineOutHive"> 
				</li>
				<li Class="JobGiver_WanderHiveLike">
					<maxDanger>Deadly</maxDanger>
				</li>
			  </subNodes>
			</li>
				
			<!-- Dark out -->
			<li Class="ThinkNode_ConditionalSkyDarker">
			  <Brightness>0.5</Brightness>
			  <subNodes>
					<!-- Under Facehugged Count -->
					<li Class="ThinkNode_ConditionalFacehuggedCountLesser">
					  <victimCount>2</victimCount>
					  <subNodes>
					  
					<!-- Under Impregnated Count -->
					<li Class="ThinkNode_ConditionalImpregnatedCountLesser">
					  <victimCount>2</victimCount>
					  <subNodes>
					  
						<!-- There Are No Drones! -->
						<li Class="ThinkNode_ConditionalPawnKindCountLesser">
						  <pawnKind>RRY_Xenomorph_Drone</pawnKind>
						  <pawnKindCount>1</pawnKindCount>
						  <subNodes>
						  
							<!-- Infectable Spawned -->
							<li Class="ThinkNode_ConditionalAnyInfectableSpawnedNearby">
							  <subNodes>
							<li Class="JobGiver_XenosKidnap"> 
							</li>
								<li Class="ThinkNode_Conditional_OverHealth">
								  <pawnHealth>0.5</pawnHealth>
								  <subNodes>
									<li Class="JobGiver_XenomorphHosthunter"> 
									  <!-- <HuntingRange>60</HuntingRange> -->
									</li>
								  </subNodes>
								</li>
							  </subNodes>
							</li>
						  </subNodes>
						</li>
							
						<!-- There Are No Warriors! -->
						<li Class="ThinkNode_ConditionalPawnKindCountLesser">
						  <pawnKind>RRY_Xenomorph_Warrior</pawnKind>
						  <pawnKindCount>1</pawnKindCount>
						  <subNodes>
							<!-- Infectable Spawned -->
							<li Class="ThinkNode_ConditionalAnyInfectableSpawnedNearby">
							  <subNodes>
							<li Class="JobGiver_XenosKidnap"> 
							</li>
								<li Class="ThinkNode_Conditional_OverHealth">
								  <pawnHealth>0.5</pawnHealth>
								  <subNodes>
									<li Class="JobGiver_XenomorphHosthunter"> 
									  <!-- <HuntingRange>60</HuntingRange> -->
									</li>
								  </subNodes>
								</li>
							  </subNodes>
							</li>
						  </subNodes>
						</li>
						
					  </subNodes>
					</li>
					
					  </subNodes>
					</li>
					
			  </subNodes>
			</li>
		
			<!--
			<li Class="JobGiver_MineRandomNearHive"> 
			  <MiningRange>6</MiningRange>
			</li>
			-->
			
			<li Class="RRYautja.JobGiver_EnterHiveTunnel"/>
			
		  </subNodes>
		</li>
		

        <li Class="JobGiver_HiveLikeDefense">
          <needLOSToAcquireNonPawnTargets>true</needLOSToAcquireNonPawnTargets>
          <targetAcquireRadius>30</targetAcquireRadius>
          <chaseTarget>false</chaseTarget>
        </li>
        <li Class="ThinkNode_ChancePerHour_Constant">
          <mtbHours>5</mtbHours>
          <subNodes>
            <li Class="JobGiver_MaintainHiveLikes" />
          </subNodes>
        </li>
        <li Class="JobGiver_MaintainHiveLikes">
          <onlyIfDamagingState>true</onlyIfDamagingState>
        </li>
		<!-- Not Queen -->
		<li Class="ThinkNode_ConditionalNotPawnKind">
		  <pawnKind>RRY_Xenomorph_Queen</pawnKind>
		  <subNodes>
			<!-- Downed Infectable Spawned -->
			<li Class="ThinkNode_ConditionalAnyDownedInfectableSpawnedNearby">
			  <subNodes>
				<li Class="JobGiver_XenosKidnap"> 
				</li>
			  </subNodes>
			</li>
			<!-- Infectable Spawned -->
			<li Class="ThinkNode_ConditionalAnyInfectableSpawnedNearby">
			  <subNodes>
				<li Class="ThinkNode_Conditional_OverHealth">
				  <pawnHealth>0.75</pawnHealth>
				  <subNodes>
					<li Class="JobGiver_XenomorphHosthunter"> 
						<HuntingRange>40</HuntingRange>
						<!--requireLOS>false</requireLOS-->
					</li>
				  </subNodes>
				</li>
			  </subNodes>
			</li>
		  </subNodes>
		</li>
        <li Class="ThinkNode_ConditionalBodySize">
          <min>0.7</min>
          <subNodes>
            <li Class="ThinkNode_ConditionalHiveCanReproduce">
              <subNodes>
                <li Class="ThinkNode_ChancePerHour_XenomorphDigChance">
                  <subNodes>
                    <li Class="JobGiver_MineRandom" />
                  </subNodes>
                </li>
              </subNodes>
            </li>
          </subNodes>
        </li>
        <li Class="ThinkNode_Tagger">
          <tagToGive>SatisfyingNeeds</tagToGive>
          <subNodes>
            <li Class="ThinkNode_PrioritySorter">
              <subNodes>
                <li Class="JobGiver_GetFood" />
                <li Class="JobGiver_GetRest" />
              </subNodes>
            </li>
          </subNodes>
        </li>
		<li Class="ThinkNode_ConditionalCannotReachMapEdge">
		  <subNodes>
			<li Class="ThinkNode_Subtree">
			  <treeDef>RRY_DigOutIfCannotReachMapEdge</treeDef>
			</li>
		  </subNodes>
		</li>
		
		<li Class="ThinkNode_ConditionalSkyDarker">
		  <Brightness>0.5</Brightness>
		  <subNodes>
		  <!-- Runner -->
			<li Class="ThinkNode_ConditionalPawnKind">
			  <pawnKind>RRY_Xenomorph_Runner</pawnKind>
			  <subNodes>
				<li Class="ThinkNode_Conditional_OverHealth">
				  <pawnHealth>0.75</pawnHealth>
				  <subNodes>
					<li Class="RRYautja.JobGiver_WanderCloserToHosts">
					  <maxDanger>Deadly</maxDanger>
					  <wanderRadius>12</wanderRadius>
					  <locomotionUrgency>Jog</locomotionUrgency>
					</li>
				  </subNodes>
				</li>
			  </subNodes>
			</li>
		  </subNodes>
		</li>
		
		<li Class="ThinkNode_ConditionalSkyBrighter">
		  <Brightness>0.75</Brightness>
		  <subNodes>
		  
			<li Class="RRYautja.JobGiver_EnterHiveTunnel"/>
		  <!-- Runner -->
		  <!--
			<li Class="ThinkNode_ConditionalPawnKind">
			  <pawnKind>RRY_Xenomorph_Runner</pawnKind>
			  <subNodes>
				<li Class="RRYautja.JobGiver_EnterHiveTunnel"/>
			  </subNodes>
			</li>
			-->
		  </subNodes>
		</li>
        <li Class="JobGiver_WanderHiveLike">
          <maxDanger>Deadly</maxDanger>
        </li>
      </subNodes>
    </thinkNode>
  </DutyDef>

  <DutyDef>
    <defName>RRY_Xenomorph_DefendHiveAggressively</defName>
    <thinkNode Class="ThinkNode_Priority">
      <subNodes>
        <li Class="JobGiver_HiveLikeDefense">
          <needLOSToAcquireNonPawnTargets>true</needLOSToAcquireNonPawnTargets>
          <targetAcquireRadius>60</targetAcquireRadius>
          <chaseTarget>false</chaseTarget>
        </li>
        <li Class="JobGiver_WanderHive">
          <maxDanger>Deadly</maxDanger>
        </li>
      </subNodes>
    </thinkNode>
  </DutyDef>

  
</Defs>