﻿<?xml version="1.0" encoding="utf-8" ?>
<Defs>

  <TraitDef>
    <defName>YautjaBuild</defName>
        <ignoreConfigErrors>true</ignoreConfigErrors>
    <!-- 0.2 -->
    <commonality>0.0</commonality>
    <degreeDatas>
      <li>
        <label>heavyset</label>
        <description>[PAWN_nameDef] has a very heavy build for a [PAWN_alienRace], [PAWN_pronoun] cant jump as high as most [PAWN_alienRace] and is always falling behind the group whenever [PAWN_pronoun] goes anywhere. But when it comes to matter of raw physical strength, [PAWN_nameDef] is Far stronger compared to the average [PAWN_alienRace].</description>
        <degree>-1</degree>
        <statOffsets>
          <MoveSpeed>-0.2</MoveSpeed>
          <WorkSpeedGlobal>-0.35</WorkSpeedGlobal>
          <MeleeHitChance>-2</MeleeHitChance>
		  <MeleeDodgeChance>-15</MeleeDodgeChance>
          <PainShockThreshold>0.30</PainShockThreshold>
        </statOffsets>
        <disallowedInspirations>
          <li>Frenzy_Go</li>
        </disallowedInspirations>
      </li>
      <li>
        <label>lightweight</label>
        <description>[PAWN_nameDef] has a very light build for a [PAWN_alienRace], [PAWN_pronoun] can jump higher and move faster than your average [PAWN_alienRace] this allows [PAWN_nameDef] to avoid attacks that would kill, a side effect is that [PAWN_nameDef] is weaker when it comes to raw physical strength compared to the average [PAWN_alienRace].</description>
        <degree>1</degree>
        <statOffsets>
          <MoveSpeed>0.4</MoveSpeed>
          <MeleeHitChance>4</MeleeHitChance>
		  <MeleeDodgeChance>15</MeleeDodgeChance>
          <PainShockThreshold>-0.20</PainShockThreshold>
        </statOffsets>
      </li>      
    </degreeDatas>
  </TraitDef>
	

 

</Defs>
