<?xml version="1.0" encoding="utf-8" ?>
<Defs>
<!--============================================= Yautja =============================================-->
  <TraitDef>
    <defName>RRY_Berserker</defName>
        <ignoreConfigErrors>true</ignoreConfigErrors>
	<!-- 0.08 -->
    <commonality>0.00</commonality>
    <degreeDatas>
      <li>
        <label>berserker</label>
        <description>[PAWN_nameDef] is a Berserker [PAWN_alienRace], [PAWN_pronoun] has no honor in the hunt, unlike rival clans, as [PAWN_pronoun] will hunt unarmed prey with [PAWN_possessive] clan. [PAWN_pronoun] is a relentless and ruthless hunter, and [PAWN_pronoun] has also shown to be sadistic, seemingly savoring the fear of the prey throughout the hunt. Despite [PAWN_nameDef]'s brutality, [PAWN_pronoun] is also an incredibly skilled fighter, proving this by repeatedly emerging victorious in battle against Humans, Xenomorph and Predator alike. Unsurprisingly, [PAWN_pronoun] arrogance will be [PAWN_pronoun] demise./n/n[PAWN_pronoun] is four times as likely to start a social fight as others.</description>
        <socialFightChanceFactor>4</socialFightChanceFactor>
        <statOffsets>
          <MeleeHitChance>4</MeleeHitChance>
		  <MeleeDodgeChance>15</MeleeDodgeChance>
          <PainShockThreshold>0.60</PainShockThreshold>
          <AimingDelayFactor>-0.5</AimingDelayFactor>
          <ShootingAccuracyPawn>-5</ShootingAccuracyPawn>
        </statOffsets>
        <skillGains>
          <li>
            <key>Melee</key>
            <value>4</value>
          </li>
          <li>
            <key>Intellectual</key>
            <value>-4</value>
          </li>
          <li>
            <key>Social</key>
            <value>-4</value>
          </li>
        </skillGains>
      </li>
    </degreeDatas>
    <conflictingTraits>
		<li>Wimp</li>
    </conflictingTraits>
    <requiredWorkTags>
		<li>Violent</li>
    </requiredWorkTags>
  </TraitDef>
  

   <!--============================================= Artificials =============================================-->
  
   
  
  <TraitDef>
    <defName>RRY_DefectiveInhibitor</defName>
        <ignoreConfigErrors>true</ignoreConfigErrors>
	<!-- 0.08 -->
    <commonality>0.00</commonality>
    <degreeDatas>
      <li>
        <label>Defective Inhibitor</label>
        <description>[PAWN_nameDef] has a defective inhibitor.</description>
		
       </li>
    </degreeDatas>
    <conflictingTraits>
	</conflictingTraits>
    
  </TraitDef>
  

</Defs>
