﻿<?xml version="1.0" encoding="utf-8" ?>
<Defs>
  
  <QuestScriptDef>
    <defName>Util_GetDefaultRewardValueFromPoints</defName>
    <root Class="QuestNode_EvaluateSimpleCurve">
      <value>$points</value>
      <storeAs>rewardValue</storeAs>
      <curve>
        <points>
          <li>400, 1000</li>
          <li>800, 1500</li>
          <li>1600, 2500</li>
          <li>3200, 3200</li>
          <li>4800, 4000</li>
        </points>
      </curve>
    </root>
  </QuestScriptDef>

  <QuestScriptDef>
    <defName>Util_JoinerWalkIn</defName>
    <questDescriptionRules>
      <rulesStrings>
        <li>rewardDescription->a [joiner_age]-year-old [joiner_title] named [joiner_nameDef] will arrive and join you. [joiner_relationInfo]</li>
      </rulesStrings>
    </questDescriptionRules>
    <root Class="QuestNode_Sequence">
      <nodes>
        <li Class="QuestNode_GeneratePawn">
          <storeAs>joiner</storeAs>
          <kindDef>SpaceRefugee</kindDef>
        </li>

        <li Class="QuestNode_PawnsArrive">
          <pawns>$joiner</pawns>
          <joinPlayer>true</joinPlayer>
          <customLetterLabel>$customLetterLabel</customLetterLabel>
          <customLetterText>$customLetterText</customLetterText>
          <customLetterLabelRules>$customLetterLabelRules</customLetterLabelRules>
          <customLetterTextRules>$customLetterTextRules</customLetterTextRules>
        </li>
      </nodes>
    </root>
  </QuestScriptDef>

  <!-- Send a drop pod containing a pawn who joins the player
  Params:
    map: Map where the pod arrives.
   -->
  <QuestScriptDef>
    <defName>Util_JoinerDropIn</defName>
    <questDescriptionRules>
      <rulesStrings>
        <li>rewardDescription->a [joiner_age]-year-old [joiner_title] named [joiner_nameDef] will arrive in a transport pod.[joinerFactionInfo][joiner_relationInfo]</li>
        <li>joinerFactionInfo(priority=1)-> [joiner_pronoun] is a member of [joiner_factionName].</li>
        <li>joinerFactionInfo-></li>
      </rulesStrings>
    </questDescriptionRules>
    <root Class="QuestNode_Sequence">
      <nodes>
        <li Class="QuestNode_GeneratePawn">
          <storeAs>joiner</storeAs>
          <kindDef>SpaceRefugee</kindDef>
        </li>
        
        <li Class="QuestNode_PawnsArrive">
          <pawns>$joiner</pawns>
          <joinPlayer>true</joinPlayer>
          <arrivalMode>RandomDrop</arrivalMode>
          <customLetterLabel>$customLetterLabel</customLetterLabel>
          <customLetterText>$customLetterText</customLetterText>
          <customLetterLabelRules>$customLetterLabelRules</customLetterLabelRules>
          <customLetterTextRules>$customLetterTextRules</customLetterTextRules>
        </li>
      </nodes>
    </root>
  </QuestScriptDef>

  <!-- Sends the player a collection of transport pods containing items
  Params:
      map: Map where the pods arrive.
      rewardValue: Total market value of items to generate for the pods.
   -->
  <QuestScriptDef>
    <defName>Util_SendItemPods</defName>
    <questDescriptionRules>
      <rulesStrings>
        <li>rewardDescription->transport pods with the following resources will arrive (total value [itemPodsTotalMarketValue_money]):
\n[itemPodsContents]</li>
      </rulesStrings>
    </questDescriptionRules>
    <root Class="QuestNode_Sequence">
      <nodes>
        <li Class="QuestNode_MultiplyRange">
          <range>0.7~1.3</range>
          <value>$rewardValue</value>
          <storeAs>itemPodsTotalMarketValueRange</storeAs>
        </li>

        <li Class="QuestNode_GenerateThingSet">
          <thingSetMaker>Reward_ItemsStandard</thingSetMaker>
          <totalMarketValueRange>$itemPodsTotalMarketValueRange</totalMarketValueRange>
          <storeAs>itemPodsContents</storeAs>
          <factionOf>$asker</factionOf>
          <qualityGenerator>Reward</qualityGenerator>
        </li>

        <li Class="QuestNode_GetMarketValue">
          <things>$itemPodsContents</things>
          <storeAs>itemPodsTotalMarketValue</storeAs>
        </li>

        <li Class="QuestNode_DropPods">
          <contents>$itemPodsContents</contents>
          <customLetterLabel>$customLetterLabel</customLetterLabel>
          <customLetterText>$customLetterText</customLetterText>
          <customLetterLabelRules>$customLetterLabelRules</customLetterLabelRules>
          <customLetterTextRules>$customLetterTextRules</customLetterTextRules>
        </li>
      </nodes>
    </root>
  </QuestScriptDef>

</Defs>
