﻿<?xml version="1.0" encoding="utf-8" ?>
<Defs>

  
<!--============================================= Common =============================================-->
  
  <HediffGiverSetDef>
    <defName>RRY_Xenomorph_Infection_Humanlike</defName>
    <hediffGivers>
      
      <li Class="RRYautja.HediffGiver_StartWithXenomorphHediff">
        <hediff>RRY_HiddenXenomorphImpregnation</hediff>
		<partsToAffect>
		<li>Torso</li>
		</partsToAffect>
		<chance>5</chance>
      </li>
	  
      <li Class="RRYautja.HediffGiver_StartWithXenomorphHediff">
        <hediff>RRY_HiddenNeomorphImpregnation</hediff>
		<partsToAffect>
		<li>Torso</li>
		</partsToAffect>
		<chance>5</chance>
      </li>
      
    </hediffGivers>
  </HediffGiverSetDef>
  
<!--============================================= Yautja =============================================-->

  <HediffGiverSetDef>
    <defName>RRY_Organic_Yautja</defName>
    <hediffGivers>
      
      <!-- Environmental -->
      <li Class="HediffGiver_Bleeding">
        <hediff>BloodLoss</hediff>
      </li>
      <li Class="HediffGiver_Hypothermia">
        <hediff>Hypothermia</hediff>
      </li>
      <li Class="HediffGiver_Heat">
        <hediff>Heatstroke</hediff>
      </li>


        <!-- Responsive and special -->
      <li Class="HediffGiver_BrainInjury">
        <hediff>TraumaSavant</hediff>
        <partsToAffect>
          <li>Brain</li>
        </partsToAffect>
        <chancePerDamagePct>0.12</chancePerDamagePct>
        <letterLabel>Trauma savant</letterLabel>
        <letter>[PAWN_nameDef]'s brain injury has caused [PAWN_pronoun] to develop strange savant-like abilities.</letter>
      </li>
      
    </hediffGivers>
  </HediffGiverSetDef>
<!--============================================= Xenomorph =============================================-->

  <HediffGiverSetDef>
    <defName>RRY_Xenomorph_Standard</defName>
    <hediffGivers>
      
      <!-- Environmental -->
      <li Class="HediffGiver_Bleeding">
        <hediff>BloodLoss</hediff>
      </li>
      <li Class="HediffGiver_Hypothermia">
        <hediff>HypothermicSlowdown</hediff>
      </li>
      <li Class="HediffGiver_Heat">
        <hediff>Heatstroke</hediff>
      </li>

      </hediffGivers>
  </HediffGiverSetDef>
  
    <!--============================================= Artificials =============================================-->
  
	<HediffGiverSetDef>
    <defName>RRY_Artificials_Synth_Hediffgiver</defName>
	<hediffGivers>
      
		<li Class="RRYautja.HediffGiver_Synth">
			<hediff>RRY_Damaged_Inhibitor</hediff>
			<partsToAffect>
			  <li>RRY_BehavorialInhibitor</li>
			</partsToAffect>
			<mtbDays>3</mtbDays>
		</li>
	<!-- Environmental -->
		<li Class="HediffGiver_Bleeding">
			<hediff>RRY_Synth_BloodLoss</hediff>
		</li>
		<li Class="HediffGiver_Hypothermia">
			<hediff>RRY_Synth_HypothermicSlowdown</hediff>
		</li>
		<li Class="HediffGiver_Heat">
			<hediff>RRY_Synth_Overheating</hediff>
		</li>
		<li Class="RRYautja.HediffGiver_StartWithHediff">
        <hediff>RRY_Defective_Inhibitor</hediff>
		<partsToAffect>
          <li>RRY_BehavorialInhibitor</li>
        </partsToAffect>
        <chance>5</chance>
		</li>
		
	</hediffGivers>
	</HediffGiverSetDef>
	
	<HediffGiverSetDef>
		<defName>RRY_Artificials_Inhibitor_Hediffgiver</defName>
		<hediffGivers>
		  <li Class="HediffGiver_BrainInjury">
			<hediff>RRY_Damaged_Inhibitor</hediff>
			<partsToAffect>
			  <li>RRY_BehavorialInhibitor</li>
			</partsToAffect>
			<chancePerDamagePct>0.85</chancePerDamagePct>
			<letterLabel>Damaged Inhibitor</letterLabel>
			<letter>[PAWN_nameDef]'s head injury has caused [PAWN_objective]'s behaviorial inhibitor to malfunction.</letter>
		  </li>
		</hediffGivers>
	</HediffGiverSetDef>
	
</Defs>
