﻿<?xml version="1.0" encoding="utf-8" ?>
<Defs>

	<ThingDef Name="ResourceBoxBase" ParentName="ResourceBase" Abstract="True">
		<thingClass>ThingWithComps</thingClass>
		<techLevel>Neolithic</techLevel>
		<graphicData>
			<texPath>Things/Buildings/USCM/USCM_Gearbox</texPath>
			<graphicClass>Graphic_Single</graphicClass>
			<color>(69,78,70)</color>
			<shaderType>CutoutComplex</shaderType>
			<drawSize>(1.2,0.6)</drawSize>
		</graphicData>
		<thingCategories>
			<li>Items</li>
		</thingCategories>
		<tradeTags>
			<li>Artifact</li>
		</tradeTags>
		<statBases>
			<Mass>0.5</Mass>
		</statBases>
		<resourceReadoutPriority>Middle</resourceReadoutPriority>
		<stackLimit>1</stackLimit>
		<useHitPoints>true</useHitPoints>
		<tradeability>Sellable</tradeability>
		<comps>
			<li Class="CompProperties_Usable">
				<useJob>OpenResourceBox</useJob>
				<useLabel>Open box</useLabel>
			</li>
		</comps>
	</ThingDef>

	<ThingDef ParentName="ResourceBoxBase">
		<defName>RRY_USCM_StandardGear</defName>
		<label>standard armamement of USCM</label>
		<description>The box contains the gear for 4 privates of the USCM Corps.</description>
		<statBases>
			<MarketValue>120</MarketValue>
			<MaxHitPoints>70</MaxHitPoints>
		</statBases>
		<drawGUIOverlay>false</drawGUIOverlay>
		<comps>
			<li Class="ResourceBoxes.CompProperties_UseEffect_ResourceBox">
			
            <possibleItems>
				<li>RRY_Headgear_M10PAttern</li>
				<li>RRY_Apparel_M3Pattern</li>
				<li>RRY_Headgear_M10PAttern</li>
				<li>RRY_Apparel_M3Pattern</li>
				<li>RRY_Headgear_M10PAttern</li>
				<li>RRY_Apparel_M3Pattern</li>
				<li>RRY_Headgear_M10PAttern</li>
				<li>RRY_Apparel_M3Pattern</li>
				<li>RRY_USCM_Gun_M41APR</li>
				<li>RRY_USCM_Gun_M41APR</li>
				<li>RRY_USCM_Gun_M39SMG</li>
				<li>RRY_USCM_Gun_M240Incinerator</li>
			</possibleItems>
            <PerItemCount>1</PerItemCount>
            <spawnAll>true</spawnAll>
            <destoryOnUse>true</destoryOnUse>
            <destroyChance>1.0</destroyChance>
            <maxUses>1</maxUses>
			</li>
		</comps>
	</ThingDef>
	
	<ThingDef ParentName="ResourceBoxBase">
		<defName>RRY_USCM_OperatorGear</defName>
		<label>M56 Battle System Operator supplies</label>
		<description>The box contains the to equip 1 M56 Smart Gun Operator.</description>
		<statBases>
			<MarketValue>120</MarketValue>
			<MaxHitPoints>70</MaxHitPoints>
		</statBases>
		<drawGUIOverlay>false</drawGUIOverlay>
		<comps>
			<li Class="ResourceBoxes.CompProperties_UseEffect_ResourceBox">
			
            <possibleItems>
				<li>RRY_Apparel_M56CombatHarness</li>
				<li>RRY_Apparel_M3Pattern</li>
				<li>RRY_USCM_Gun_M56SmartGun</li>
				<li>RRY_Equipment_HMS</li>
			</possibleItems>
            <PerItemCount>1</PerItemCount>
            <spawnAll>true</spawnAll>
            <destoryOnUse>true</destoryOnUse>
            <destroyChance>1.0</destroyChance>
            <maxUses>1</maxUses>
			</li>
		</comps>
	</ThingDef>
	
	<JobDef>
		<defName>OpenResourceBox</defName>
		<driverClass>JobDriver_UseItem</driverClass>
		<reportString>opening TargetA.</reportString>
		<allowOpportunisticPrefix>true</allowOpportunisticPrefix>
	</JobDef>
  
</Defs>
