﻿<?xml version="1.0" encoding="utf-8" ?>
<Defs>
<!-- ==================== Base HeDiffs ========================= -->

	<HediffDef Name="HMS_MarkingSystemHediffBase" Abstract="True">
		<hediffClass>HunterMarkingSystem.MarkHediff</hediffClass>
    <defaultLabelColor>(0.25, 0.75, 0.25)</defaultLabelColor>
    <isBad>false</isBad>
	<makesAlert>false</makesAlert>
	<makesSickThought>false</makesSickThought>
	<description>a hunters mark</description>
	</HediffDef>

<!-- ==================== Blood Status HeDiffs ========================= -->
  <!-- Unblooded -->
  <HediffDef ParentName="HMS_MarkingSystemHediffBase">
    <defName>HMS_Hediff_Unblooded</defName>
    <label>unblooded</label>
    <labelNoun>an unblooded Hunter</labelNoun>
    <stages>
	<!--
      <li>
        <label>initialised</label>
        <becomeVisible>false</becomeVisible>
      </li>
	  -->
      <li>
        <label>initialised</label>
        <becomeVisible>false</becomeVisible>
      </li>
    </stages>
    <comps> 
      <li Class="HunterMarkingSystem.HediffCompProperties_HunterMark">
	  
      </li>
    </comps>
  </HediffDef>
  
  <!-- Unmarked -->
  <HediffDef ParentName="HMS_MarkingSystemHediffBase">
    <defName>HMS_Hediff_BloodedUM</defName>
        <ignoreConfigErrors>true</ignoreConfigErrors>
    <label>blooded unmarked</label>
    <initialSeverity>0.5</initialSeverity>
    <labelNoun>a blooded Hunter</labelNoun>
    <stages>
      <li>
        <becomeVisible>false</becomeVisible>
		<partIgnoreMissingHP>false</partIgnoreMissingHP>
		<vomitMtbDays>0</vomitMtbDays>
		<deathMtbDays>0</deathMtbDays>
      </li>
      <li>
        <minSeverity>0.5</minSeverity>
        <becomeVisible>true</becomeVisible>
      </li>
      <li>
        <minSeverity>1</minSeverity>
        <label>unmarked</label>
        <becomeVisible>false</becomeVisible>
      </li>
    </stages>
    <comps>
      <li Class="HunterMarkingSystem.HediffCompProperties_HunterMark">
	  
      </li>
      <li Class="HediffCompProperties_Disappears">
        <disappearsAfterTicks>
          <min>36000</min>
          <max>36000</max>
        </disappearsAfterTicks>
      </li>
    </comps>
  </HediffDef>

  <!-- Generic Default -->
 
    <HediffDef ParentName="HMS_MarkingSystemHediffBase">
    <defName>HMS_Hediff_BloodedM</defName>
    <label>blooded marked</label>
    <labelNoun>a marked Hunter</labelNoun>
    <stages>
      <li>
        <label>Xenos</label>
        <becomeVisible>true</becomeVisible>
      </li>
    </stages>
    <comps>
      <li Class="HunterMarkingSystem.HediffCompProperties_HunterMark">
	  
      </li>
    </comps>
  </HediffDef>
 

  <!-- Generic Beast -->
    <HediffDef ParentName="HMS_MarkingSystemHediffBase">
    <defName>HMS_Hediff_BloodedMBeast</defName>
    <label>blooded marked</label>
    <labelNoun>a marked Hunter</labelNoun>
    <stages>
      <li>
        <label>Beast</label>
        <becomeVisible>true</becomeVisible>
      </li>
    </stages>
    <comps>
      <li Class="HunterMarkingSystem.HediffCompProperties_HunterMark">
	  
      </li>
    </comps>
  </HediffDef>

  <!-- Human -->
    <HediffDef ParentName="HMS_MarkingSystemHediffBase">
    <defName>HMS_Hediff_BloodedMHuman</defName>
    <label>blooded marked</label>
    <labelNoun>a marked Hunter</labelNoun>
    <stages>
      <li>
        <label>Human</label>
      </li>
    </stages>
    <comps>
      <li Class="HunterMarkingSystem.HediffCompProperties_HunterMark">
        <markDrawerType>Head</markDrawerType>
        <markGraphicPath>Things/Addons/Blood_Marks/Human_Kills/Mark_Humankill</markGraphicPath>
      </li>
    </comps>
  </HediffDef>

    <HediffDef ParentName="HMS_MarkingSystemHediffBase">
    <defName>HMS_Hediff_BloodedMWorthyHuman</defName>
    <label>blooded marked</label>
    <labelNoun>a marked Hunter</labelNoun>
    <stages>
      <li>
        <label>Human (Worthy)</label>
      </li>
    </stages>
    <comps>
      <li Class="HunterMarkingSystem.HediffCompProperties_HunterMark">
        <markDrawerType>Head</markDrawerType>
        <markGraphicPath>Things/Addons/Blood_Marks/Human_Kills/Mark_WorthyHumankill</markGraphicPath>
      </li>
    </comps>
  </HediffDef>

  <!-- Humanlike Alien races -->
    <HediffDef ParentName="HMS_MarkingSystemHediffBase">
    <defName>HMS_Hediff_BloodedMHumanlike</defName>
    <label>blooded marked</label>
    <labelNoun>a marked Hunter</labelNoun>
    <stages>
      <li>
        <label>Alien</label>
      </li>
    </stages>
    <comps>
      <li Class="HunterMarkingSystem.HediffCompProperties_HunterMark">
        <markDrawerType>Head</markDrawerType>
        <markGraphicPath>Things/Addons/Blood_Marks/Human_Kills/Mark_Humanlikekill</markGraphicPath>
      </li>
    </comps>
  </HediffDef>

    <HediffDef ParentName="HMS_MarkingSystemHediffBase">
    <defName>HMS_Hediff_BloodedMWorthyHumanlike</defName>
    <label>blooded marked</label>
    <labelNoun>a marked Hunter</labelNoun>
    <stages>
      <li>
        <label>Alien (Worthy)</label>
      </li>
    </stages>
    <comps>
      <li Class="HunterMarkingSystem.HediffCompProperties_HunterMark">
        <markDrawerType>Head</markDrawerType>
        <markGraphicPath>Things/Addons/Blood_Marks/Human_Kills/Mark_WorthyHumanlikekill</markGraphicPath>
      </li>
    </comps>
  </HediffDef>

  <!-- Mechanoid -->
    <HediffDef ParentName="HMS_MarkingSystemHediffBase">
    <defName>HMS_Hediff_BloodedMMechanoid</defName>
    <label>blooded marked</label>
    <labelNoun>a marked Hunter</labelNoun>
    <stages>
      <li>
        <label>Construct</label>
      </li>
    </stages>
    <comps>
      <li Class="HunterMarkingSystem.HediffCompProperties_HunterMark">
        <markDrawerType>Head</markDrawerType>
        <markGraphicPath>Things/Addons/Blood_Marks/Mech_Kills/Mark_Mechanoidkill</markGraphicPath>
      </li>
    </comps>
  </HediffDef>

  <!-- Xenomorph -->
    <HediffDef ParentName="HMS_MarkingSystemHediffBase">
    <defName>HMS_Hediff_BloodedMXenomorph</defName>
    <label>blooded marked</label>
    <labelNoun>a marked Hunter</labelNoun>
    <stages>
      <li>
        <label>Xenomorph</label>
      </li>
    </stages>
    <comps>
      <li Class="HunterMarkingSystem.HediffCompProperties_HunterMark">
        <markDrawerType>Head</markDrawerType>
        <markGraphicPath>Things/Addons/Blood_Marks/Xenomorph_Kills/Mark_Xenomorphkill</markGraphicPath>
      </li>
    </comps>
  </HediffDef>

    <HediffDef ParentName="HMS_MarkingSystemHediffBase">
    <defName>HMS_Hediff_BloodedMXenomorphQueen</defName>
    <label>blooded marked</label>
    <labelNoun>a marked Hunter</labelNoun>
    <stages>
      <li>
        <label>Xenomorph</label>
      </li>
    </stages>
    <comps>
      <li Class="HunterMarkingSystem.HediffCompProperties_HunterMark">
        <markDrawerType>Head</markDrawerType>
        <markGraphicPath>Things/Addons/Blood_Marks/Xenomorph_Kills/Mark_QueenXenomorphkill</markGraphicPath>
      </li>
    </comps>
  </HediffDef>

    <HediffDef ParentName="HMS_MarkingSystemHediffBase">
    <defName>HMS_Hediff_BloodedMPredalien</defName>
    <label>blooded marked</label>
    <labelNoun>a marked Hunter</labelNoun>
    <stages>
      <li>
        <label>Xenomorph</label>
      </li>
    </stages>
    <comps>
      <li Class="HunterMarkingSystem.HediffCompProperties_HunterMark">
        <markDrawerType>Head</markDrawerType>
        <markGraphicPath>Things/Addons/Blood_Marks/Xenomorph_Kills/Mark_Predalienkill</markGraphicPath>
      </li>
    </comps>
  </HediffDef>

    <HediffDef ParentName="HMS_MarkingSystemHediffBase">
    <defName>HMS_Hediff_BloodedMXenomorphThrumbo</defName>
    <label>blooded marked</label>
    <labelNoun>a marked Hunter</labelNoun>
    <stages>
      <li>
        <label>Xenomorph</label>
      </li>
    </stages>
    <comps>
      <li Class="HunterMarkingSystem.HediffCompProperties_HunterMark">
        <markDrawerType>Head</markDrawerType>
        <markGraphicPath>Things/Addons/Blood_Marks/Xenomorph_Kills/Mark_Thrumbomorphkill</markGraphicPath>
      </li>
    </comps>
  </HediffDef>

  <!-- Yautja -->
    <HediffDef ParentName="HMS_MarkingSystemHediffBase">
    <defName>HMS_Hediff_BloodedMBadBlood</defName>
    <label>blooded marked</label>
    <labelNoun>a marked Hunter</labelNoun>
    <stages>
      <li>
        <label>Badblood</label>
      </li>
    </stages>
    <comps>
      <li Class="HunterMarkingSystem.HediffCompProperties_HunterMark">
        <markDrawerType>Head</markDrawerType>
        <markGraphicPath>Things/Addons/Blood_Marks/Yautja_Kills/Mark_BadBloodkill</markGraphicPath>
      </li>
    </comps>
  </HediffDef>

  <!-- Beasts -->
  <!-- Hounds -->
    <HediffDef ParentName="HMS_MarkingSystemHediffBase">
    <defName>HMS_Hediff_BloodedMHound</defName>
    <label>blooded marked</label>
    <labelNoun>a marked Hunter</labelNoun>
    <stages>
      <li>
        <label>Hound</label>
      </li>
    </stages>
    <comps>
      <li Class="HunterMarkingSystem.HediffCompProperties_HunterMark">
        <markDrawerType>Head</markDrawerType>
        <markGraphicPath>Things/Addons/Blood_Marks/Animal_Kills/Mark_Houndkill</markGraphicPath>
      </li>
    </comps>
  </HediffDef>
  
  <!-- Thrumbos -->
    <HediffDef ParentName="HMS_MarkingSystemHediffBase">
    <defName>HMS_Hediff_BloodedMThrumbo</defName>
    <label>blooded marked</label>
    <labelNoun>a marked Hunter</labelNoun>
    <stages>
      <li>
        <label>Thrumbo</label>
      </li>
    </stages>
    <comps>
      <li Class="HunterMarkingSystem.HediffCompProperties_HunterMark">
        <markDrawerType>Head</markDrawerType>
        <markGraphicPath>Things/Addons/Blood_Marks/Animal_Kills/Mark_Thrumbokill</markGraphicPath>
      </li>
    </comps>
  </HediffDef>

  <!-- Elephants & Rhinos && Other large non predatory beasts -->
    <HediffDef ParentName="HMS_MarkingSystemHediffBase">
    <defName>HMS_Hediff_BloodedMCrusher</defName>
    <label>blooded marked</label>
    <labelNoun>a marked Hunter</labelNoun>
    <stages>
      <li>
        <label>Crusher</label>
      </li>
    </stages>
    <comps>
      <li Class="HunterMarkingSystem.HediffCompProperties_HunterMark">
        <markDrawerType>Head</markDrawerType>
        <markGraphicPath>Things/Addons/Blood_Marks/Animal_Kills/Mark_Crusherkill</markGraphicPath>
      </li>
    </comps>
  </HediffDef>

  <!-- For the Yet to be added GroTye, currently used for Megasloths -->
    <HediffDef ParentName="HMS_MarkingSystemHediffBase">
    <defName>HMS_Hediff_BloodedMGroTye</defName>
    <label>blooded marked</label>
    <labelNoun>a marked Hunter</labelNoun>
    <stages>
      <li>
        <label>Gro'tye</label>
      </li>
    </stages>
    <comps>
      <li Class="HunterMarkingSystem.HediffCompProperties_HunterMark">
        <markDrawerType>Head</markDrawerType>
        <markGraphicPath>Things/Addons/Blood_Marks/Animal_Kills/Mark_GroTyekill</markGraphicPath>
      </li>
    </comps>
  </HediffDef>
  
</Defs>
