﻿<?xml version="1.0" encoding="utf-8" ?>
<Defs>

  <HunterCultureDef>
	<defName>RRY_Yautja_HunterCulture</defName>
	<label>Yautja Clan</label>
    <description>The Jungle Clan is perhaps the most common and the most seen of all the Yautja clans. They are ruthless hunters with a strict code of honor. Their quest for glory is endless and inoxerable. Few survive their bloodlust.</description>
	<pawnSingular>hunter</pawnSingular>
    <pawnsPlural>hunters</pawnsPlural>
    <leaderTitle>hunt master</leaderTitle>
    <UnbloodedHediff>HMS_Hediff_Unblooded</UnbloodedHediff>
    <UnmarkedHediff>HMS_Hediff_BloodedUM</UnmarkedHediff>
    <MarkedHediff>HMS_Hediff_BloodedM</MarkedHediff>
    <AllowMechanicalMarking>false</AllowMechanicalMarking>
	<UnbloodedbackstoryCategories>
		<li>RRY_Yautja_Unblooded</li>
	</UnbloodedbackstoryCategories>
	<BloodedbackstoryCategories>
		<li>RRY_Yautja_Blooded</li>
	</BloodedbackstoryCategories>
	<!--
	<hairTags>
		<li>Punk</li>
	</hairTags>
	-->
    <markerRaceDefs>
      <li>RRY_Alien_Yautja</li>
    </markerRaceDefs>
	<!--
    <markerFactionDefs>
      <li>RRY_Yautja_JungleClan</li>
    </markerFactionDefs>
    <allowedRaceDefs>
      <li>RRY_Visitor_Yautja_Standard</li>
    </allowedRaceDefs>
    <allowedFactionDefs>
      <li>RRY_Visitor_Yautja_Standard</li>
    </allowedFactionDefs>
    <disallowedRaceDefs>
      <li>RRY_Visitor_Yautja_Standard</li>
    </disallowedRaceDefs>
    <disallowedFactionDefs>
      <li>RRY_Visitor_Yautja_Standard</li>
    </disallowedFactionDefs>
	-->
  </HunterCultureDef>

</Defs>