<?xml version="1.0" encoding="utf-8" ?>
<Defs>
  <JobDef>
    <defName>HMS_Job_MarkSelf</defName>
    <driverClass>HunterMarkingSystem.JobDriver_MarkSelf</driverClass>
    <reportString>marking myself.</reportString>
    <allowOpportunisticPrefix>true</allowOpportunisticPrefix>
  </JobDef>

  <JobDef> <!-- JobDriver_MarkOther -->
    <defName>HMS_Job_MarkOther</defName>
    <driverClass>HunterMarkingSystem.JobDriver_MarkOther</driverClass>
    <reportString>marking another.</reportString>
    <allowOpportunisticPrefix>true</allowOpportunisticPrefix>
  </JobDef>
  
  <JobDef>
    <defName>HMS_Job_TakeTrophy</defName>
    <driverClass>HunterMarkingSystem.JobDriver_TakeTrophy</driverClass>
    <reportString>taking a trophy.</reportString>
    <allowOpportunisticPrefix>true</allowOpportunisticPrefix>
  </JobDef>
</Defs>