﻿<?xml version="1.0" encoding="utf-8" ?>
<Defs>
	<ThoughtDef>
		<defName>HMS_UnbloodedVs_ThoughtDef</defName>
		<thoughtClass>HMS_Thought_SituationalSocial</thoughtClass>
		<workerClass>HunterMarkingSystem.ThoughtWorker_Unblooded</workerClass>
		<validWhileDespawned>true</validWhileDespawned>
		<stages>
			<li>
				<label>Peer</label>
				<baseOpinionOffset>5</baseOpinionOffset>
			</li>
			<li>
				<label>Respect</label>
				<baseOpinionOffset>10</baseOpinionOffset>
			</li>
			<li>
				<label>Great respect</label>
				<baseOpinionOffset>15</baseOpinionOffset>
			</li>
		</stages>
	</ThoughtDef>

	<ThoughtDef>
		<defName>HMS_UnmarkedVs_ThoughtDef</defName>
		<thoughtClass>HMS_Thought_SituationalSocial</thoughtClass>
		<workerClass>HunterMarkingSystem.ThoughtWorker_Unmarked</workerClass>
		<validWhileDespawned>true</validWhileDespawned>
		<stages>
			<li>
				<label>Contempt</label>
				<baseOpinionOffset>-10</baseOpinionOffset>
			</li>
			<li>
				<label>Peer</label>
				<baseOpinionOffset>5</baseOpinionOffset>
			</li>
			<li>
				<label>Respect</label>
				<baseOpinionOffset>10</baseOpinionOffset>
			</li>
		</stages>
	</ThoughtDef>

	<ThoughtDef>
		<defName>HMS_MarkedVs_ThoughtDef</defName>
		<thoughtClass>HMS_Thought_SituationalSocial</thoughtClass>
		<workerClass>HunterMarkingSystem.ThoughtWorker_Marked</workerClass>
		<validWhileDespawned>true</validWhileDespawned>
		<stages>
			<li>
				<label>Contempt</label>
				<baseOpinionOffset>-15</baseOpinionOffset>
			</li>
			<li>
				<label>Minor Contempt</label>
				<baseOpinionOffset>-5</baseOpinionOffset>
			</li>
			<li>
				<label>Peer</label>
				<baseOpinionOffset>5</baseOpinionOffset>
			</li>
		</stages>
	</ThoughtDef>

</Defs>
