﻿<?xml version="1.0" encoding="utf-8" ?>
<Defs>
 <ThoughtDef>
	<defName>HMS_Thought_ThrillOfTheHunt</defName>
	<durationDays>1</durationDays>
	<stackLimit>3</stackLimit>
	<validWhileDespawned>true</validWhileDespawned>
	<stages>
		<li>
			<label>Thrill of the hunt</label>
			<description>theres nothing Quite like bringing down your prey. It feels amazing.</description>
			<baseMoodEffect>3</baseMoodEffect>
		</li>
	</stages>
 </ThoughtDef>
	
  <ThoughtDef>
    <defName>HMS_Thought_BloodedM</defName>
    <workerClass>HunterMarkingSystem.ThoughtWorker_MarkedMood</workerClass>
	<thoughtClass>HMS_Thought_Situational</thoughtClass>
    <validWhileDespawned>true</validWhileDespawned>
    <stages>
      <li>
        <label>Unblooded</label>
        <description>I need to prove myself by hunting and killing a Worthy foe!</description>
        <baseMoodEffect>-10</baseMoodEffect>
      </li>
      <li>
        <label>unmarked</label>
        <description>I've proven myself by killing a Worthy Foe, all thats left it to mark myself with its blood.</description>
        <baseMoodEffect>0</baseMoodEffect>
      </li>
      <li>
        <label>marked</label>
        <description>I've proven myself by killing a Worthy foe and marked myself with its blood. I feel amazing.</description>
        <baseMoodEffect>4</baseMoodEffect>
      </li>
    </stages>
  </ThoughtDef>
</Defs>
