﻿<?xml version="1.0" encoding="utf-8" ?>
<Defs>
  
  <ThinkTreeDef>
    <defName>RRY_SatisfyNeomorphNeeds</defName>
    <thinkRoot Class="ThinkNode_Tagger">
      <tagToGive>SatisfyingNeeds</tagToGive>
      <subNodes>
        <li Class="ThinkNode_PrioritySorter">
          <subNodes>
            <li Class="JobGiver_Neomorph_GetFood"/>
			<!--
			<li Class="JobGiver_Neomorph_GetFood"> 
			  <minCategory>Hungry</minCategory>
			</li>
			-->
            <li Class="JobGiver_GetRest"/>
          </subNodes>
        </li>
      </subNodes>
    </thinkRoot>
  </ThinkTreeDef> 
</Defs>
