﻿<?xml version="1.0" encoding="utf-8" ?>
<Defs>
<!--
	<IncidentDef>
		<defName>RRY_Quest_DownedRefugeeXenomorph</defName>
		<label>incapacitated refugee quest</label>
		<category>WorldQuest</category>
    <targetTags>
      <li>World</li>
    </targetTags>
		<workerClass>IncidentWorker_QuestDownedRefugeeXenomorph</workerClass>
		<letterLabel>Incapacitated refugee quest</letterLabel>
		<letterText>{PAWN_nameDef} contacts you and requests help. {PAWN_pronoun} is wounded and unable to move. Without your help, {PAWN_pronoun} will die in {0} days.\n\n{PAWN_nameDef} is a {1}-year-old {2}. {PAWN_pronoun} promises to join you if you rescue {PAWN_objective}.\n\n{PAWN_nameDef} says that {3}.</letterText>
		<letterDef>PositiveEvent</letterDef>
		<baseChance>0.1</baseChance>
		<populationEffect>IncreaseHard</populationEffect>
	</IncidentDef>
	
	<IncidentDef>
		<defName>RRY_Quest_PrisonerRescueXenomorph</defName>
		<label>prisoner rescue quest</label>
		<category>WorldQuest</category>
    <targetTags>
      <li>World</li>
    </targetTags>
		<workerClass>IncidentWorker_QuestPrisonerRescueXenomorph</workerClass>
		<letterLabel>Prisoner rescue quest</letterLabel>
		<letterText>A prisoner being held by {0} has managed to steal a radio and call you!\n\n{PAWN_nameDef} is being held at a camp nearby under armed guard. Rescue {PAWN_objective}, and {PAWN_pronoun} will join your colony. {PAWN_pronoun} is a {1}-year-old {2}. {PAWN_pronoun} says that {3}.</letterText>
		<letterDef>PositiveEvent</letterDef>
		<baseChance>0.1</baseChance>
		<populationEffect>IncreaseHard</populationEffect>
	</IncidentDef>
-->
</Defs>