﻿<?xml version="1.0" encoding="utf-8" ?>
<Defs>

	<!--================= AllyAssistance ================-->

	<IncidentDef Class="IncidentDef_FactionSpecific">
		<defName>RaidFriendly_FactionSpecific</defName>
		<label>friendly raid</label>
		<category>AllyAssistance</category>
		<targetTags>
		  <li>Map_PlayerHome</li>
		  <li>Map_RaidBeacon</li>
		  <li>Map_TempIncident</li>
		</targetTags>
		<workerClass>IncidentWorker_RaidFriendly_FactionSpecific</workerClass>
		<baseChance>3.0</baseChance>
		<pointsScaleable>true</pointsScaleable>
		<!--
		<Faction>RRY_Xenomorph</Faction>
		-->
		<Factions>
		  <li>RRY_Xenomorph</li>
		  <li>RRY_Yautja_BadBloodFaction</li>
		</Factions>
	</IncidentDef>

	<!-- =========================== Good - special ============================ 

	<IncidentDef>
		<defName>StrangerInBlackJoin</defName>
		<label>man in black</label>
		<category>Special</category>
    <targetTags>
      <li>Map_PlayerHome</li>
    </targetTags>
		<workerClass>RRYautja.IncidentWorker_WandererJoin</workerClass>
		<letterLabel>Man in black</letterLabel>
		<letterText>Sensing trouble, a mysterious [PAWN_kind] has arrived.\n\nWill [PAWN_pronoun] be able to set things right in these parts?</letterText>
		<baseChance>0</baseChance>
		<minRefireDays>60</minRefireDays>
    <minGreatestPopulation>3</minGreatestPopulation>
		<pawnKind>StrangerInBlack</pawnKind>
		<pawnFixedGender>Male</pawnFixedGender>
		<pawnMustBeCapableOfViolence>true</pawnMustBeCapableOfViolence>
	</IncidentDef>
-->
</Defs>
