﻿<?xml version="1.0" encoding="utf-8" ?>
<Defs>
	<!-- ============================== Big threats ============================== -->  

  <IncidentDef>
    <defName>RRY_XenomorphCrashedShipPartCrash</defName>
    <label>Unknown Ship impact</label>
    <targetTags>
      <li>Map_PlayerHome</li>
    </targetTags>
    <workerClass>RRYautja.IncidentWorker_CrashedShip</workerClass>
    <letterLabel>Unknown Ship part Impact</letterLabel>
    <letterText>A large piece of an ancient Ship tumbles through the atmosphere and has crashed nearby. you wonder what it could contain</letterText>
    <letterDef>ThreatSmall</letterDef>
    <baseChance>2.0</baseChance>
    <minRefireDays>15</minRefireDays>
    <tags>
      <li>CrashedShip</li>
    </tags>
    <refireCheckTags>
      <li>CrashedShip</li>
    </refireCheckTags>
    <category>ThreatBig</category>
    <pointsScaleable>true</pointsScaleable>
    <minThreatPoints>450</minThreatPoints>
    <mechClusterBuilding>RRY_XenomorphCrashedShipPart</mechClusterBuilding>
    <tale>ShipPartCrash</tale>
  </IncidentDef>
  
</Defs>
