﻿<?xml version="1.0" encoding="utf-8" ?>
<Defs>
<!--
	<IncidentDef Name="QuestItemStash">
		<defName>Quest_ItemStash</defName>
		<label>item stash quest</label>
		<category>WorldQuest</category>
    <targetTags>
      <li>World</li>
    </targetTags>
		<workerClass>IncidentWorker_QuestItemStash</workerClass>
		<letterLabel>Item stash quest</letterLabel>
		<letterText>{0}, {1} of {2}, has informed us of a collection of valuable items worth {6} not far from us. The collection consists of:\n\n{3}\n\nUnfortunately, it won't last - others will take the items in {4} days if we don't.\n\nBeware - valuables tend to attract danger. {0} says that {5}.</letterText>
		<letterDef>PositiveEvent</letterDef>
		<baseChance>1</baseChance>
	</IncidentDef>
	
  <IncidentDef ParentName="QuestItemStash">
    <defName>Quest_ItemStashAICore</defName>
    <label>item stash quest (AI core)</label>
    <workerClass>IncidentWorker_QuestItemStashAICore</workerClass>
    <baseChance>0</baseChance>
  </IncidentDef>
	-->
	
	<!--
	<IncidentDef>
		<defName>RRY_Quest_DownedRefugee</defName>
		<label>incapacitated refugee quest</label>
		<category>WorldQuest</category>
    <targetTags>
      <li>World</li>
    </targetTags>
		<workerClass>IncidentWorker_QuestDownedRefugee</workerClass>
		<letterLabel>Incapacitated refugee quest</letterLabel>
		<letterText>{PAWN_nameDef} contacts you and requests help. {PAWN_pronoun} is wounded and unable to move. Without your help, {PAWN_pronoun} will die in {0} days.\n\n{PAWN_nameDef} is a {1}-year-old {2}. {PAWN_pronoun} promises to join you if you rescue {PAWN_objective}.\n\n{PAWN_nameDef} says that {3}.</letterText>
		<letterDef>PositiveEvent</letterDef>
		<baseChance>1</baseChance>
		<populationEffect>IncreaseHard</populationEffect>
	</IncidentDef>
	-->
	
	<!--
	<IncidentDef>
		<defName>Quest_PrisonerRescue</defName>
		<label>prisoner rescue quest</label>
		<category>WorldQuest</category>
    <targetTags>
      <li>World</li>
    </targetTags>
		<workerClass>IncidentWorker_QuestPrisonerRescue</workerClass>
		<letterLabel>Prisoner rescue quest</letterLabel>
		<letterText>A prisoner being held by {0} has managed to steal a radio and call you!\n\n{PAWN_nameDef} is being held at a camp nearby under armed guard. Rescue {PAWN_objective}, and {PAWN_pronoun} will join your colony. {PAWN_pronoun} is a {1}-year-old {2}. {PAWN_pronoun} says that {3}.</letterText>
		<letterDef>PositiveEvent</letterDef>
		<baseChance>1</baseChance>
		<populationEffect>IncreaseHard</populationEffect>
	</IncidentDef>
	-->
	
</Defs>