﻿<?xml version="1.0" encoding="utf-8" ?>
<Defs>
	<!-- ============================== Big threats ============================== -->  

  <IncidentDef>
    <defName>RRY_USCM_StartingRaid</defName>
    <label>unknown hostiles</label>
    <targetTags>
      <li>Map_PlayerHome</li>
    </targetTags>
    <workerClass>IncidentWorker_RaidEnemy</workerClass>
    <baseChance>7.4</baseChance>
    <category>ThreatBig</category>
    <pointsScaleable>true</pointsScaleable>
	<minThreatPoints>600</minThreatPoints>
    <tale>Raid</tale>
  </IncidentDef>
  
</Defs>
