﻿<?xml version="1.0" encoding="utf-8" ?>
<Defs>

	<!-- ============================== Big threats ==============================-->
	
  <IncidentDef Class="IncidentDef_FactionSpecific">
    <defName>RRY_RaidEnemy_FactionSpecific</defName>
    <label>enemy raid (FactionSpecific)</label>
    <targetTags>
      <li>Map_PlayerHome</li>
    </targetTags>
    <workerClass>IncidentWorker_RaidEnemy_FactionSpecific</workerClass>
    <baseChance>7.4</baseChance>
    <category>ThreatBig</category>
    <pointsScaleable>true</pointsScaleable>
    <tale>Raid</tale>
	<!--
    <Faction>RRY_Xenomorph</Faction>
	-->
    <Factions>
      <li>RRY_Xenomorph</li>
      <li>RRY_Yautja_BadBloodFaction</li>
    </Factions>
  </IncidentDef>
  <!--
  <IncidentDef Class="IncidentDef_FactionSpecific">
    <defName>RRY_RaidEnemy_PowerCut_Xenomorph</defName>
    <label>enemy raid</label>
    <targetTags>
      <li>Map_PlayerHome</li>
    </targetTags>
    <workerClass>IncidentWorker_RaidEnemy_FactionSpecific_PowerCutRaid</workerClass>
    <baseChance>7.4</baseChance>
    <category>ThreatBig</category>
    <pointsScaleable>true</pointsScaleable>
    <tale>Raid</tale>
    <Faction>RRY_Xenomorph</Faction>
    <minRefireDays>30</minRefireDays>
	<earliestDay>90</earliestDay>
  </IncidentDef>
-->
</Defs>
