﻿<?xml version="1.0" encoding="utf-8" ?>
<Defs>

	<!-- =========================== Good ============================-->
	<!--
	<IncidentDef>
		<defName>RRY_WandererJoinXenomorph</defName>
		<label>wanderer join</label>
		<category>Misc</category>
    <targetTags>
      <li>Map_PlayerHome</li>
    </targetTags>
		<workerClass>IncidentWorker_WandererJoinXenomorph</workerClass>
		<letterLabel>Wanderer joins</letterLabel>
		<letterText>A {PAWN_kind} named {PAWN_nameDef} has arrived and is joining the colony. {PAWN_pronoun} is a {PAWN_title}.\n\n[PAWN_pronoun] is willing to contribute, but will not leave voluntarily. If you don't want {PAWN_nameDef}, you can banish {PAWN_objective}, sell {PAWN_objective} into slavery, or simply kill {PAWN_objective}. However, your other colonists may find this disturbing.</letterText>
		<baseChance>0.04</baseChance>
		<pawnKind>Villager</pawnKind>
		<populationEffect>IncreaseEasy</populationEffect>
	</IncidentDef>

	<IncidentDef>
		<defName>RRY_RefugeePodCrashXenomorph</defName>
		<label>transport pod crash</label>
		<category>Misc</category>
    <targetTags>
      <li>Map_PlayerHome</li>
    </targetTags>
		<workerClass>IncidentWorker_TransportPodCrashXenomorph</workerClass>
		<baseChance>0.15</baseChance>
		<populationEffect>IncreaseMedium</populationEffect>
	</IncidentDef>
	-->
	<!-- =========================== Neutral ============================-->
	<!--
  <IncidentDef>
    <defName>RRY_RefugeeChasedXenomorph</defName>
    <label>chased refugee</label>
		<category>Misc</category>
    <targetTags>
      <li>Map_PlayerHome</li>
    </targetTags>
    <workerClass>IncidentWorker_RefugeeChasedXenomorph</workerClass>
    <baseChance>0.2</baseChance>
    <populationEffect>IncreaseHard</populationEffect>
    <minRefireDays>8</minRefireDays>
	<earliestDay>22</earliestDay>
  </IncidentDef>

	<IncidentDef>
		<defName>RRY_WildManWandersInXenomorph</defName>
		<label>wild man wanders in</label>
		<category>Misc</category>
		<targetTags>
			<li>Map_PlayerHome</li>
		</targetTags>
		<workerClass>IncidentWorker_WildManWandersInXenomorph</workerClass>
		<baseChance>0.070</baseChance>
		<populationEffect>IncreaseMedium</populationEffect>
		<letterLabel>{PAWN_kind} wanders in</letterLabel>
		<letterText>A person living among wild animals has wandered into the area. {PAWN_pronoun}'s called {0}.\n\nYou can attempt to tame or arrest {PAWN_objective}.</letterText>
		<letterDef>NeutralEvent</letterDef>
	</IncidentDef>
	-->
	<!-- =========================== Bad ============================-->

	<IncidentDef>
		<defName>RRY_Neomorph_FungusSprout</defName>
		<label>strange fungus sprouts</label>
		<category>Misc</category>
    <targetTags>
      <li>Map_PlayerHome</li>
    </targetTags>
		<workerClass>RRYautja.IncidentWorker_NeomorphFungusSprout</workerClass>
		<baseChance>0.0</baseChance>
		<letterLabel>strange fungus spotted</letterLabel>
		<letterText>A patch of small, black, spherical, fungus-like sacks has formed on the ground..</letterText>
		<letterDef>PositiveEvent</letterDef>
		<allowedBiomes>
			<li>TropicalRainforest</li>
			<li>TropicalSwamp</li>
			<li>TemperateForest</li>
			<li>TemperateSwamp</li>
			<li>BorealForest</li>
			<li>AridShrubland</li>
		</allowedBiomes>
	</IncidentDef>

	<IncidentDef>
		<defName>RRY_Neomorph_FungusSprout_Hidden</defName>
		<label>strange fungus sprouts</label>
		<category>Misc</category>
    <targetTags>
      <li>Map_PlayerHome</li>
    </targetTags>
		<workerClass>RRYautja.IncidentWorker_NeomorphFungusSprout</workerClass>
		<baseChance>0.10</baseChance>
		<allowedBiomes>
			<li>TropicalRainforest</li>
			<li>TropicalSwamp</li>
			<li>TemperateForest</li>
			<li>TemperateSwamp</li>
			<li>BorealForest</li>
		</allowedBiomes>
	</IncidentDef>

</Defs>