﻿<?xml version="1.0" encoding="utf-8" ?>
<Defs>
	<!-- ============================== Big threats ============================== -->  

  <IncidentDef>
    <defName>RRY_XenomorphInfestation</defName>
    <label>xenomorph infestation</label>
    <targetTags>
      <li>Map_PlayerHome</li>
    </targetTags>
    <workerClass>IncidentWorker_Xenomorph_Hivelike</workerClass>
    <letterLabel>Infestation</letterLabel>
    <letterText>Something is tunneling towards you! They will break through in a few seconds.</letterText>
    <letterDef>ThreatBig</letterDef>
    <baseChance>0.5</baseChance>
    <minRefireDays>30</minRefireDays>
    <category>ThreatBig</category>
    <pointsScaleable>true</pointsScaleable>
    <minThreatPoints>2000</minThreatPoints>
    <tale>Infestation</tale>
    <mechClusterBuilding>RRY_Xenomorph_Hive</mechClusterBuilding>
    <tags>
		<li>TunnelLike</li>
	</tags>
  </IncidentDef>
  
</Defs>
