﻿<?xml version="1.0" encoding="utf-8" ?>
<Defs>
  <ApparelLayerDef>
    <defName>OverSkin</defName>
    <label>overskin</label>
    <drawOrder>50</drawOrder>
  </ApparelLayerDef>

  <ApparelLayerDef>
    <defName>MiddleEquipment</defName>
    <label>middle slot</label>
    <drawOrder>150</drawOrder>
  </ApparelLayerDef>

  <ApparelLayerDef>
    <defName>ShellEquipment</defName>
    <label>outer slot</label>
    <drawOrder>250</drawOrder>
  </ApparelLayerDef>

  <ApparelLayerDef>
    <defName>BeltEquipment</defName>
    <label>belt slot</label>
    <drawOrder>350</drawOrder>
  </ApparelLayerDef>

  <ApparelLayerDef>
    <defName>OverheadEquipment</defName>
    <label>headgear slot</label>
    <drawOrder>450</drawOrder>
  </ApparelLayerDef>
</Defs>
