﻿<?xml version="1.0" encoding="utf-8" ?>
<Defs>
  <FactionDef Abstract="True" Name="RRY_YautjaPlayerFactionBase">
    <colorSpectrum>
      <li>(0, 0.737, 0.847)</li>
    </colorSpectrum>
    <settlementTexturePath>World/WorldObjects/DefaultSettlement</settlementTexturePath>
    <factionIconPath>Ui/Icons/Icon_YautjaB</factionIconPath>
  </FactionDef>
  
    <FactionDef Parent="RRY_YautjaPlayerFactionBase">
    <defName>RRY_Yautja_PlayerColony</defName>
    <label>Yautja Colony</label>
    <description>Yautja Colony Start.</description>
    <isPlayer>true</isPlayer>
    <basicMemberKind>Colonist_RRY_Yautja</basicMemberKind>
    <pawnsPlural>Yautja</pawnsPlural>
    <playerInitialSettlementNameMaker>NamerInitialSettlementColony</playerInitialSettlementNameMaker>
		<factionNameMaker>NamerRRYautjaFaction</factionNameMaker>
    <settlementNameMaker>NamerRRYautjaBases</settlementNameMaker>
    <techLevel>Ultra</techLevel>
    <backstoryFilters>
      <li>
        <categories>
          <li>Offworld</li>
          <li>Pirate</li>
		  <li>Tribal</li>
		  <li>Outlander</li>
        </categories>
      </li>
    </backstoryFilters>
    <startingResearchTags>
      <li>ClassicStart</li>
    </startingResearchTags>
    <hairTags>
		<li>Civil</li>
		<li>Rural</li>
		<li>Tribal</li>
    </hairTags>
    <apparelStuffFilter>
      <thingDefs>
        <li>Synthread</li>
        <li>RRY_Leather_Yautja</li>
        <li>Leather_Light</li>
        <li>Leather_Plain</li>
        <li>Leather_Bear</li>
        <li>Steel</li>
      </thingDefs>
    </apparelStuffFilter>
    <colorSpectrum>
      <li>(0, 0.437, 0.847)</li>
    </colorSpectrum>
    <maxPawnCostPerTotalPointsCurve>
      <points>
        <li>(0,35)</li>
        <li>(70, 50)</li>
        <li>(700, 100)</li>
        <li>(1300, 150)</li>
        <li>(100000, 10000)</li>
      </points>
    </maxPawnCostPerTotalPointsCurve>
    <pawnGroupMakers>
		<li>
        <kindDef>Peaceful</kindDef>
        <commonality>100</commonality>
        <options>
          <Colonist_RRY_Yautja>100</Colonist_RRY_Yautja>
        </options>
      </li>
    </pawnGroupMakers>
    <settlementTexturePath>World/WorldObjects/DefaultSettlement</settlementTexturePath>
    <factionIconPath>Ui/Icons/Icon_YautjaB</factionIconPath>
    </FactionDef>
	
    <FactionDef Parent="RRY_YautjaPlayerFactionBase">
    <defName>RRY_Yautja_PlayerUnblooded</defName>
    <label>Yautja Unblooded</label>
    <description>Considered ready for your first autonomous hunt, you are sent on an unknown world to make your first hunts and come back to your clan by your own mean. Death before dishonor.</description>
    <playerInitialSettlementNameMaker>NamerInitialSettlementColony</playerInitialSettlementNameMaker>
		<factionNameMaker>NamerRRYautjaFaction</factionNameMaker>
    <settlementNameMaker>NamerRRYautjaBases</settlementNameMaker>
    <techLevel>Ultra</techLevel>
    <isPlayer>true</isPlayer>
    <basicMemberKind>Colonist_RRY_Yautja_Unblooded</basicMemberKind>
    <pawnsPlural>Yautja</pawnsPlural>
    <backstoryFilters>
      <li>
        <categories>
		  <li>Raider</li>
		  <li>Tribal</li>
		  <li>Civil</li>
          <li>RRY_Yautja_Unblooded</li>
        </categories>
      </li>
    </backstoryFilters>
    <startingResearchTags>
      <li>ClassicStart</li>
    </startingResearchTags>
    <hairTags>
		<li>Civil</li>
		<li>Rural</li>
		<li>Tribal</li>
    </hairTags>
    <apparelStuffFilter>
      <thingDefs>
        <li>RRY_Leather_Yautja</li>
        <li>Leather_Light</li>
        <li>Leather_Plain</li>
        <li>Leather_Bear</li>
      </thingDefs>
    </apparelStuffFilter>
    <colorSpectrum>
      <li>(0, 0.437, 0.847)</li>
    </colorSpectrum>
    <maxPawnCostPerTotalPointsCurve>
      <points>
        <li>(0,35)</li>
        <li>(70, 50)</li>
        <li>(700, 100)</li>
        <li>(1300, 150)</li>
        <li>(100000, 10000)</li>
      </points>
    </maxPawnCostPerTotalPointsCurve>
    <pawnGroupMakers>
		<li>
        <kindDef>Peaceful</kindDef>
        <commonality>100</commonality>
        <options>
          <Colonist_RRY_Yautja_Unblooded>100</Colonist_RRY_Yautja_Unblooded>
        </options>
      </li>
    </pawnGroupMakers>
    <settlementTexturePath>World/WorldObjects/DefaultSettlement</settlementTexturePath>
    <factionIconPath>Ui/Icons/Icon_YautjaB</factionIconPath>
    </FactionDef>
	
    <FactionDef Parent="RRY_YautjaPlayerFactionBase">
    <defName>RRY_Yautja_PlayerBlooded</defName>
    <label>Yautja Blooded</label>
    <description>On a scouting mission to find new hunting grounds, something disastrous happened to your ship and you are possibly the only 5 survivors. Without a choice, you landed in unknown territory and have to face new dangers while you try to make your way back to your Clan.</description>
    <playerInitialSettlementNameMaker>NamerInitialSettlementColony</playerInitialSettlementNameMaker>
		<factionNameMaker>NamerRRYautjaFaction</factionNameMaker>
    <settlementNameMaker>NamerRRYautjaBases</settlementNameMaker>
    <techLevel>Ultra</techLevel>
    <isPlayer>true</isPlayer>
    <basicMemberKind>Colonist_RRY_Yautja_Blooded</basicMemberKind>
    <pawnsPlural>Yautja</pawnsPlural>
    <backstoryFilters>
      <li>
        <categories>
		  <li>Pirate</li>
		  <li>Outlander</li>
		  <li>Offworlder</li>
		  <li>Tribal</li>
          <li>RRY_Yautja_Blooded</li>
        </categories>
      </li>
    </backstoryFilters>
    <startingResearchTags>
      <li>ClassicStart</li>
    </startingResearchTags>
    <hairTags>
		<li>Urban</li>
		<li>Rural</li>
		<li>Punk</li>
		<li>Tribal</li>
    </hairTags>
    <apparelStuffFilter>
      <thingDefs>
        <li>Synthread</li>
        <li>RRY_Leather_Yautja</li>
        <li>Leather_Light</li>
        <li>Leather_Plain</li>
        <li>Leather_Bear</li>
      </thingDefs>
    </apparelStuffFilter>
    <colorSpectrum>
      <li>(0, 0.437, 0.847)</li>
    </colorSpectrum>
    <maxPawnCostPerTotalPointsCurve>
      <points>
        <li>(0,35)</li>
        <li>(70, 50)</li>
        <li>(700, 100)</li>
        <li>(1300, 150)</li>
        <li>(100000, 10000)</li>
      </points>
    </maxPawnCostPerTotalPointsCurve>
    <pawnGroupMakers>
		<li>
        <kindDef>Peaceful</kindDef>
        <commonality>100</commonality>
        <options>
          <Colonist_RRY_Yautja_Blooded>100</Colonist_RRY_Yautja_Blooded>
        </options>
      </li>
    </pawnGroupMakers>
    <settlementTexturePath>World/WorldObjects/DefaultSettlement</settlementTexturePath>
    <factionIconPath>Ui/Icons/Icon_YautjaB</factionIconPath>
    </FactionDef>
	
	<FactionDef Parent="RRY_YautjaPlayerFactionBase">
    <defName>RRY_Yautja_PlayerBlooding</defName>
    <label>Yautja Unblooded</label>
    <description>Considered ready for your first autonomous hunt, you are sent on an unknown world to make your first hunts and come back to your clan by your own mean. Death before dishonor.</description>
    <playerInitialSettlementNameMaker>NamerInitialSettlementColony</playerInitialSettlementNameMaker>
		<factionNameMaker>NamerRRYautjaFaction</factionNameMaker>
    <settlementNameMaker>NamerRRYautjaBases</settlementNameMaker>
    <techLevel>Ultra</techLevel>
    <isPlayer>true</isPlayer>
    <basicMemberKind>Colonist_RRY_Yautja_Blooding</basicMemberKind>
    <pawnsPlural>Yautja</pawnsPlural>
    <backstoryFilters>
      <li>
        <categories>
		  <li>Tribal</li>
          <li>RRY_Yautja_Unblooded</li>
        </categories>
      </li>
    </backstoryFilters>
    <startingResearchTags>
      <li>ClassicStart</li>
    </startingResearchTags>
    <hairTags>
		<li>Civil</li>
		<li>Rural</li>
		<li>Tribal</li>
    </hairTags>
    <apparelStuffFilter>
      <thingDefs>
        <li>Synthread</li>
        <li>RRY_Leather_Yautja</li>
        <li>Leather_Light</li>
        <li>Leather_Plain</li>
        <li>Leather_Bear</li>
      </thingDefs>
    </apparelStuffFilter>
    <colorSpectrum>
      <li>(0, 0.437, 0.847)</li>
    </colorSpectrum>
    <maxPawnCostPerTotalPointsCurve>
      <points>
        <li>(0,35)</li>
        <li>(70, 50)</li>
        <li>(700, 100)</li>
        <li>(1300, 150)</li>
        <li>(100000, 10000)</li>
      </points>
    </maxPawnCostPerTotalPointsCurve>
    <pawnGroupMakers>
		<li>
        <kindDef>Peaceful</kindDef>
        <commonality>100</commonality>
        <options>
          <Colonist_RRY_Yautja_Unblooded>100</Colonist_RRY_Yautja_Unblooded>
        </options>
      </li>
    </pawnGroupMakers>
    <settlementTexturePath>World/WorldObjects/DefaultSettlement</settlementTexturePath>
    <factionIconPath>Ui/Icons/Icon_YautjaB</factionIconPath>
    </FactionDef>

</Defs>