<?xml version="1.0" encoding="utf-8" ?>
<Defs>
  
  <!--============================================= USCM Player Faction =============================================-->
  
  <FactionDef Abstract="True" Name="RRY_USCMPlayerFactionBase">
     <colorSpectrum>
      <li>(1, 1, 1)</li>
    </colorSpectrum>
    <settlementTexturePath>World/WorldObjects/DefaultSettlement</settlementTexturePath>
    <factionIconPath>Ui/Icons/Icon_USCM</factionIconPath>
  </FactionDef>
  
    <FactionDef Parent="RRY_USCMPlayerFactionBase">
    <defName>RRY_USCM_PlayerColony</defName>
    <label>USCM</label>
    <description>Operation overwatched by the United States Colonial Marines Corp.</description>
    <isPlayer>true</isPlayer>
    <basicMemberKind>RRY_USCM_PlayerPrivate</basicMemberKind>
    <pawnsPlural>Marines</pawnsPlural>
    <playerInitialSettlementNameMaker>NamerInitialSettlementColony</playerInitialSettlementNameMaker>
		<factionNameMaker>Namer_RRY_USCM_Operations</factionNameMaker>
    <settlementNameMaker>Namer_RRY_USCM_Squads</settlementNameMaker>
    <techLevel>Spacer</techLevel>
    <backstoryFilters>
      <li>
        <categories>
          <li>RRY_USCM_Backstories</li>
        </categories>
      </li>
    </backstoryFilters>
    <startingResearchTags>
      <li>ClassicStart</li>
    </startingResearchTags>
    <hairTags>
		<li>Rural</li>
		<li>Tribal</li>
		<li>Urban</li>
		<li>Punk</li>
    </hairTags>
    <apparelStuffFilter>
      <thingDefs>
        <li>Synthread</li>
      </thingDefs>
    </apparelStuffFilter>
    <colorSpectrum>
      <li>(0, 0.437, 0.847)</li>
    </colorSpectrum>
    <maxPawnCostPerTotalPointsCurve>
      <points>
        <li>(0,35)</li>
        <li>(70, 50)</li>
        <li>(700, 100)</li>
        <li>(1300, 150)</li>
        <li>(100000, 10000)</li>
      </points>
    </maxPawnCostPerTotalPointsCurve>
    <settlementTexturePath>World/WorldObjects/DefaultSettlement</settlementTexturePath>
    <factionIconPath>Ui/Icons/Icon_USCM</factionIconPath>
	</FactionDef>
	
	<!--============================================= USCM - NPC faction =============================================-->
	
	<FactionDef ParentName="RRY_USCMPlayerFactionBase">
		<defName>RRY_USCM_Faction</defName>
		<label>USCM</label>
    <description>The United States Colonial Marine Corps (USCM), commonly known as the Colonial Marines, is the United Americas' primary "force-in-readiness".\n\nThe primary duties of the Colonial Marine Corps are to maintain security for all United Americas signatories and at all extraterrestrial colonies that fall under United States of America's control, and serve as the vanguard of any major combat operation.</description>
	<pawnSingular>Marine</pawnSingular>
    <pawnsPlural>Marines</pawnsPlural>
    <listOrderPriority>20</listOrderPriority>
    <earliestRaidDays>1</earliestRaidDays>
    <settlementGenerationWeight>1</settlementGenerationWeight>
    <requiredCountAtGameStart>1</requiredCountAtGameStart>
    <basicMemberKind>RRY_USCM_Private</basicMemberKind>
    <canMakeRandomly>true</canMakeRandomly>
    <canSiege>true</canSiege>
    <canStageAttacks>true</canStageAttacks>
    <leaderTitle>Commanding Officer</leaderTitle>
    <startingGoodwill>
      <min>30</min>
      <max>100</max>
    </startingGoodwill>
	<factionNameMaker>Namer_RRY_USCM_Operations</factionNameMaker>
	<settlementNameMaker>Namer_RRY_USCM_Squads</settlementNameMaker>
	<techLevel>Spacer</techLevel>
    <backstoryFilters>
      <li>
        <categories>
        <li>RRY_USCM_Backstories</li>
		<li>Pirate</li>
		<li>Offworlder</li>
		<li>Outlander</li>
        </categories>
      </li>
    </backstoryFilters>
	<hairTags>
		<li>Civil</li>
		<li>Rural</li>
		<li>Tribal</li>
	</hairTags>
    <naturalColonyGoodwill>
      <min>0</min>
      <max>30</max>
    </naturalColonyGoodwill>
    <visitorTraderKinds>
	
    </visitorTraderKinds>
    <caravanTraderKinds>
		<li>RRY_USCM_Visitor_Official</li>
		<li>RRY_USCM_Visitor_Smuggler</li>
		<li>RRY_Base_USCM_Standard</li>
		<li>RRY_USCM_CombatSupplier</li>
    </caravanTraderKinds>
    <baseTraderKinds>
		<li>RRY_Base_USCM_Standard</li>
    </baseTraderKinds>
    <allowedArrivalTemperatureRange>
      <min>-50</min>
      <max>45</max>
    </allowedArrivalTemperatureRange>
    <maxPawnCostPerTotalPointsCurve>
      <points>
        <li>(0,35)</li>
        <li>(70, 50)</li>
        <li>(700, 100)</li>
        <li>(1300, 150)</li>
        <li>(100000, 10000)</li>
      </points>
    </maxPawnCostPerTotalPointsCurve>
    <pawnGroupMakers>
      <li>
        <kindDef>Combat</kindDef>
        <options>
          <RRY_USCM_Private>10</RRY_USCM_Private>
          <RRY_USCM_Lieutenant>1</RRY_USCM_Lieutenant>
		  <RRY_USCM_Operator>2</RRY_USCM_Operator>
        </options>
      </li>
      <li>
        <kindDef>Peaceful</kindDef>
        <options>
          <RRY_USCM_Private>10</RRY_USCM_Private>
          <RRY_USCM_Lieutenant>1</RRY_USCM_Lieutenant>
		  <RRY_USCM_Operator>2</RRY_USCM_Operator>
        </options>
      </li>
	  <li>
      <kindDef>Trader</kindDef>
        <traders>
          <RRY_USCM_PAO>1</RRY_USCM_PAO>
        </traders>
        <carriers>
          <Muffalo>2</Muffalo>
          <Dromedary>2</Dromedary>
        </carriers>
        <guards>
          <RRY_USCM_Private>13</RRY_USCM_Private>
          <RRY_USCM_Operator>2</RRY_USCM_Operator>
        </guards>
      </li>
	  <li>
        <kindDef>Settlement</kindDef>
        <options>
          <RRY_USCM_Private>6</RRY_USCM_Private>
          <RRY_USCM_Lieutenant>1</RRY_USCM_Lieutenant>
		  <RRY_USCM_Operator>2</RRY_USCM_Operator>
		  <RRY_USCM_PAO>1</RRY_USCM_PAO>
        </options>
      </li>
    </pawnGroupMakers>
    <settlementTexturePath>World/WorldObjects/DefaultSettlement</settlementTexturePath>
    <factionIconPath>Ui/Icons/Icon_USCM</factionIconPath>
  </FactionDef>
    
</Defs>