﻿<?xml version="1.0" encoding="utf-8" ?>
<Defs>

  <FactionDef ParentName="RRY_Yautja_NPCFactionBase">
		<defName>RRY_Yautja_JungleClan</defName>
		<label>Yautja Jungle Clan</label>
    <description>The Jungle Clan is perhaps the most common and the most seen of all the Yautja clans. They are ruthless hunters with a strict code of honor. Their quest for glory is endless and inoxerable. Few survive their bloodlust.</description>
	<pawnSingular>Yautja</pawnSingular>
    <pawnsPlural>Yautji</pawnsPlural>
    <listOrderPriority>20</listOrderPriority>
    <earliestRaidDays>45</earliestRaidDays>
    <settlementGenerationWeight>1</settlementGenerationWeight>
    <requiredCountAtGameStart>1</requiredCountAtGameStart>
    <basicMemberKind>YautjaUnblooded_RRY</basicMemberKind>
    <canMakeRandomly>true</canMakeRandomly>
    <canSiege>false</canSiege>
    <canStageAttacks>true</canStageAttacks>
    <leaderTitle>Jungle Clan Elder</leaderTitle>
    <startingGoodwill>
      <min>-100</min>
      <max>0</max>
    </startingGoodwill>
    <fixedName>a Jungle Clan</fixedName>
	<!--factionNameMaker>NamerRRYYautjaJungleClan</factionNameMaker-->
	<settlementNameMaker>NamerRRYautjaBases</settlementNameMaker>
	<techLevel>Spacer</techLevel>
    <backstoryFilters>
      <li>
        <categories>
          <li>Offworld</li>
          <li>Pirate</li>
		  <li>Tribal</li>
		  <li>Outlander</li>
        </categories>
      </li>
    </backstoryFilters>
	<hairTags>
		<li>Punk</li>
	</hairTags>
    <naturalColonyGoodwill>
      <min>-60</min>
      <max>0</max>
    </naturalColonyGoodwill>
    <visitorTraderKinds>
	
      <li>RRY_Visitor_Yautja_Standard</li>
	  
    </visitorTraderKinds>
   <caravanTraderKinds>
   
      <li>RRY_Caravan_Yautja_BulkGoods</li>
      <li>RRY_Caravan_Yautja_CombatSupplier</li>
      <li>RRY_Caravan_Yautja_Exotic</li>
	  
    </caravanTraderKinds>
    <baseTraderKinds>
	
      <li>RRY_Base_Yautja_Standard</li>
	  
    </baseTraderKinds>
    <allowedArrivalTemperatureRange>
      <min>-50</min>
      <max>45</max>
    </allowedArrivalTemperatureRange>
    <maxPawnCostPerTotalPointsCurve>
      <points>
        <li>(0,35)</li>
        <li>(70, 50)</li>
        <li>(700, 100)</li>
        <li>(1300, 150)</li>
        <li>(100000, 10000)</li>
      </points>
    </maxPawnCostPerTotalPointsCurve>
    <pawnGroupMakers>
      <li>
        <kindDef>Combat</kindDef>
        <options>
          <YautjaUnblooded_RRY>14</YautjaUnblooded_RRY>
          <YautjaYoungBlood_RRY>10</YautjaYoungBlood_RRY>
          <YautjaBlooded_RRY>8</YautjaBlooded_RRY>
          <YautjaElite_RRY>4</YautjaElite_RRY>
          <YautjaElder_RRY>2</YautjaElder_RRY>
          <YautjaAncient_RRY>1</YautjaAncient_RRY>
        </options>
      </li>
      <li>
        <kindDef>Peaceful</kindDef>
        <options>
          <Colonist_RRY_Yautja>10</Colonist_RRY_Yautja>
          <YautjaUnblooded_RRY>13</YautjaUnblooded_RRY>
          <YautjaYoungBlood_RRY>10</YautjaYoungBlood_RRY>
          <YautjaBlooded_RRY>8</YautjaBlooded_RRY>
          <YautjaElite_RRY>4</YautjaElite_RRY>
          <YautjaElder_RRY>2</YautjaElder_RRY>
          <YautjaAncient_RRY>1</YautjaAncient_RRY>
        </options>
      </li>
	  <li>
      <kindDef>Trader</kindDef>
        <traders>
          <Trader_RRY_Yautja>1</Trader_RRY_Yautja>
        </traders>
        <carriers>
          <Muffalo>2</Muffalo>
          <Dromedary>2</Dromedary>
        </carriers>
        <guards>
          <YautjaUnblooded_RRY>13</YautjaUnblooded_RRY>
          <YautjaYoungBlood_RRY>10</YautjaYoungBlood_RRY>
          <YautjaBlooded_RRY>10</YautjaBlooded_RRY>
          <YautjaAncient_RRY>1</YautjaAncient_RRY>
        </guards>
      </li>
	  <li>
        <kindDef>Settlement</kindDef>
        <options>
          <Colonist_RRY_Yautja>5</Colonist_RRY_Yautja>
          <YautjaUnblooded_RRY>14</YautjaUnblooded_RRY>
          <YautjaYoungBlood_RRY>10</YautjaYoungBlood_RRY>
          <YautjaBlooded_RRY>8</YautjaBlooded_RRY>
          <YautjaElite_RRY>4</YautjaElite_RRY>
          <YautjaElder_RRY>2</YautjaElder_RRY>
          <YautjaAncient_RRY>10</YautjaAncient_RRY>
        </options>
      </li>
    </pawnGroupMakers>
    <settlementTexturePath>World/WorldObjects/TribalSettlement</settlementTexturePath>
    <factionIconPath>Ui/Icons/Icon_Yautja_JungleClan</factionIconPath>
	
    <colorSpectrum>
      <li>(1, 1, 1)</li>
    </colorSpectrum>
  </FactionDef>

</Defs>