<?xml version="1.0" encoding="utf-8" ?>
<Defs>
<!-- ======================== Ranged Attack Ability Defs ================================== -->
<!-- ======================== Xenomorphm - Spit Acid Ability ================================== -->
<ThingDef ParentName="RRY_BaseProjectileAbility">
   <defName>RRY_Projectile_AcidSpit</defName>
    <tickerType>Normal</tickerType>
    <graphicData>
      <texPath>Things/Projectile/Smoke</texPath>
      <graphicClass>Graphic_Single</graphicClass>
			<color>(93,195,0)</color>
      <shaderType>TransparentPostLight</shaderType>
    </graphicData>
		<projectile>
			<damageDef>RRY_AcidDamage</damageDef>
			<damageAmountBase>3</damageAmountBase>
			<armorPenetrationBase>0.16</armorPenetrationBase>
			<explosionRadius>0.50</explosionRadius>
			<explosionChanceToStartFire>1.0</explosionChanceToStartFire>
			<postExplosionSpawnThingDef>RRY_FilthBloodXenomorph</postExplosionSpawnThingDef>
			<preExplosionSpawnChance>0.5</preExplosionSpawnChance>
			<stoppingPower>0.75</stoppingPower>
			<speed>30</speed>
			<flyOverhead>false</flyOverhead>
		</projectile>
 </ThingDef>

	<RRYautja.EquipmentAbilityDef>
        <defName>RRY_Ability_SpitAcid</defName>
        <label>Spit Acid</label>
        <iconPath>Things/Projectile/Smoke</iconPath>
        <description>Spits Acid at the target.</description>
        <abilityClass>RRYautja.EquipmentAbility</abilityClass>
		<cooldown>30</cooldown>
		<verbProperties Class="RRYautja.VerbProperties_EquipmentAbility">
            <verbClass>RRYautja.Verb_ShootEquipment</verbClass>
            <hasStandardCommand>true</hasStandardCommand>
			<ai_AvoidFriendlyFireRadius>5</ai_AvoidFriendlyFireRadius>
			<defaultProjectile>RRY_Projectile_AcidSpit</defaultProjectile>
            <warmupTime>0.6</warmupTime>
            <burstShotCount>6</burstShotCount>
            <ticksBetweenBurstShots>0</ticksBetweenBurstShots>
			<range>12</range>
			<!--<soundCast>OG_Flamer_Sound</soundCast>-->
			<soundCastTail>GunTail_Heavy</soundCastTail>
			<muzzleFlashScale>4</muzzleFlashScale>
			<targetParams>
				<canTargetLocations>true</canTargetLocations>
			</targetParams>
        </verbProperties>
		<comps>
		  <li Class="CompProperties_EffectWithDest">
			<compClass>RRYautja.CompAbilityEffect_Shoot</compClass>
			<psychic>false</psychic>
			<goodwillImpact>0</goodwillImpact>
			<screenShakeIntensity>0</screenShakeIntensity>
			<clamorRadius>0</clamorRadius>
		  </li>
		</comps>
	</RRYautja.EquipmentAbilityDef>
 
</Defs>
