<?xml version="1.0" encoding="utf-8" ?>
<Defs>
<!-- ======================== Melee Weapon Ranged Ability Defs ================================== -->
<!-- ======================== Yautja - Throw Spear Ability ================================== -->
<ThingDef ParentName="RRY_BaseThrownProjectileAbility">
   <defName>RRY_Projectile_CombiStick</defName>
		<graphicData>
			<texPath>Things/Projectile/Yautja_Combistaff_New</texPath>
			<drawSize>2.40</drawSize>			
		</graphicData>
		<comps>     
			<li>
				<compClass>AdeptusMechanicus.CompOversizedWeapon</compClass>
			</li>
		</comps>
		<projectile>
			  <damageDef>RRY_RangedStab_Combi</damageDef>
			  <armorPenetrationBase>0.5</armorPenetrationBase>
			  <damageAmountBase>15</damageAmountBase>
			  <speed>30</speed>
			<flyOverhead>false</flyOverhead>
		</projectile>
 </ThingDef>

	<RRYautja.EquipmentAbilityDef ParentName="RRY_BaseAbility">
        <defName>RRY_Ability_Throw_CombiStick</defName>
        <label>Throw Combistick</label>
        <iconPath>Things/Equipment/Melee/Yautja_Combistaff_New</iconPath>
        <description>Throw the Combistick.</description>
        <abilityClass>RRYautja.EquipmentAbility</abilityClass>
        <verbProperties Class="RRYautja.VerbProperties_EquipmentAbility">
            <verbClass>RRYautja.Verb_UseEquipment_Thrown</verbClass>
            <hasStandardCommand>true</hasStandardCommand>
			<defaultProjectile>RRY_Projectile_CombiStick</defaultProjectile>
            <warmupTime>2</warmupTime>
            <burstShotCount>1</burstShotCount>
			<range>20</range>
			<soundCast>Interact_BeatFire</soundCast>
			<targetParams>
				<canTargetLocations>true</canTargetLocations>
			</targetParams>
        </verbProperties>
		<comps>
		  <li Class="CompProperties_EffectWithDest">
			<compClass>RRYautja.CompAbilityEffect_Shoot</compClass>
			<psychic>false</psychic>
			<goodwillImpact>0</goodwillImpact>
			<screenShakeIntensity>0</screenShakeIntensity>
			<clamorRadius>0</clamorRadius>
		  </li>
		</comps>
 </RRYautja.EquipmentAbilityDef>
 
<!-- ======================== Yautja - Throw Smart Disk Ability ================================== -->
<ThingDef ParentName="RRY_BaseThrownReturningProjectileAbility">
   <defName>RRY_Projectile_SmartDisk</defName>
		<graphicData>
			<texPath>Things/Projectile/SmartDisk</texPath>	
		</graphicData>
		<comps>     
		
		</comps>
		<projectile>
			  <damageDef>RRY_RangedCut</damageDef>
			  <armorPenetrationBase>1</armorPenetrationBase>
			  <damageAmountBase>30</damageAmountBase>
			  <speed>26</speed>
			<flyOverhead>false</flyOverhead>
		</projectile>
 </ThingDef>

	<RRYautja.EquipmentAbilityDef ParentName="RRY_BaseAbility">
        <defName>RRY_Ability_Throw_SmartDisk</defName>
        <label>Throw Smart Disk</label>
        <iconPath>Things/Projectile/SmartDisk</iconPath>
        <description>Throw the Smart Disk.</description>
		<cooldown>10</cooldown>
        <abilityClass>RRYautja.EquipmentAbility</abilityClass>
        <verbProperties Class="RRYautja.VerbProperties_EquipmentAbility">
            <verbClass>RRYautja.Verb_UseEquipment_Thrown</verbClass>
            <hasStandardCommand>true</hasStandardCommand>
			<defaultProjectile>RRY_Projectile_SmartDisk</defaultProjectile>
            <warmupTime>2</warmupTime>
            <burstShotCount>1</burstShotCount>
			<range>20</range>
			<soundCast>Interact_BeatFire</soundCast>
			<targetParams>
				<canTargetLocations>true</canTargetLocations>
			</targetParams>
        </verbProperties>
		<comps>
		  <li Class="CompProperties_EffectWithDest">
			<compClass>RRYautja.CompAbilityEffect_Shoot</compClass>
			<psychic>false</psychic>
			<goodwillImpact>0</goodwillImpact>
			<screenShakeIntensity>0</screenShakeIntensity>
			<clamorRadius>0</clamorRadius>
		  </li>
		</comps>
 </RRYautja.EquipmentAbilityDef>
 
 </Defs>
