<?xml version="1.0" encoding="utf-8" ?>

<Defs>
  <!-- ========================BaseDef================================== -->
  <RRYautja.EquipmentAbilityDef Name="RRY_BaseAbility" Abstract="True">
    <iconPath>UI/Glow_Corrupt</iconPath>
  </RRYautja.EquipmentAbilityDef>
  
 
<ThingDef Name="RRY_BaseProjectileAbility" Class="RRYautja.ProjectileDef_Ability" ParentName="BaseBullet" Abstract="True">
   <thingClass>RRYautja.Projectile_AbilityRRY</thingClass>
   <label>Ability Projectile</label>
		<graphicData>
			<graphicClass>Graphic_Single</graphicClass>
			<texPath>Things/Projectile/Bullet_Small</texPath>
			<shaderType>TransparentPostLight</shaderType>
		</graphicData>
 </ThingDef>
 
<ThingDef Name="RRY_BaseThrownProjectileAbility" Class="RRYautja.ProjectileDef_Ability" ParentName="BaseBullet" Abstract="True">
   <thingClass>RRYautja.Projectile_AbilityRRY_ThrownWeapon</thingClass>
   <label>Ability Projectile</label>
		<graphicData>
			<graphicClass>Graphic_Single</graphicClass>
			<texPath>Things/Projectile/Bullet_Small</texPath>
			<shaderType>TransparentPostLight</shaderType>
		</graphicData>
 </ThingDef>
 
 
<ThingDef Name="RRY_BaseThrownReturningProjectileAbility" Class="RRYautja.ProjectileDef_Ability" ParentName="BaseBullet" Abstract="True">
   <thingClass>RRYautja.Projectile_AbilityRRY_ThrownReturning</thingClass>
   <label>Ability Projectile</label>
		<graphicData>
			<graphicClass>Graphic_Single</graphicClass>
			<texPath>Things/Projectile/Bullet_Small</texPath>
			<shaderType>TransparentPostLight</shaderType>
		</graphicData>
 </ThingDef>
 
</Defs>
