<?xml version="1.0" encoding="utf-8" ?>

<Defs>
<ThingDef Name="RRYBaseGrenadeAbility" Class="AbilityUser.ProjectileDef_Ability" ParentName="BaseGrenadeProjectile" Abstract="True">
   <thingClass>Projectile_Explosive</thingClass>
   <label>Launch Grenade</label>
		<graphicData>
			<graphicClass>Graphic_Single</graphicClass>
			<texPath>Things/Projectile/Grenade</texPath>
			<shaderType>TransparentPostLight</shaderType>
		</graphicData>
 </ThingDef>
<!-- ======================== Grenade Ability Defs ================================== -->
	<ThingDef ParentName="BaseGrenadeProjectile">
		<defName>RRY_Bullet_M42AGrenade</defName>
		<graphicData>
			<texPath>Things/Projectile/Grenade</texPath>
			<graphicClass>Graphic_Single</graphicClass>
		</graphicData>
		<projectile>
			<damageDef>Bomb</damageDef>
			<damageAmountBase>15</damageAmountBase>
			<armorPenetrationBase>0.16</armorPenetrationBase>
			<explosionRadius>2.5</explosionRadius>
			<explosionDelay>20</explosionDelay>
			<speed>35</speed>
			<flyOverhead>false</flyOverhead>
		</projectile>
	</ThingDef>

	<RRYautja.EquipmentAbilityDef ParentName="RRY_BaseAbility">
        <defName>RRY_Ability_LaunchM42AGrenade</defName>
        <label>Underslung Grenade</label>
        <iconPath>Things/Projectile/Grenade</iconPath>
        <description>Launches a Grenade.</description>
        <abilityClass>RRYautja.EquipmentAbility</abilityClass>
		<cooldown>30</cooldown>
        <verbProperties Class="RRYautja.VerbProperties_EquipmentAbility">
            <verbClass>RRYautja.Verb_ShootEquipment</verbClass>
            <hasStandardCommand>true</hasStandardCommand>
			<ai_IsBuildingDestroyer>false</ai_IsBuildingDestroyer>
			<defaultProjectile>RRY_Bullet_M42AGrenade</defaultProjectile>
            <warmupTime>0.75</warmupTime>
            <burstShotCount>1</burstShotCount>
            <ticksBetweenBurstShots>2</ticksBetweenBurstShots>
			<range>31</range>
			<forcedMissRadius>1.9</forcedMissRadius>
            <soundCast>ThrowGrenade</soundCast>
            <muzzleFlashScale>0</muzzleFlashScale>
			<targetParams>
				<canTargetLocations>true</canTargetLocations>
			</targetParams>
        </verbProperties>
		<comps>
		  <li Class="CompProperties_EffectWithDest">
			<compClass>RRYautja.CompAbilityEffect_Shoot</compClass>
			<psychic>false</psychic>
			<goodwillImpact>0</goodwillImpact>
			<screenShakeIntensity>0</screenShakeIntensity>
			<clamorRadius>0</clamorRadius>
		  </li>
		</comps>
	</RRYautja.EquipmentAbilityDef>
 
	<RRYautja.EquipmentAbilityDef ParentName="RRY_BaseAbility">
        <defName>RRY_Ability_LaunchM42BShotgun</defName>
        <label>Underslung Shotgun</label>
        <iconPath>Things/Projectile/Bullet_Shotgun</iconPath>
        <description>Fires the Underslung Shotgun.</description>
        <abilityClass>RRYautja.EquipmentAbility</abilityClass>
		<cooldown>10</cooldown>
        <verbProperties Class="RRYautja.VerbProperties_EquipmentAbility">
            <verbClass>RRYautja.Verb_ShootEquipment</verbClass>
            <hasStandardCommand>true</hasStandardCommand>
			<ai_IsBuildingDestroyer>false</ai_IsBuildingDestroyer>
			<defaultProjectile>RRY_USCM_Bullet_M37A2S</defaultProjectile>
            <warmupTime>0.35</warmupTime>
            <ExtraShots>7</ExtraShots>
			<range>15</range>
            <soundCast>RRY_M37A2_Shot</soundCast>
			<soundCastTail>GunTail_Heavy</soundCastTail>
			<muzzleFlashScale>4</muzzleFlashScale>
			<targetParams>
				<canTargetLocations>true</canTargetLocations>
			</targetParams>
        </verbProperties>
		<comps>
		  <li Class="CompProperties_EffectWithDest">
			<compClass>RRYautja.CompAbilityEffect_Shoot</compClass>
			<psychic>false</psychic>
			<goodwillImpact>0</goodwillImpact>
			<screenShakeIntensity>0</screenShakeIntensity>
			<clamorRadius>0</clamorRadius>
		  </li>
		</comps>
	</RRYautja.EquipmentAbilityDef>
 
</Defs>
