﻿<?xml version="1.0" encoding="utf-8" ?>
<Defs>

  <StatDef>
    <defName>RRY_StuffPower_Armor_Acid</defName>
    <label>Armor - Acid</label>
    <description>Armor against Acid-related damage like burns.</description>
    <category>StuffStatFactors</category>
    <defaultBaseValue>0</defaultBaseValue>
    <minValue>0</minValue>
    <toStringStyle>PercentZero</toStringStyle>
    <showIfUndefined>false</showIfUndefined>
    <displayPriorityInCategory>80</displayPriorityInCategory>
  </StatDef>

</Defs>
