﻿<?xml version="1.0" encoding="utf-8" ?>
<Defs>

  <StatDef>
    <defName>HMS_MarkScore</defName>
    <workerClass>StatWorker_MarkScore</workerClass>
    <label>combat score</label>
    <description>This represts the level of prestige this creature is worth as a Kill Marking.</description>
    <category>BasicsPawn</category>
    <defaultBaseValue>0</defaultBaseValue>
    <minValue>0</minValue>
    <toStringStyle>FloatThree</toStringStyle>
    <showOnNonWildManHumanlikes>true</showOnNonWildManHumanlikes>
    <parts>
	<!--
      <li Class="StatPart_WildManOffset">
        <offset>6</offset>
      </li>
	  -->
    </parts>
  </StatDef>

</Defs>
