﻿<?xml version="1.0" encoding="utf-8" ?>
<Defs>

  <StatDef>
    <defName>RRY_AcidResistance</defName>
    <label>acid resistance</label>
    <description>How well an object resists the corrosive effects of Xenomorph blood.</description>
    <category>BasicsNonPawn</category>
    <defaultBaseValue>0</defaultBaseValue>
    <minValue>0</minValue>
    <maxValue>1</maxValue>
    <toStringStyle>PercentZero</toStringStyle>
    <showOnNonWildManHumanlikes>true</showOnNonWildManHumanlikes>
		<scenarioRandomizable>true</scenarioRandomizable>
	</StatDef>
	
</Defs>
