﻿<?xml version="1.0" encoding="utf-8" ?>
<Defs>

  <StatDef ParentName="ArmorRatingBase">
    <defName>RRY_ArmorRating_Acid</defName>
    <label>Armor - Acid</label>
    <description>The chance to affect Acid-related damage like burns.\n\nUpon taking damage, first this armor rating is reduced by the attack's armor penetration value. The remaining armor rating is then compared against a random number from 0 to 100.\n\n    -If the random number is under half the armor rating, the damage deflects harmlessly.\n    -If the random number is over half the armor rating, but not higher than the armor rating, the damage is mitigated. This means it is reduced by half.\n    -If the random number is greater than the armor rating, the armor has no effect.\n\nFor example, at 90% armor rating against an attack with 10% armor penetration, there is a 40% chance of deflecting the attack harmlessly, and a 40% chance of mitigating the damage.\n\nIn the case of apparel armor, each layer of apparel applies its armor to the attack separately, from the outside in.</description>
    <displayPriorityInCategory>40</displayPriorityInCategory>
    <parts>
      <li Class="StatPart_Stuff">
        <priority>100</priority>
        <stuffPowerStat>RRY_StuffPower_Armor_Acid</stuffPowerStat>
        <multiplierStat>StuffEffectMultiplierArmor</multiplierStat>
      </li>
      <li Class="StatPart_Quality">
        <factorAwful>0.76</factorAwful>
        <factorPoor>0.88</factorPoor>
        <factorNormal>1</factorNormal>
        <factorGood>1.12</factorGood>
        <factorExcellent>1.24</factorExcellent>
        <factorMasterwork>1.4</factorMasterwork>
        <factorLegendary>1.8</factorLegendary>
      </li>
    </parts>
  </StatDef>

</Defs>
