<?xml version="1.0" encoding="utf-8" ?>
<Defs>

	<JobDef>
		<defName>RRY_Yautja_TendSelf</defName>
		<driverClass>RRYautja.JobDriver_TendSelf</driverClass>
		<reportString>tending wounds.</reportString>
	</JobDef>
	
  <JobDef>
    <defName>RRY_Yautja_HealthShard</defName>
    <driverClass>RRYautja.JobDriver_HealthShard</driverClass>
    <reportString>using health shard.</reportString>
  </JobDef>
  
  <JobDef>
    <defName>RRY_Yautja_HealthShardRestock</defName>
    <driverClass>RRYautja.JobDriver_HealthShard</driverClass>
    <reportString>restocking health shards.</reportString>
  </JobDef>
  
</Defs>