<?xml version="1.0" encoding="utf-8" ?>
<Defs>
    
  <!--============ Need satisfaction ============-->

  <JobDef>
		<defName>RRY_Neomorph_Ingest</defName>
		<driverClass>JobDriver_Neomorph_Ingest</driverClass>
		<reportString>consuming TargetA.</reportString>
    <allowOpportunisticPrefix>true</allowOpportunisticPrefix>
  </JobDef>

  <JobDef>
    <defName>RRY_Neomorph_LayDown</defName>
    <driverClass>JobDriver_LayDown</driverClass>
    <reportString>lying down.</reportString>
    <casualInterruptible>false</casualInterruptible>
    <allowOpportunisticPrefix>true</allowOpportunisticPrefix>
  </JobDef>
  
</Defs>