<?xml version="1.0" encoding="utf-8" ?>
<Defs>
  <RecipeDef ParentName="SurgeryFlesh">
    <defName>RRY_GauntletRemoval</defName>
    <label>Attempt Gauntlet removal</label>
    <description>Gauntlet removal</description>
    <workerClass>RRYautja.Recipe_Remove_Gauntlet</workerClass>
    <jobString>Attempting to remove yautja gauntlet</jobString>
    <workAmount>1500</workAmount>
    <removesHediff>RRY_WristbladeHeDiff</removesHediff>
    <successfullyRemovedHediffMessage>{0} has successfully removed the gauntlet from {1}'s arm.</successfullyRemovedHediffMessage>
    <deathOnFailedSurgeryChance>0.0</deathOnFailedSurgeryChance>
    <surgerySuccessChanceFactor>1</surgerySuccessChanceFactor>
    <skillRequirements>
      <Medicine>1</Medicine>
    </skillRequirements>
    <ingredients>
      <li>
        <filter>
          <categories>
            <li>Medicine</li>
          </categories>
        </filter>
        <count>1</count>
      </li>
    </ingredients>
    <fixedIngredientFilter>
      <categories>
        <li>Medicine</li>
      </categories>
      <disallowedThingDefs>
        <li>MedicineHerbal</li>
      </disallowedThingDefs>
    </fixedIngredientFilter>
  </RecipeDef>

  <RecipeDef ParentName="SurgeryFlesh">
    <defName>RRY_FaceHuggerRemoval</defName>
    <label>Attempt Facehugger removal</label>
    <description>Facehugger removal</description>
    <workerClass>RRYautja.Recipe_RemoveHugger</workerClass>
    <jobString>Attempting to remove xenomorph parasite</jobString>
    <workAmount>1500</workAmount>
    <removesHediff>RRY_FaceHuggerInfection</removesHediff>
    <successfullyRemovedHediffMessage>{0} has successfully removed the parasite from {1}'s head.</successfullyRemovedHediffMessage>
    <deathOnFailedSurgeryChance>0.350</deathOnFailedSurgeryChance>
    <surgerySuccessChanceFactor>0.35</surgerySuccessChanceFactor>
    <skillRequirements>
      <Medicine>10</Medicine>
    </skillRequirements>
    <ingredients>
      <li>
        <filter>
          <categories>
            <li>Medicine</li>
          </categories>
        </filter>
        <count>1</count>
      </li>
    </ingredients>
    <fixedIngredientFilter>
      <categories>
        <li>Medicine</li>
      </categories>
      <disallowedThingDefs>
        <li>MedicineHerbal</li>
      </disallowedThingDefs>
    </fixedIngredientFilter>
  </RecipeDef>

  <RecipeDef ParentName="SurgeryFlesh">
    <defName>RRY_XenomorphImpregnationRemoval</defName>
    <label>Attempt embyro removal</label>
    <description>Embyro removal</description>
    <workerClass>Recipe_RemoveHediff</workerClass>
    <jobString>Attempting to remove xenomorph parasite</jobString>
    <workAmount>1500</workAmount>
    <removesHediff>RRY_XenomorphImpregnation</removesHediff>
    <successfullyRemovedHediffMessage>{0} has successfully removed Embyro {1}.</successfullyRemovedHediffMessage>
    <deathOnFailedSurgeryChance>0.750</deathOnFailedSurgeryChance>
    <surgerySuccessChanceFactor>0.35</surgerySuccessChanceFactor>
    <skillRequirements>
      <Medicine>4</Medicine>
    </skillRequirements>
    <ingredients>
      <li>
        <filter>
          <categories>
            <li>Medicine</li>
          </categories>
        </filter>
        <count>1</count>
      </li>
    </ingredients>
    <fixedIngredientFilter>
      <categories>
        <li>Medicine</li>
      </categories>
      <disallowedThingDefs>
        <li>MedicineHerbal</li>
      </disallowedThingDefs>
    </fixedIngredientFilter>
  </RecipeDef>
  
  <RecipeDef ParentName="SurgeryFlesh">
    <defName>RRY_NeomorphImpregnationRemoval</defName>
    <label>Attempt embyro removal</label>
    <description>Embyro removal</description>
    <workerClass>Recipe_RemoveHediff</workerClass>
    <jobString>Attempting to remove neomorph parasite</jobString>
    <workAmount>1500</workAmount>
    <removesHediff>RRY_NeomorphImpregnation</removesHediff>
    <successfullyRemovedHediffMessage>{0} has successfully removed Embyro {1}.</successfullyRemovedHediffMessage>
    <deathOnFailedSurgeryChance>0.750</deathOnFailedSurgeryChance>
    <surgerySuccessChanceFactor>0.35</surgerySuccessChanceFactor>
    <skillRequirements>
      <Medicine>4</Medicine>
    </skillRequirements>
    <ingredients>
      <li>
        <filter>
          <categories>
            <li>Medicine</li>
          </categories>
        </filter>
        <count>1</count>
      </li>
    </ingredients>
    <fixedIngredientFilter>
      <categories>
        <li>Medicine</li>
      </categories>
      <disallowedThingDefs>
        <li>MedicineHerbal</li>
      </disallowedThingDefs>
    </fixedIngredientFilter>
  </RecipeDef>

 </Defs>
 