﻿<?xml version="1.0" encoding="utf-8" ?>
<Defs>

  <RulePackDef>
    <defName>RRY_NamerYautjaUtility</defName>
    <rulePack>
      <rulesStrings>
        <li>WordYautji(p=3)->[SylG]'[SylE]-[SylG]</li>
        <li>WordYautji(p=2)->[SylG]'[SylG][SylE]-[SylG]</li>
      </rulesStrings>
      <rulesFiles>
        <li>RRY_NameYautjaMale->NameBanks/RRYautjaMale</li>
        <li>RRY_NameYautjaMaleA->NameBanks/RRYautjaMaleA</li>
        <li>RRY_NameYautjaMaleB->NameBanks/RRYautjaMaleB</li>
		
        <li>RRY_NameYautjaFemale->NameBanks/RRYautjaFemale</li>
        <li>RRY_NameYautjaFemaleA->NameBanks/RRYautjaFemaleA</li>
        <li>RRY_NameYautjaFemaleB->NameBanks/RRYautjaFemaleB</li>
		
        <li>RRY_NameYautjaUnisexNick->NameBanks/RRYautjaNick</li>
        <li>RRY_NameYautjaFemaleNick->NameBanks/RRYautjaNickFemale</li>
		
        <li>SylE->WordParts/Syllables_English</li>
        <li>SylG->WordParts/Syllables_Galician</li>
      </rulesFiles>
    </rulePack>
  </RulePackDef>

	<RulePackDef>
		<defName>NamerRRYautjaFaction</defName>
		<rulePack>
		  <rulesStrings>
			<li>name->[RRYautjaClans]</li>
		  </rulesStrings>
		  <rulesRaw>
			<li Class="Rule_File">
				<keyword>RRYautjaClans</keyword>
				<path>NameBanks/RRYautjaClans</path>
			</li>
		  </rulesRaw>
		</rulePack>
	</RulePackDef>
	
	<RulePackDef>
		<defName>NamerRRYYautjaJungleClan</defName>
		<rulePack>
		  <rulesStrings>
			<li>name->[RRY_Yautja_JungleClan]</li>
		  </rulesStrings>
		  <rulesRaw>
			<li Class="Rule_File">
				<keyword>RRY_Yautja_JungleClan</keyword>
				<path>NameBanks/RRYautjaClanJungle</path>
			</li>
		  </rulesRaw>
		</rulePack>
	</RulePackDef>
	
	<RulePackDef>
		<defName>NamerRRYautjaBases</defName>
		<rulePack>
			<rulesStrings>
				<li>name->[RRYautjaBaseNames]</li>
			</rulesStrings>
			<rulesRaw>
				<li Class="Rule_File">
					<keyword>RRYautjaBaseNames</keyword>
					<path>NameBanks/RRYautjaBaseNames</path>
				</li>
			</rulesRaw>
		</rulePack>
	</RulePackDef>

	<RulePackDef>
		<defName>RRY_NamerPersonYautji_Male</defName>
		<include>
		  <li>RRY_NamerYautjaUtility</li>
		  <li>TribalWordUtility</li>
		</include>
		<rulePack>
		  <rulesStrings>
			<li>name->[RRY_Malefirstname] [RRY_Unisexlastname]</li>
			<li>name->[RRY_Malefirstname] '[nickname]' [RRY_Unisexlastname]</li>
			
			<li>RRY_Malefirstname(p=3)->[RRY_NameYautjaMaleA][RRY_NameYautjaMaleB]</li>
			<li>RRY_Malefirstname(p=2)->[RRY_NameYautjaMale]</li>
			
			<li>RRY_Unisexlastname(p=3)->[WordYautji]</li>
			<li>RRY_Unisexlastname(p=2)->[WordYautji]</li>
			
			<li>nickname(p=3)->[RRY_NameYautjaUnisexNick]</li>
			<!--
			<li>nicktname(p=3)->[ConceptBadass]</li>
			<li>nicktname(p=2)->[PersonBadass]</li>
			<li>nicktname(p=2)->[AnimalBadass]</li>
			-->
		  </rulesStrings>
		</rulePack>
	</RulePackDef>

	<RulePackDef>
		<defName>RRY_NamerPersonYautji_Female</defName>
		<include>
		  <li>RRY_NamerYautjaUtility</li>
		  <li>TribalWordUtility</li>
		</include>
		<rulePack>
		  <rulesStrings>
			
			<li>name->[RRY_Femalefirstname] [RRY_Unisexlastname]</li>
			<li>name->[RRY_Femalefirstname] '[nickname]' [RRY_Unisexlastname]</li>

			<li>RRY_Femalefirstname(p=3)->[RRY_NameYautjaFemaleA][RRY_NameYautjaFemaleB]</li>
			<li>RRY_Femalefirstname(p=2)->[RRY_NameYautjaFemale]</li>
			
			<li>RRY_Unisexlastname(p=3)->[WordYautji]</li>
			<li>RRY_Unisexlastname(p=2)->[WordYautji]</li>
			
			<li>nickname(p=8)->[RRY_NameYautjaUnisexNick]</li>
			<li>nickname(p=2)->[RRY_NameYautjaFemaleNick]</li>
			<!--
			<li>nicktname(p=3)->[ConceptBadass]</li>
			<li>nicktname(p=2)->[PersonBadass]</li>
			<li>nicktname(p=2)->[AnimalBadass]</li>
			-->
		  </rulesStrings>
		</rulePack>
	</RulePackDef>
	
	<!--======================================== USCM Faction and Character namer ================================================-->
	
	<RulePackDef>
		<defName>Namer_RRY_USCM_Operations</defName>
		<rulePack>
		  <rulesStrings>
			<li>name->[RRY_USCM_Operations]</li>
		  </rulesStrings>
		  <rulesRaw>
			<li Class="Rule_File">
				<keyword>RRY_USCM_Operations</keyword>
				<path>NameBanks/RRY_USCM_Operations</path>
			</li>
		  </rulesRaw>
		</rulePack>
	</RulePackDef>
	
	<RulePackDef>
		<defName>Namer_RRY_USCM_Squads</defName>
		<rulePack>
			<rulesStrings>
				<li>name->[RRY_USCM_Squads]</li>
			</rulesStrings>
			<rulesRaw>
				<li Class="Rule_File">
					<keyword>RRY_USCM_Squads</keyword>
					<path>NameBanks/RRY_USCM_Squads</path>
				</li>
			</rulesRaw>
		</rulePack>
	</RulePackDef>
	
</Defs>