﻿<?xml version="1.0" encoding="utf-8"?><Defs>

  <SoundDef>
    <defName>RRY_Pawn_Xenomorph_Queen_Wounded</defName>  
    <context>MapOnly</context>
    <eventNames />  
    <maxVoices>1</maxVoices>  
    <subSounds>
      <li>
        <grains>
          <li Class="AudioGrain_Folder">
		  <!--
            <clipFolderPath>Pawn/Xenomorph/Queen/Pain</clipFolderPath>
            <clipFolderPath>Pawn/Mechanoid/Mechanoid_Centipede_Pain</clipFolderPath>
			-->
            <clipFolderPath>Pawn/Mechanoid/Mechanoid_Centipede_Pain</clipFolderPath>
          </li>
        </grains>      
        <volumeRange>
          <min>20</min>        
          <max>20</max>
        </volumeRange>      
        <pitchRange>
          <min>0.9541177</min>        
          <max>1.068824</max>
        </pitchRange>      
        <repeatMode>NeverTwice</repeatMode>      
        <sustainLoop>False</sustainLoop>
      </li>
    </subSounds>
  </SoundDef>

  <SoundDef>
    <defName>RRY_Pawn_Xenomorph_Queen_Death</defName>  
    <context>MapOnly</context>
    <eventNames />  
    <subSounds>
      <li>
        <grains>
          <li Class="AudioGrain_Folder">
		  <!--
            <clipFolderPath>Pawn/Xenomorph/Queen/Death</clipFolderPath>
            <clipFolderPath>Pawn/Mechanoid/Mechanoid_Centipede_Death</clipFolderPath>
			-->
            <clipFolderPath>Pawn/Mechanoid/Mechanoid_Centipede_Death</clipFolderPath>
          </li>
        </grains>      
        <volumeRange>
          <min>20</min>        
          <max>20</max>
        </volumeRange>      
        <pitchRange>
          <min>0.9311765</min>        
          <max>1.045882</max>
        </pitchRange>      
        <sustainLoop>False</sustainLoop>
      </li>
    </subSounds>
  </SoundDef>

  <SoundDef>
    <defName>RRY_Pawn_Xenomorph_Queen_Call</defName>  
    <context>MapOnly</context>
    <eventNames />  
    <subSounds>
      <li>
        <grains>
          <li Class="AudioGrain_Folder">
		  <!--
            <clipFolderPath>Pawn/Xenomorph/Normal/Pain</clipFolderPath>
            <clipFolderPath>Pawn/Mechanoid/Scyther/Pain</clipFolderPath>
			-->
            <clipFolderPath>Pawn/Xenomorph/Queen/Xeno_Queen_Call</clipFolderPath>
          </li>
        </grains>      
        <volumeRange>
          <min>20</min>        
          <max>20</max>
        </volumeRange>      
        <pitchRange>
          <min>0.9311765</min>        
          <max>1.045882</max>
        </pitchRange>      
        <sustainLoop>False</sustainLoop>
      </li>
    </subSounds>
  </SoundDef>

  <SoundDef>
    <defName>RRY_Pawn_Xenomorph_Normal_Wounded</defName>  
    <context>MapOnly</context>
    <eventNames />  
    <maxVoices>1</maxVoices>  
    <subSounds>
      <li>
        <grains>
          <li Class="AudioGrain_Folder">
		  <!--
            <clipFolderPath>Pawn/Xenomorph/Normal/Pain</clipFolderPath>
            <clipFolderPath>Pawn/Mechanoid/Scyther/Pain</clipFolderPath>
			-->
            <clipFolderPath>Pawn/Xenomorph/Normal/Pain</clipFolderPath>
          </li>
        </grains>      
        <volumeRange>
          <min>20</min>        
          <max>20</max>
        </volumeRange>      
        <pitchRange>
          <min>0.9541177</min>        
          <max>1.068824</max>
        </pitchRange>      
        <repeatMode>NeverTwice</repeatMode>      
        <sustainLoop>False</sustainLoop>
      </li>
    </subSounds>
  </SoundDef>

  <SoundDef>
    <defName>RRY_Pawn_Xenomorph_Normal_Death</defName>  
    <context>MapOnly</context>
    <eventNames />  
    <subSounds>
      <li>
        <grains>
          <li Class="AudioGrain_Folder">
		  <!--
            <clipFolderPath>Pawn/Mechanoid/Scyther/Death</clipFolderPath>
            <clipFolderPath>Pawn/Xenomorph/Normal/Death</clipFolderPath>
			-->
            <clipFolderPath>Pawn/Mechanoid/Scyther/Death</clipFolderPath>
          </li>
        </grains>      
        <volumeRange>
          <min>20</min>        
          <max>20</max>
        </volumeRange>      
        <pitchRange>
          <min>0.9311765</min>        
          <max>1.045882</max>
        </pitchRange>      
        <sustainLoop>False</sustainLoop>
      </li>
    </subSounds>
  </SoundDef>

  <SoundDef>
    <defName>RRY_Pawn_Xenomorph_Normal_Call</defName>  
    <context>MapOnly</context>
    <eventNames />  
    <subSounds>
      <li>
        <grains>
          <li Class="AudioGrain_Folder">
		  <!--
            <clipFolderPath>Pawn/Xenomorph/Normal/Calls</clipFolderPath>
            <clipFolderPath>Pawn/Mechanoid/Scyther/Calls</clipFolderPath>
			-->
            <clipFolderPath>Pawn/Xenomorph/Normal/Calls</clipFolderPath>
          </li>
        </grains>      
        <volumeRange>
          <min>20</min>        
          <max>20</max>
        </volumeRange>      
        <pitchRange>
          <min>0.9311765</min>        
          <max>1.045882</max>
        </pitchRange>      
        <sustainLoop>False</sustainLoop>
      </li>
    </subSounds>
  </SoundDef>

</Defs>
