<?xml version="1.0" encoding="utf-8"?>
<Defs>	
	
<!-- ==================== UA 571-C Automated Sentry Gun ============================= -->
	<SoundDef>
		<defName>RRY_UA571C_Shot</defName>
		<context>MapOnly</context>
		<eventNames/>
		<maxSimultaneous>1</maxSimultaneous>
		<subSounds>
			<li>
				<grains>
					<li Class="AudioGrain_Clip">
						<clipPath>Weapons/Ranged/UA571C</clipPath>
					</li>
				</grains>
				<pitchRange>
					<min>0.9152174</min>
					<max>1.042391</max>
				</pitchRange>
			</li>
		</subSounds>
	</SoundDef>
	
<!-- ==================== M41A Shot ============================= -->
	<SoundDef>
		<defName>RRY_M41A_Shot</defName>  
		<context>MapOnly</context>
		<eventNames />  
		<maxSimultaneous>1</maxSimultaneous>  
		<subSounds>
		  <li>
			<grains>
			  <li Class="AudioGrain_Folder">
				<clipFolderPath>Weapons/Ranged/M41A_Shot</clipFolderPath>
			  </li>
			</grains>      
			<volumeRange>
			  <min>35</min>        
			  <max>35</max>
			</volumeRange>      
			<sustainLoop>False</sustainLoop>
		  </li>
		</subSounds>
	</SoundDef>
	
	<!--==================== Flamer Sound =========================-->
	<SoundDef>
		<defName>RRY_Flamer_Sound</defName>
		<context>MapOnly</context>
		<eventNames />  
		<maxSimultaneous>10</maxSimultaneous>  
		<subSounds>
			<li>
				<grains>
					<li Class="AudioGrain_Folder">
					<clipFolderPath>Weapons/Ranged/FlamerFire</clipFolderPath>
					</li>
				</grains>      
				<volumeRange>
					<min>15.0</min>        
					<max>25.0</max>
				</volumeRange>      
				<pitchRange>
					<min>0.9</min>        
					<max>1.0</max>
				</pitchRange>      
				<sustainLoop>false</sustainLoop>
			</li>
		</subSounds>
	</SoundDef>	
	
<!-- ==================== Flamer Explosion ============================= -->
	<SoundDef>
        <defName>RRY_Flamer_Explosion</defName>
        <context>MapOnly</context>
        <eventNames />  
        <maxSimultaneous>1</maxSimultaneous>  
        <subSounds>
            <li>
                <grains>
                    <li Class="AudioGrain_Folder">
                        <clipFolderPath>Weapons/Ranged/FlamerStrike</clipFolderPath>
                    </li>
                </grains>      
                <volumeRange>
                    <min>30.0</min>        
                    <max>100.0</max>
                </volumeRange>      
                <pitchRange>
                    <min>0.9</min>        
                    <max>1.0</max>
                </pitchRange>      
                <sustainLoop>False</sustainLoop>
            </li>
        </subSounds>
    </SoundDef>
	
	<!-- ==================== M4A3 ================================ -->
	<SoundDef>
		<defName>RRY_M4A3_Shot</defName>
		<context>MapOnly</context>
		<eventNames />  
		<maxSimultaneous>2</maxSimultaneous>
		<subSounds>
			<li>
				<grains>
					<li Class="AudioGrain_Clip">
						<clipPath>Weapons/Ranged/M4A3</clipPath>
					</li>
				</grains>
				<pitchRange>
					<min>0.9152174</min>
					<max>1.042391</max>
				</pitchRange>
			</li>
		</subSounds>
	</SoundDef>
	
	<!-- ==================== M4A4 ================================ -->
	<SoundDef>
		<defName>RRY_M4A4_Shot</defName>
		<context>MapOnly</context>
		<eventNames />
		<maxSimultaneous>2</maxSimultaneous>
		<subSounds>
			<li>
				<grains>
					<li Class="AudioGrain_Clip">
						<clipPath>Weapons/Ranged/M4A4</clipPath>
					</li>
				</grains>
				<volumeRange>
					<min>25</min>        
					<max>25</max>
				</volumeRange>  
				<pitchRange>
					<min>0.9152174</min>
					<max>1.042391</max>
				</pitchRange>
			</li>
		</subSounds>
	</SoundDef>
	
	<!-- ==================== 88mod4 ================================ -->
	<SoundDef>
		<defName>RRY_88mod4_Shot</defName>
		<context>MapOnly</context>
		<eventNames />
		<maxSimultaneous>2</maxSimultaneous>
		<subSounds>
			<li>
				<grains>
					<li Class="AudioGrain_Clip">
						<clipPath>Weapons/Ranged/88mod4</clipPath>
					</li>
				</grains>
				<volumeRange>
					<min>25</min>        
					<max>25</max>
				</volumeRange>  
				<pitchRange>
					<min>0.9152174</min>
					<max>1.042391</max>
				</pitchRange>
			</li>
		</subSounds>
	</SoundDef>
	
	<!-- ==================== M37A2 Pump Shotgun ============================= -->
	<SoundDef>
		<defName>RRY_M37A2_Shot</defName>
		<context>MapOnly</context>
		<eventNames/>
		<maxSimultaneous>1</maxSimultaneous>
		<subSounds>
			<li>
				<grains>
					<li Class="AudioGrain_Clip">
						<clipPath>Weapons/Ranged/M37A2</clipPath>
					</li>
				</grains>
				<volumeRange>
					<min>20</min>        
					<max>20</max>
				</volumeRange> 
				<pitchRange>
					<min>0.9</min>
					<max>1.1</max>
				</pitchRange>
			</li>
		</subSounds>
	</SoundDef>
	
	<!-- ==================== M56 Smartgun ============================= -->
	<SoundDef>
		<defName>RRY_M56_Shot</defName>
		<context>MapOnly</context>
		<eventNames/>
		<maxSimultaneous>2</maxSimultaneous>
		<subSounds>
			<li>
				<grains>
					<li Class="AudioGrain_Clip">
						<clipPath>Weapons/Ranged/M56</clipPath>
					</li>
				</grains>
				<volumeRange>
					<min>25</min>        
					<max>25</max>
				</volumeRange> 
				<pitchRange>
					<min>0.9152174</min>
					<max>1.042391</max>
				</pitchRange>
			</li>
		</subSounds>
	</SoundDef>
	
	<!-- ==================== M42A Sniper Rifle ============================= -->
	<SoundDef>
		<defName>RRY_M42A_Shot</defName>
		<context>MapOnly</context>
		<eventNames/>
		<maxSimultaneous>2</maxSimultaneous>
		<subSounds>
			<li>
				<grains>
					<li Class="AudioGrain_Clip">
						<clipPath>Weapons/Ranged/M42A</clipPath>
					</li>
				</grains>
				<volumeRange>
					<min>40</min>        
					<max>40</max>
				</volumeRange> 
				<pitchRange>
					<min>0.9</min>
					<max>1.1</max>
				</pitchRange>
			</li>
		</subSounds>
	</SoundDef>	
	
	<!-- ==================== M240 Incinerator Unit ============================= -->
	<SoundDef>
		<defName>RRY_M240_Shot</defName>
		<context>MapOnly</context>
		<eventNames/>
		<maxSimultaneous>2</maxSimultaneous>
		<subSounds>
			<li>
				<grains>
					<li Class="AudioGrain_Clip">
						<clipPath>Weapons/Ranged/M240</clipPath>
					</li>
				</grains>
				<volumeRange>
					<min>25</min>        
					<max>25</max>
				</volumeRange> 
				<pitchRange>
					<min>0.9152174</min>
					<max>1.042391</max>
				</pitchRange>
			</li>
		</subSounds>
	</SoundDef>
	
	<!-- ==================== M5 Rocket Propelled Grenade ============================= -->
	<SoundDef>
		<defName>RRY_M5_Shot</defName>
		<context>MapOnly</context>
		<eventNames/>
		<maxSimultaneous>2</maxSimultaneous>
		<subSounds>
			<li>
				<grains>
					<li Class="AudioGrain_Clip">
						<clipPath>Weapons/Ranged/M5</clipPath>
					</li>
				</grains>
				<volumeRange>
					<min>25</min>        
					<max>25</max>
				</volumeRange> 
				<pitchRange>
					<min>0.9152174</min>
					<max>1.042391</max>
				</pitchRange>
			</li>
		</subSounds>
	</SoundDef>
		
</Defs>