﻿<?xml version="1.0" encoding="utf-8"?><Defs>

  <SoundDef>
    <defName>RRY_Shot_ShoulderCannon</defName>  
    <context>MapOnly</context>
    <eventNames />  
    <maxSimultaneous>1</maxSimultaneous>  
    <subSounds>
      <li>
        <grains>
          <li Class="AudioGrain_Folder">
            <clipFolderPath>Weapons/Ranged/Predator_Shoulder_Cannon_Shot</clipFolderPath>
          </li>
        </grains>      
        <volumeRange>
          <min>35</min>        
          <max>35</max>
        </volumeRange>      
        <sustainLoop>False</sustainLoop>
      </li>
    </subSounds>
  </SoundDef>

</Defs>