﻿<?xml version="1.0" encoding="utf-8" ?>
<Defs>
<!--

  <MapGeneratorDef ParentName="MapCommonBase">
    <defName>Base_Player</defName>
    <genSteps>
      <li>RocksFromGrid</li>
      <li>ScatterDeepResourceLumps</li>
      <li>ScatterShrines</li>
      <li>CaveHives</li>
    </genSteps>
  </MapGeneratorDef>
  
  -->
  <!-- Ancient shrines -->
  <GenStepDef>
    <defName>RRY_Xenomorph_ScatterShrines</defName>
    <order>401</order>
    <genStep Class="GenStep_ScatterShrines">
			<allowInWaterBiome>false</allowInWaterBiome>
      <countPer10kCellsRange><min>0.12</min><max>0.25</max></countPer10kCellsRange>
    </genStep>
  </GenStepDef>
  
  <!-- Xenomorph Cave hives -->
  <GenStepDef>
    <defName>RRY_Xenomorph_CaveHives</defName>
    <order>1101</order>
    <genStep Class="GenStep_XenomorphCaveHives"/>
  </GenStepDef>

</Defs>
