﻿<?xml version="1.0" encoding="utf-8"?>
<Defs>

  <TraderKindDef>
    <defName>RRY_Orbital_BulkGoodsYautja</defName>
    <label>bulk goods trader</label>
    <orbital>true</orbital>
    <stockGenerators>
      
      <!-- Resources -->
      <li Class="StockGenerator_SingleDef">
        <thingDef>Silver</thingDef>
        <countRange>2000~4000</countRange>
      </li>
      <li Class="StockGenerator_SingleDef">
        <thingDef>ComponentIndustrial</thingDef>
        <countRange>15~30</countRange>
      </li>
      <li Class="StockGenerator_SingleDef">
        <thingDef>ComponentSpacer</thingDef>
        <countRange>1~2</countRange>
      </li>
      <li Class="StockGenerator_SingleDef">
        <thingDef>Steel</thingDef>
        <countRange>500~800</countRange>
      </li>
      <li Class="StockGenerator_SingleDef">
        <thingDef>WoodLog</thingDef>
        <countRange>500~800</countRange>
      </li>
      <li Class="StockGenerator_SingleDef">
        <thingDef>Plasteel</thingDef>
        <countRange>100~400</countRange>
      </li>
      <li Class="StockGenerator_SingleDef">
        <thingDef>Cloth</thingDef>
        <countRange>200~600</countRange>
      </li>
      <li Class="StockGenerator_SingleDef">
        <thingDef>MedicineIndustrial</thingDef>
        <countRange>20~30</countRange>
      </li>
      <li Class="StockGenerator_SingleDef">
        <thingDef>Gold</thingDef>
        <countRange>50~200</countRange>
      </li>
      <li Class="StockGenerator_SingleDef">
        <thingDef>Neutroamine</thingDef>
        <countRange>100~200</countRange>
      </li>
      <li Class="StockGenerator_SingleDef">
        <thingDef>Chemfuel</thingDef>
        <countRange>200~600</countRange>
      </li>
      <li Class="StockGenerator_SingleDef">
        <thingDef>Chocolate</thingDef>
        <totalPriceRange>-70~100</totalPriceRange>
      </li>
      <li Class="StockGenerator_SingleDef">
        <thingDef>Beer</thingDef>
        <totalPriceRange>-70~200</totalPriceRange>
      </li>
      <li Class="StockGenerator_Category">
        <categoryDef>Textiles</categoryDef>
        <thingDefCountRange>1~2</thingDefCountRange>
        <totalPriceRange>2200~4000</totalPriceRange>
      </li>
      <li Class="StockGenerator_Category">
        <categoryDef>ResourcesRaw</categoryDef>
        <excludedThingDefs>
          <li>Silver</li>
        </excludedThingDefs>
        <thingDefCountRange>2~4</thingDefCountRange>
        <totalPriceRange>800~1500</totalPriceRange>
      </li>
      <li Class="StockGenerator_Category">
        <categoryDef>FoodRaw</categoryDef>
        <excludedCategories>
          <li>EggsFertilized</li>
        </excludedCategories>
        <thingDefCountRange>2~4</thingDefCountRange>
        <totalPriceRange>800~1500</totalPriceRange>
      </li>
      <li Class="StockGenerator_Category">
        <categoryDef>FoodMeals</categoryDef>
        <thingDefCountRange>1~2</thingDefCountRange>
        <countRange>15~30</countRange>
      </li>
      <li Class="StockGenerator_MultiDef">
        <thingDefs>
          <li>Kibble</li>
          <li>Chocolate</li>
          <li>Pemmican</li>
        </thingDefs>
      </li>
      
      <!-- Drugs -->
      <li Class="StockGenerator_Category">
        <categoryDef>Drugs</categoryDef>
        <thingDefCountRange>2~4</thingDefCountRange>
        <totalPriceRange>1000~2000</totalPriceRange>
      </li>
      
      <!-- Techprints -->
      <!-- none -->
      
      <!-- Weapons -->
      <!-- none -->
      
      <!-- Apparel -->
      <li Class="StockGenerator_Clothes">
        <countRange>10~20</countRange>
      </li>
      
      <!-- Implants -->
      <!-- none -->
      
      <!-- Buildings -->
      <li Class="StockGenerator_Category">
        <categoryDef>BuildingsFurniture</categoryDef>
        <thingDefCountRange>0~3</thingDefCountRange>
        <countRange>1~2</countRange>
      </li>
      
      <!-- Exotic -->
      <!-- none -->
      
      <!-- Slaves -->
      <!-- none -->
      
      <!-- Animals -->
      <li Class="StockGenerator_Animals">
        <maxWildness>0.70</maxWildness>
        <checkTemperature>false</checkTemperature>
        <tradeTagsSell>
          <li>AnimalFarm</li>
          <li>AnimalPet</li>
        </tradeTagsSell>
        <tradeTagsBuy>
          <li>AnimalExotic</li>
        </tradeTagsBuy>
        <kindCountRange>2~4</kindCountRange>
        <countRange>10~20</countRange>
      </li>
      
      <!-- Buying -->
      <li Class="StockGenerator_BuyExpensiveSimple" />
      <li Class="StockGenerator_BuyTradeTag"><tag>Art</tag></li>
      
    </stockGenerators>
  </TraderKindDef>

  <!--======================================================================================-->

  <TraderKindDef>
    <defName>RRY_Orbital_CombatSupplierYautja</defName>
    <label>combat supplier</label>
    <orbital>true</orbital>
    <stockGenerators>

      <!-- Resources -->
      <li Class="StockGenerator_SingleDef">
        <thingDef>Silver</thingDef>
        <countRange>2000~4000</countRange>
      </li>
      <li Class="StockGenerator_SingleDef">
        <thingDef>ComponentIndustrial</thingDef>
        <countRange>5~10</countRange>
      </li>
      <li Class="StockGenerator_SingleDef">
        <thingDef>MedicineIndustrial</thingDef>
        <countRange>30~50</countRange>
      </li>
      
      <!-- Drugs -->
      <li Class="StockGenerator_Category">
        <categoryDef>Drugs</categoryDef>
      </li>
      
      <!-- Techprints -->
      <li Class="StockGenerator_Techprints">
        <countChances>
          <li>
            <count>1</count>
            <chance>1</chance>
          </li>
        </countChances>
      </li>
      
      <!-- Weapons -->
      <li Class="StockGenerator_WeaponsRanged">
        <countRange>10~14</countRange>
      </li>
      <li Class="StockGenerator_Category">
        <categoryDef>WeaponsMelee</categoryDef>
        <thingDefCountRange>5~6</thingDefCountRange>
        <countRange>2~3</countRange>
      </li>
      <li Class="StockGenerator_Tag">
        <tradeTag>MortarShell</tradeTag>
        <thingDefCountRange>1~2</thingDefCountRange>
        <countRange>20~40</countRange>
      </li>
      
      <!-- Apparel -->
      <li Class="StockGenerator_Armor">
        <countRange>8~10</countRange>
      </li>
      
      <!-- Implants -->
      <!-- none -->
      
      <!-- Buildings -->
      <!-- none -->
      
      <!-- Exotic -->
      <!-- none -->
      
      <!-- Slaves -->
      <!-- none -->
      
      <!-- Animals -->
      <!-- none -->
      
      <!-- Buying -->
      <li Class="StockGenerator_BuyExpensiveSimple" />
      <li Class="StockGenerator_BuyTradeTag"><tag>Art</tag></li>

    </stockGenerators>
  </TraderKindDef>

  <!--======================================================================================-->

  <TraderKindDef>
    <defName>RRY_Orbital_ExoticYautja</defName>
    <label>exotic goods trader</label>
    <orbital>true</orbital>
    <stockGenerators>

      <!-- Resources -->
      <li Class="StockGenerator_SingleDef">
        <thingDef>Silver</thingDef>
        <countRange>2000~4000</countRange>
      </li>
      <li Class="StockGenerator_SingleDef">
        <thingDef>ComponentIndustrial</thingDef>
        <countRange>5~30</countRange>
      </li>
      <li Class="StockGenerator_SingleDef">
        <thingDef>ComponentSpacer</thingDef>
        <countRange>3~8</countRange>
      </li>
      <li Class="StockGenerator_SingleDef">
        <thingDef>Gold</thingDef>
        <countRange>200~400</countRange>
      </li>
      <li Class="StockGenerator_SingleDef">
        <thingDef>Plasteel</thingDef>
        <countRange>100~400</countRange>
      </li>
      <li Class="StockGenerator_SingleDef">
        <thingDef>MedicineUltratech</thingDef>
        <countRange>5~30</countRange>
      </li>
      <li Class="StockGenerator_SingleDef">
        <thingDef>Neutroamine</thingDef>
        <countRange>100~500</countRange>
      </li>
      <li Class="StockGenerator_MultiDef">
        <thingDefs>
          <li>Chocolate</li>
        </thingDefs>
      </li>
      
      <!-- Drugs -->
      <li Class="StockGenerator_Category">
        <categoryDef>Drugs</categoryDef>
        <thingDefCountRange>3~4</thingDefCountRange>
        <totalPriceRange>2000~3000</totalPriceRange>
      </li>
      
      <!-- Techprints -->
      <li Class="StockGenerator_Techprints">
        <countChances>
          <li>
            <count>3</count>
            <chance>1</chance>
          </li>
        </countChances>
      </li>
      
      <!-- Weapons -->
      <!-- none -->
      
      <!-- Apparel -->
      <!-- none -->
      
      <!-- Implants -->
      <li Class="StockGenerator_Tag">
        <tradeTag>TechHediff</tradeTag>
        <thingDefCountRange>3~5</thingDefCountRange>
        <countRange>1~1</countRange>
      </li>
      
      <!-- Buildings -->
      <li Class="StockGenerator_Tag">
        <tradeTag>Television</tradeTag>
        <thingDefCountRange>1~3</thingDefCountRange>
        <countRange>1~1</countRange>
      </li>
      <li Class="StockGenerator_SingleDef">
        <thingDef>Telescope</thingDef>
        <countRange>1~1</countRange>
      </li>
      <li Class="StockGenerator_Art">
        <countRange>4~8</countRange>
      </li>
      
      <!-- Exotic -->
      <li Class="StockGenerator_Tag">
        <tradeTag>ExoticMisc</tradeTag>
        <thingDefCountRange>3~5</thingDefCountRange>
        <countRange>1~2</countRange>
        <excludedThingDefs>
          <li>Luciferium</li> <!-- already handled by drugs -->
          <li>MedicineUltratech</li> <!-- already handled by single def -->
          <li>ComponentSpacer</li> <!-- already handled by single def -->
        </excludedThingDefs>
        <customCountRanges>
          <Hyperweave>50~200</Hyperweave>
        </customCountRanges>
      </li>
      <li Class="StockGenerator_Tag">
        <tradeTag>Artifact</tradeTag>
        <thingDefCountRange>2~4</thingDefCountRange>
        <countRange>1~1</countRange>
      </li>
      
      <!-- Slaves -->
      <!-- none -->
      
      <!-- Animals -->
      <li Class="StockGenerator_Animals">
        <checkTemperature>false</checkTemperature>
        <tradeTagsSell>
          <li>AnimalUncommon</li>
          <li>AnimalFighter</li>
        </tradeTagsSell>
        <tradeTagsBuy>
          <li>AnimalExotic</li>
        </tradeTagsBuy>
        <kindCountRange>1~2</kindCountRange>
        <countRange>2~3</countRange>
      </li>
      
      <!-- Buying -->
      <li Class="StockGenerator_BuyExpensiveSimple" />
      <li Class="StockGenerator_BuyTradeTag"><tag>Art</tag></li>
      <li Class="StockGenerator_BuyTradeTag"><tag>ImplantEmpireCommon</tag></li>
      <li Class="StockGenerator_BuyTradeTag"><tag>ImplantEmpireRoyal</tag></li>
      <li Class="StockGenerator_BuyTradeTag"><tag>ExoticBuilding</tag></li>
      
    </stockGenerators>
  </TraderKindDef>

  <!--======================================================================================-->

  <TraderKindDef>
    <defName>RRY_Orbital_PirateMerchantYautja</defName>
    <label>slave ship</label>
    <orbital>true</orbital>
    <requestable>false</requestable>
    <commonalityMultFromPopulationIntent>
      <points>
        <li>(0.2, 0)</li>
        <li>(1,   1)</li>
        <li>(2,   3)</li>
      </points>
    </commonalityMultFromPopulationIntent>
    <stockGenerators>

      <!-- Resources -->
      <li Class="StockGenerator_SingleDef">
        <thingDef>Silver</thingDef>
        <countRange>2000~4000</countRange>
      </li>
      <li Class="StockGenerator_SingleDef">
        <thingDef>ComponentIndustrial</thingDef>
        <countRange>5~10</countRange>
      </li>
      <li Class="StockGenerator_SingleDef">
        <thingDef>Beer</thingDef>
        <totalPriceRange>-300~300</totalPriceRange>
      </li>
      <li Class="StockGenerator_SingleDef">
        <thingDef>MedicineIndustrial</thingDef>
        <countRange>5~15</countRange>
      </li>
      <li Class="StockGenerator_SingleDef">
        <thingDef>Neutroamine</thingDef>
        <countRange>100~400</countRange>
      </li>
      <li Class="StockGenerator_SingleDef">
        <thingDef>Chemfuel</thingDef>
        <countRange>50~200</countRange>
      </li>
      <li Class="StockGenerator_SingleDef">
        <thingDef>Chocolate</thingDef>
        <countRange>50~200</countRange>
      </li>
      
      <!-- Drugs -->
      <li Class="StockGenerator_Category">
        <categoryDef>Drugs</categoryDef>
        <thingDefCountRange>3~6</thingDefCountRange>
        <totalPriceRange>2000~3000</totalPriceRange>
      </li>
      
      <!-- Techprints -->
      <!-- none -->
      
      <!-- Weapons -->
      <li Class="StockGenerator_WeaponsRanged">
        <countRange>-1~2</countRange>
      </li>
      
      <!-- Apparel -->
      <li Class="StockGenerator_Armor">
        <countRange>-2~2</countRange>
      </li>
      
      <!-- Implants -->
      <li Class="StockGenerator_Tag">
        <tradeTag>TechHediff</tradeTag>
        <thingDefCountRange>-4~5</thingDefCountRange>
        <countRange>1~1</countRange>
      </li>
      
      <!-- Buildings -->
      <!-- none -->
      
      <!-- Exotic -->
      <li Class="StockGenerator_Tag">
        <tradeTag>Artifact</tradeTag>
        <thingDefCountRange>-5~1</thingDefCountRange>
        <countRange>1~1</countRange>
      </li>
      
      <!-- Slaves -->
      <li Class="StockGenerator_Slaves">
        <countRange>2~4</countRange>
      </li>
      
      <!-- Animals -->
      <li Class="StockGenerator_Animals">
        <checkTemperature>false</checkTemperature>
        <tradeTagsSell>
          <li>AnimalFighter</li>
        </tradeTagsSell>
        <tradeTagsBuy>
          <li>AnimalUncommon</li>
          <li>AnimalExotic</li>
        </tradeTagsBuy>
        <kindCountRange>1~2</kindCountRange>
        <countRange>1~3</countRange>
      </li>
      
      <!-- Buying -->
      <li Class="StockGenerator_BuyExpensiveSimple" />
      <li Class="StockGenerator_BuyTradeTag"><tag>Art</tag></li>
      <li Class="StockGenerator_BuyTradeTag"><tag>ImplantEmpireCommon</tag></li>
      <li Class="StockGenerator_BuyTradeTag"><tag>ImplantEmpireRoyal</tag></li>
      
    </stockGenerators>
  </TraderKindDef>

</Defs>
